protIsotype;fragment;substrate;name;Proteasome
20S immuno;SRQLRTKAWNR;VSRQLRTKAWNRQLYPEWTEAQR;P40967-2|PMEL[35-57];
20S immuno;SRQLRTKAW;VSRQLRTKAWNRQLYPEWTEAQR;P40967-2|PMEL[35-57];
20S immuno;RTKAWNRQL;VSRQLRTKAWNRQLYPEWTEAQR;P40967-2|PMEL[35-57];
20S immuno;VSRQLRTKAWNRQL;VSRQLRTKAWNRQLYPEWTEAQR;P40967-2|PMEL[35-57];
20S immuno;RTKAWNRQLYPEW;VSRQLRTKAWNRQLYPEWTEAQR;P40967-2|PMEL[35-57];
20S immuno;YPEWTEA;VSRQLRTKAWNRQLYPEWTEAQR;P40967-2|PMEL[35-57];
20S immuno;VSRQLRTKAW;VSRQLRTKAWNRQLYPEWTEAQR;P40967-2|PMEL[35-57];
20S immuno;KAWNRQLY;VSRQLRTKAWNRQLYPEWTEAQR;P40967-2|PMEL[35-57];
20S immuno;RTKAWNRQLY;VSRQLRTKAWNRQLYPEWTEAQR;P40967-2|PMEL[35-57];
20S immuno;KAWNRQLYPEWTEA;VSRQLRTKAWNRQLYPEWTEAQR;P40967-2|PMEL[35-57];
20S immuno;VSRQLRTKAWNR;VSRQLRTKAWNRQLYPEWTEAQR;P40967-2|PMEL[35-57];
20S immuno;QLYPEW;VSRQLRTKAWNRQLYPEWTEAQR;P40967-2|PMEL[35-57];
20S immuno;WNRQLYPEWTEA;VSRQLRTKAWNRQLYPEWTEAQR;P40967-2|PMEL[35-57];
20S immuno;QLYPEWTEA;VSRQLRTKAWNRQLYPEWTEAQR;P40967-2|PMEL[35-57];
20S immuno;YPEWTEAQR;VSRQLRTKAWNRQLYPEWTEAQR;P40967-2|PMEL[35-57];
20S immuno;RTKAWNRQLYPEWTEA;VSRQLRTKAWNRQLYPEWTEAQR;P40967-2|PMEL[35-57];
20S immuno;AWNRQLYPEWTEA;VSRQLRTKAWNRQLYPEWTEAQR;P40967-2|PMEL[35-57];
20S immuno;NRQLYPEW;VSRQLRTKAWNRQLYPEWTEAQR;P40967-2|PMEL[35-57];
20S immuno;KAWNR;VSRQLRTKAWNRQLYPEWTEAQR;P40967-2|PMEL[35-57];
20S immuno;WNRQLYPEW;VSRQLRTKAWNRQLYPEWTEAQR;P40967-2|PMEL[35-57];
20S immuno;KAWNRQLYPEW;VSRQLRTKAWNRQLYPEWTEAQR;P40967-2|PMEL[35-57];
20S immuno;SRQLRTKAWNRQLYPEWTEA;VSRQLRTKAWNRQLYPEWTEAQR;P40967-2|PMEL[35-57];
20S immuno;LRTKAWNRQLYPEWTEA;VSRQLRTKAWNRQLYPEWTEAQR;P40967-2|PMEL[35-57];
20S immuno;AWNRQLYPEW;VSRQLRTKAWNRQLYPEWTEAQR;P40967-2|PMEL[35-57];
20S immuno;QLRTKAWNR;VSRQLRTKAWNRQLYPEWTEAQR;P40967-2|PMEL[35-57];
20S immuno;VSRQLRTKAWNRQLYPEWTEA;VSRQLRTKAWNRQLYPEWTEAQR;P40967-2|PMEL[35-57];
20S immuno;RTKAWNRQLYPEWTEAQR;VSRQLRTKAWNRQLYPEWTEAQR;P40967-2|PMEL[35-57];
20S immuno;RTKAWNR;VSRQLRTKAWNRQLYPEWTEAQR;P40967-2|PMEL[35-57];
20S immuno;QLRTKAWNRQL;VSRQLRTKAWNRQLYPEWTEAQR;P40967-2|PMEL[35-57];
20S immuno;RTKAWNRQLYPEWT;VSRQLRTKAWNRQLYPEWTEAQR;P40967-2|PMEL[35-57];
20S immuno;VSRQLRTKAWNRQLY;VSRQLRTKAWNRQLYPEWTEAQR;P40967-2|PMEL[35-57];
20S immuno;VSRQLRTKAWNRQ;VSRQLRTKAWNRQLYPEWTEAQR;P40967-2|PMEL[35-57];
20S immuno;TKAWNRQLYPEW;VSRQLRTKAWNRQLYPEWTEAQR;P40967-2|PMEL[35-57];
20S immuno;QLRTKAWNRQ;VSRQLRTKAWNRQLYPEWTEAQR;P40967-2|PMEL[35-57];
20S immuno;AWNRQLY;VSRQLRTKAWNRQLYPEWTEAQR;P40967-2|PMEL[35-57];
20S immuno;TKAWNRQLYPEWTEA;VSRQLRTKAWNRQLYPEWTEAQR;P40967-2|PMEL[35-57];
20S immuno;RTKAWNRQLYPE;VSRQLRTKAWNRQLYPEWTEAQR;P40967-2|PMEL[35-57];
20S immuno;LRTKAWNR;VSRQLRTKAWNRQLYPEWTEAQR;P40967-2|PMEL[35-57];
20S immuno;QLRTKAWNRQLYPEW;VSRQLRTKAWNRQLYPEWTEAQR;P40967-2|PMEL[35-57];
20S immuno;RQLRTKAWNR;VSRQLRTKAWNRQLYPEWTEAQR;P40967-2|PMEL[35-57];
20S immuno;QLRTKAW;VSRQLRTKAWNRQLYPEWTEAQR;P40967-2|PMEL[35-57];
20S immuno;VSRQLRTKAWNRQLYPEW;VSRQLRTKAWNRQLYPEWTEAQR;P40967-2|PMEL[35-57];
20S immuno;QLRTKAWNRQLYPEWTEA;VSRQLRTKAWNRQLYPEWTEAQR;P40967-2|PMEL[35-57];
20S immuno;TTNAFPGEY;LISYTTNAFPGEYIPTVFDNYSANV;P63000-2|RAC1[20-44];
20S immuno;PTVFDNY;LISYTTNAFPGEYIPTVFDNYSANV;P63000-2|RAC1[20-44];
20S immuno;PTVFDNYSA;LISYTTNAFPGEYIPTVFDNYSANV;P63000-2|RAC1[20-44];
20S immuno;TTNAFPGE;LISYTTNAFPGEYIPTVFDNYSANV;P63000-2|RAC1[20-44];
20S immuno;VSQLRAL;AHSSSAFTIMDQVPFSVSVSQLRALDGGNK;P40967-2|PMEL[201-230] T210M;
20S immuno;SVSQLRALDG;AHSSSAFTIMDQVPFSVSVSQLRALDGGNK;P40967-2|PMEL[201-230] T210M;
20S immuno;SVSVSQL;AHSSSAFTIMDQVPFSVSVSQLRALDGGNK;P40967-2|PMEL[201-230] T210M;
20S immuno;QLRALD;AHSSSAFTIMDQVPFSVSVSQLRALDGGNK;P40967-2|PMEL[201-230] T210M;
20S immuno;VSQLRALDGG;AHSSSAFTIMDQVPFSVSVSQLRALDGGNK;P40967-2|PMEL[201-230] T210M;
20S immuno;SQLRALDGG;AHSSSAFTIMDQVPFSVSVSQLRALDGGNK;P40967-2|PMEL[201-230] T210M;
20S immuno;VSQLRALD;AHSSSAFTIMDQVPFSVSVSQLRALDGGNK;P40967-2|PMEL[201-230] T210M;
20S immuno;SVSQLRALDGG;AHSSSAFTIMDQVPFSVSVSQLRALDGGNK;P40967-2|PMEL[201-230] T210M;
20S immuno;SQLRAL;AHSSSAFTIMDQVPFSVSVSQLRALDGGNK;P40967-2|PMEL[201-230] T210M;
20S immuno;SQLRALDG;AHSSSAFTIMDQVPFSVSVSQLRALDGGNK;P40967-2|PMEL[201-230] T210M;
20S immuno;SVSQLRAL;AHSSSAFTIMDQVPFSVSVSQLRALDGGNK;P40967-2|PMEL[201-230] T210M;
20S immuno;SVSVSQLRALDG;AHSSSAFTIMDQVPFSVSVSQLRALDGGNK;P40967-2|PMEL[201-230] T210M;
20S immuno;SVSVSQLRAL;AHSSSAFTIMDQVPFSVSVSQLRALDGGNK;P40967-2|PMEL[201-230] T210M;
20S immuno;PFSVSVS;AHSSSAFTIMDQVPFSVSVSQLRALDGGNK;P40967-2|PMEL[201-230] T210M;
20S immuno;FSVSVSQLRA;AHSSSAFTIMDQVPFSVSVSQLRALDGGNK;P40967-2|PMEL[201-230] T210M;
20S immuno;SVSVSQLRALDGGN;AHSSSAFTIMDQVPFSVSVSQLRALDGGNK;P40967-2|PMEL[201-230] T210M;
20S immuno;SQLRALDGGN;AHSSSAFTIMDQVPFSVSVSQLRALDGGNK;P40967-2|PMEL[201-230] T210M;
20S immuno;SVSVSQLRALD;AHSSSAFTIMDQVPFSVSVSQLRALDGGNK;P40967-2|PMEL[201-230] T210M;
20S immuno;PFSVSVSQLRA;AHSSSAFTIMDQVPFSVSVSQLRALDGGNK;P40967-2|PMEL[201-230] T210M;
20S immuno;PFSVSVSQLRAL;AHSSSAFTIMDQVPFSVSVSQLRALDGGNK;P40967-2|PMEL[201-230] T210M;
20S immuno;QVPFSVSVSQLRALD;AHSSSAFTIMDQVPFSVSVSQLRALDGGNK;P40967-2|PMEL[201-230] T210M;
20S immuno;PFSVSVSQLRALD;AHSSSAFTIMDQVPFSVSVSQLRALDGGNK;P40967-2|PMEL[201-230] T210M;
20S immuno;MDQVPFSV;AHSSSAFTIMDQVPFSVSVSQLRALDGGNK;P40967-2|PMEL[201-230] T210M;
20S immuno;VSVSQLRAL;AHSSSAFTIMDQVPFSVSVSQLRALDGGNK;P40967-2|PMEL[201-230] T210M;
20S immuno;PFSVSVSQL;AHSSSAFTIMDQVPFSVSVSQLRALDGGNK;P40967-2|PMEL[201-230] T210M;
20S immuno;MDQVPFSVSVSQL;AHSSSAFTIMDQVPFSVSVSQLRALDGGNK;P40967-2|PMEL[201-230] T210M;
20S immuno;SQLRALD;AHSSSAFTIMDQVPFSVSVSQLRALDGGNK;P40967-2|PMEL[201-230] T210M;
20S immuno;DQVPFSVSV;AHSSSAFTIMDQVPFSVSVSQLRALDGGNK;P40967-2|PMEL[201-230] T210M;
20S immuno;SVSQLRALD;AHSSSAFTIMDQVPFSVSVSQLRALDGGNK;P40967-2|PMEL[201-230] T210M;
20S immuno;MDQVPFSVSVSQLRALDGGNK;AHSSSAFTIMDQVPFSVSVSQLRALDGGNK;P40967-2|PMEL[201-230] T210M;
20S immuno;VSQLRALDG;AHSSSAFTIMDQVPFSVSVSQLRALDGGNK;P40967-2|PMEL[201-230] T210M;
20S immuno;VPFSV;AHSSSAFTIMDQVPFSVSVSQLRALDGGNK;P40967-2|PMEL[201-230] T210M;
20S immuno;VSVSQLRALDGG;AHSSSAFTIMDQVPFSVSVSQLRALDGGNK;P40967-2|PMEL[201-230] T210M;
20S immuno;PFSVSVSQLR;AHSSSAFTIMDQVPFSVSVSQLRALDGGNK;P40967-2|PMEL[201-230] T210M;
20S immuno;SVSVSQLRALDGG;AHSSSAFTIMDQVPFSVSVSQLRALDGGNK;P40967-2|PMEL[201-230] T210M;
20S immuno;MDQVPFSVSVSQLRAL;AHSSSAFTIMDQVPFSVSVSQLRALDGGNK;P40967-2|PMEL[201-230] T210M;
20S immuno;DQVPFSVSVSQLRAL;AHSSSAFTIMDQVPFSVSVSQLRALDGGNK;P40967-2|PMEL[201-230] T210M;
20S immuno;DQVPFSVSVSQLRALDGGNK;AHSSSAFTIMDQVPFSVSVSQLRALDGGNK;P40967-2|PMEL[201-230] T210M;
20S immuno;RTKAW;RTKAWNRQLYPEW;P40967-2|PMEL[40-52];
20S immuno;WNRQLY;RTKAWNRQLYPEW;P40967-2|PMEL[40-52];
20S immuno;AWNRQLY;RTKAWNRQLYPEW;P40967-2|PMEL[40-52];
20S immuno;KAWNRQLY;RTKAWNRQLYPEW;P40967-2|PMEL[40-52];
20S immuno;WNRQLYPE;RTKAWNRQLYPEW;P40967-2|PMEL[40-52];
20S immuno;RTKAWNR;RTKAWNRQLYPEW;P40967-2|PMEL[40-52];
20S immuno;AWNRQL;RTKAWNRQLYPEW;P40967-2|PMEL[40-52];
;FVNQHLCGSHL;FVNQHLCGSHLVEALYLVCGERGFFYTPKT;INSULIN-B-CHAIN_I;I
;VEALYLVCGERGFFYTPKT;FVNQHLCGSHLVEALYLVCGERGFFYTPKT;INSULIN-B-CHAIN_I;I
;FVNQHLCGSHLVE;FVNQHLCGSHLVEALYLVCGERGFFYTPKT;INSULIN-B-CHAIN_I;I
;ALYLVCGERGFFYTPKT;FVNQHLCGSHLVEALYLVCGERGFFYTPKT;INSULIN-B-CHAIN_I;I
;FVNQHLCGSHLVEAL;FVNQHLCGSHLVEALYLVCGERGFFYTPKT;INSULIN-B-CHAIN_I;I
;YLVCGERGFFYTPKT;FVNQHLCGSHLVEALYLVCGERGFFYTPKT;INSULIN-B-CHAIN_I;I
;LCGSHLVEALY;FVNQHLCGSHLVEALYLVCGERGFFYTPKT;INSULIN-B-CHAIN_I;I
;SHLVEALYL;FVNQHLCGSHLVEALYLVCGERGFFYTPKT;INSULIN-B-CHAIN_I;I
;GSHLVEALYL;FVNQHLCGSHLVEALYLVCGERGFFYTPKT;INSULIN-B-CHAIN_I;I
;CGSHLVEALYL;FVNQHLCGSHLVEALYLVCGERGFFYTPKT;INSULIN-B-CHAIN_I;I
;LCGSHLVEALYL;FVNQHLCGSHLVEALYLVCGERGFFYTPKT;INSULIN-B-CHAIN_I;I
;HLCGSHLVEALYL;FVNQHLCGSHLVEALYLVCGERGFFYTPKT;INSULIN-B-CHAIN_I;I
;FVNQHLCGSHLVEALYL;FVNQHLCGSHLVEALYLVCGERGFFYTPKT;INSULIN-B-CHAIN_I;I
;VCGERGFFYTPKT;FVNQHLCGSHLVEALYLVCGERGFFYTPKT;INSULIN-B-CHAIN_I;I
;SHLVEALYLV;FVNQHLCGSHLVEALYLVCGERGFFYTPKT;INSULIN-B-CHAIN_I;I
;GSHLVEALYLV;FVNQHLCGSHLVEALYLVCGERGFFYTPKT;INSULIN-B-CHAIN_I;I
;HLCGSHLVEALYLV;FVNQHLCGSHLVEALYLVCGERGFFYTPKT;INSULIN-B-CHAIN_I;I
;FVNQHLCGSHLVEALYLV;FVNQHLCGSHLVEALYLVCGERGFFYTPKT;INSULIN-B-CHAIN_I;I
;CGERGFFYTPKT;FVNQHLCGSHLVEALYLVCGERGFFYTPKT;INSULIN-B-CHAIN_I;I
;LCGSHLVEALYLVC;FVNQHLCGSHLVEALYLVCGERGFFYTPKT;INSULIN-B-CHAIN_I;I
;FVNQHLCGSHLVEALYLVC;FVNQHLCGSHLVEALYLVCGERGFFYTPKT;INSULIN-B-CHAIN_I;I
;GERGFFYTPKT;FVNQHLCGSHLVEALYLVCGERGFFYTPKT;INSULIN-B-CHAIN_I;I
;HLVEALYLVCG;FVNQHLCGSHLVEALYLVCGERGFFYTPKT;INSULIN-B-CHAIN_I;I
;LVEALYLVCGE;FVNQHLCGSHLVEALYLVCGERGFFYTPKT;INSULIN-B-CHAIN_I;I
;VEALYLVCGERGFFY;FVNQHLCGSHLVEALYLVCGERGFFYTPKT;INSULIN-B-CHAIN_I;I
;LCGSHLVEALYLVCGERGFFYTPK;FVNQHLCGSHLVEALYLVCGERGFFYTPKT;INSULIN-B-CHAIN_I;I
;ERGFFYTPKT;FVNQHLCGSHLVEALYLVCGERGFFYTPKT;INSULIN-B-CHAIN_I;I
;LYLVCGERGFFYTPKT;FVNQHLCGSHLVEALYLVCGERGFFYTPKT;INSULIN-B-CHAIN_I;I
;EALYLVCGERGFFYTPKT;FVNQHLCGSHLVEALYLVCGERGFFYTPKT;INSULIN-B-CHAIN_I;I
;CGSHLVEALYLVCGERGFFYTPKT;FVNQHLCGSHLVEALYLVCGERGFFYTPKT;INSULIN-B-CHAIN_I;I
;TGSTAVPYGSF;TGSTAVPYGSFKHVDTRLQ;RU1;I
;TGSTAVPYGSFKHVDTRL;TGSTAVPYGSFKHVDTRLQ;RU1;I
;TGSTAVPYGSFKH;TGSTAVPYGSFKHVDTRLQ;RU1;I
;KHVDTRLQ;TGSTAVPYGSFKHVDTRLQ;RU1;I
;TETDIKIMERVVEQMCITQYQRESQAYYQRGAS;SKKRPKPGGGWNTGGSRYPGQGSPGGNRYPPQGGGGWGQPHGGGWGQPHGGGWGQPHGGGWGQPHGGGGWGQGGSHSQWNKPSKPKTNMKHVAGAAAAGAVVGGLGGYMLGSVMSRPLIHFGNDYEDRYYRENMYRYPNQVYYRPVDQYSNQNNFVHDCVNITVKQHTVTTTTKGENFTETDIKIMERVVEQMCITQYQRESQAYYQRGAS;PRP;I
;TTKGEN;SKKRPKPGGGWNTGGSRYPGQGSPGGNRYPPQGGGGWGQPHGGGWGQPHGGGWGQPHGGGWGQPHGGGGWGQGGSHSQWNKPSKPKTNMKHVAGAAAAGAVVGGLGGYMLGSVMSRPLIHFGNDYEDRYYRENMYRYPNQVYYRPVDQYSNQNNFVHDCVNITVKQHTVTTTTKGENFTETDIKIMERVVEQMCITQYQRESQAYYQRGAS;PRP;I
;HDCVNITVKQHTVTTTTKGENFTETDIKIMERVVEQMCITQYQRE;SKKRPKPGGGWNTGGSRYPGQGSPGGNRYPPQGGGGWGQPHGGGWGQPHGGGWGQPHGGGWGQPHGGGGWGQGGSHSQWNKPSKPKTNMKHVAGAAAAGAVVGGLGGYMLGSVMSRPLIHFGNDYEDRYYRENMYRYPNQVYYRPVDQYSNQNNFVHDCVNITVKQHTVTTTTKGENFTETDIKIMERVVEQMCITQYQRESQAYYQRGAS;PRP;I
;HDCVNITVKQHTVTTTTKGENF;SKKRPKPGGGWNTGGSRYPGQGSPGGNRYPPQGGGGWGQPHGGGWGQPHGGGWGQPHGGGWGQPHGGGGWGQGGSHSQWNKPSKPKTNMKHVAGAAAAGAVVGGLGGYMLGSVMSRPLIHFGNDYEDRYYRENMYRYPNQVYYRPVDQYSNQNNFVHDCVNITVKQHTVTTTTKGENFTETDIKIMERVVEQMCITQYQRESQAYYQRGAS;PRP;I
;SNQNNFVHDCVNITVKQHTVTTTTKGENFTETDIKIMERVVEQMCITQYQ;SKKRPKPGGGWNTGGSRYPGQGSPGGNRYPPQGGGGWGQPHGGGWGQPHGGGWGQPHGGGWGQPHGGGGWGQGGSHSQWNKPSKPKTNMKHVAGAAAAGAVVGGLGGYMLGSVMSRPLIHFGNDYEDRYYRENMYRYPNQVYYRPVDQYSNQNNFVHDCVNITVKQHTVTTTTKGENFTETDIKIMERVVEQMCITQYQRESQAYYQRGAS;PRP;I
;SNQNNFVHDCVNITVKQHTVTTTTKGENFTETDIKIME;SKKRPKPGGGWNTGGSRYPGQGSPGGNRYPPQGGGGWGQPHGGGWGQPHGGGWGQPHGGGWGQPHGGGGWGQGGSHSQWNKPSKPKTNMKHVAGAAAAGAVVGGLGGYMLGSVMSRPLIHFGNDYEDRYYRENMYRYPNQVYYRPVDQYSNQNNFVHDCVNITVKQHTVTTTTKGENFTETDIKIMERVVEQMCITQYQRESQAYYQRGAS;PRP;I
;SNQNNFVHDCVNITVKQHTVTTTTKGENFTE;SKKRPKPGGGWNTGGSRYPGQGSPGGNRYPPQGGGGWGQPHGGGWGQPHGGGWGQPHGGGWGQPHGGGGWGQGGSHSQWNKPSKPKTNMKHVAGAAAAGAVVGGLGGYMLGSVMSRPLIHFGNDYEDRYYRENMYRYPNQVYYRPVDQYSNQNNFVHDCVNITVKQHTVTTTTKGENFTETDIKIMERVVEQMCITQYQRESQAYYQRGAS;PRP;I
;SNQNNFVHDCVNITVKQH;SKKRPKPGGGWNTGGSRYPGQGSPGGNRYPPQGGGGWGQPHGGGWGQPHGGGWGQPHGGGWGQPHGGGGWGQGGSHSQWNKPSKPKTNMKHVAGAAAAGAVVGGLGGYMLGSVMSRPLIHFGNDYEDRYYRENMYRYPNQVYYRPVDQYSNQNNFVHDCVNITVKQHTVTTTTKGENFTETDIKIMERVVEQMCITQYQRESQAYYQRGAS;PRP;I
;SNQNNFVHD;SKKRPKPGGGWNTGGSRYPGQGSPGGNRYPPQGGGGWGQPHGGGWGQPHGGGWGQPHGGGWGQPHGGGGWGQGGSHSQWNKPSKPKTNMKHVAGAAAAGAVVGGLGGYMLGSVMSRPLIHFGNDYEDRYYRENMYRYPNQVYYRPVDQYSNQNNFVHDCVNITVKQHTVTTTTKGENFTETDIKIMERVVEQMCITQYQRESQAYYQRGAS;PRP;I
;RPVDQY;SKKRPKPGGGWNTGGSRYPGQGSPGGNRYPPQGGGGWGQPHGGGWGQPHGGGWGQPHGGGWGQPHGGGGWGQGGSHSQWNKPSKPKTNMKHVAGAAAAGAVVGGLGGYMLGSVMSRPLIHFGNDYEDRYYRENMYRYPNQVYYRPVDQYSNQNNFVHDCVNITVKQHTVTTTTKGENFTETDIKIMERVVEQMCITQYQRESQAYYQRGAS;PRP;I
;YRPVDQY;SKKRPKPGGGWNTGGSRYPGQGSPGGNRYPPQGGGGWGQPHGGGWGQPHGGGWGQPHGGGWGQPHGGGGWGQGGSHSQWNKPSKPKTNMKHVAGAAAAGAVVGGLGGYMLGSVMSRPLIHFGNDYEDRYYRENMYRYPNQVYYRPVDQYSNQNNFVHDCVNITVKQHTVTTTTKGENFTETDIKIMERVVEQMCITQYQRESQAYYQRGAS;PRP;I
;YYRPVDQY;SKKRPKPGGGWNTGGSRYPGQGSPGGNRYPPQGGGGWGQPHGGGWGQPHGGGWGQPHGGGWGQPHGGGGWGQGGSHSQWNKPSKPKTNMKHVAGAAAAGAVVGGLGGYMLGSVMSRPLIHFGNDYEDRYYRENMYRYPNQVYYRPVDQYSNQNNFVHDCVNITVKQHTVTTTTKGENFTETDIKIMERVVEQMCITQYQRESQAYYQRGAS;PRP;I
;PNQVYYRPVDQY;SKKRPKPGGGWNTGGSRYPGQGSPGGNRYPPQGGGGWGQPHGGGWGQPHGGGWGQPHGGGWGQPHGGGGWGQGGSHSQWNKPSKPKTNMKHVAGAAAAGAVVGGLGGYMLGSVMSRPLIHFGNDYEDRYYRENMYRYPNQVYYRPVDQYSNQNNFVHDCVNITVKQHTVTTTTKGENFTETDIKIMERVVEQMCITQYQRESQAYYQRGAS;PRP;I
;RYPNQVYYRPVDQY;SKKRPKPGGGWNTGGSRYPGQGSPGGNRYPPQGGGGWGQPHGGGWGQPHGGGWGQPHGGGWGQPHGGGGWGQGGSHSQWNKPSKPKTNMKHVAGAAAAGAVVGGLGGYMLGSVMSRPLIHFGNDYEDRYYRENMYRYPNQVYYRPVDQYSNQNNFVHDCVNITVKQHTVTTTTKGENFTETDIKIMERVVEQMCITQYQRESQAYYQRGAS;PRP;I
;YRYPNQVYYRPVDQY;SKKRPKPGGGWNTGGSRYPGQGSPGGNRYPPQGGGGWGQPHGGGWGQPHGGGWGQPHGGGWGQPHGGGGWGQGGSHSQWNKPSKPKTNMKHVAGAAAAGAVVGGLGGYMLGSVMSRPLIHFGNDYEDRYYRENMYRYPNQVYYRPVDQYSNQNNFVHDCVNITVKQHTVTTTTKGENFTETDIKIMERVVEQMCITQYQRESQAYYQRGAS;PRP;I
;MYRYPNQVYYRPVDQYSNQNNFVHDCVNIT;SKKRPKPGGGWNTGGSRYPGQGSPGGNRYPPQGGGGWGQPHGGGWGQPHGGGWGQPHGGGWGQPHGGGGWGQGGSHSQWNKPSKPKTNMKHVAGAAAAGAVVGGLGGYMLGSVMSRPLIHFGNDYEDRYYRENMYRYPNQVYYRPVDQYSNQNNFVHDCVNITVKQHTVTTTTKGENFTETDIKIMERVVEQMCITQYQRESQAYYQRGAS;PRP;I
;MYRYPNQVYY;SKKRPKPGGGWNTGGSRYPGQGSPGGNRYPPQGGGGWGQPHGGGWGQPHGGGWGQPHGGGWGQPHGGGGWGQGGSHSQWNKPSKPKTNMKHVAGAAAAGAVVGGLGGYMLGSVMSRPLIHFGNDYEDRYYRENMYRYPNQVYYRPVDQYSNQNNFVHDCVNITVKQHTVTTTTKGENFTETDIKIMERVVEQMCITQYQRESQAYYQRGAS;PRP;I
;RYPNQVYY;SKKRPKPGGGWNTGGSRYPGQGSPGGNRYPPQGGGGWGQPHGGGWGQPHGGGWGQPHGGGWGQPHGGGGWGQGGSHSQWNKPSKPKTNMKHVAGAAAAGAVVGGLGGYMLGSVMSRPLIHFGNDYEDRYYRENMYRYPNQVYYRPVDQYSNQNNFVHDCVNITVKQHTVTTTTKGENFTETDIKIMERVVEQMCITQYQRESQAYYQRGAS;PRP;I
;RYPNQV;SKKRPKPGGGWNTGGSRYPGQGSPGGNRYPPQGGGGWGQPHGGGWGQPHGGGWGQPHGGGWGQPHGGGGWGQGGSHSQWNKPSKPKTNMKHVAGAAAAGAVVGGLGGYMLGSVMSRPLIHFGNDYEDRYYRENMYRYPNQVYYRPVDQYSNQNNFVHDCVNITVKQHTVTTTTKGENFTETDIKIMERVVEQMCITQYQRESQAYYQRGAS;PRP;I
;RYPNQVY;SKKRPKPGGGWNTGGSRYPGQGSPGGNRYPPQGGGGWGQPHGGGWGQPHGGGWGQPHGGGWGQPHGGGGWGQGGSHSQWNKPSKPKTNMKHVAGAAAAGAVVGGLGGYMLGSVMSRPLIHFGNDYEDRYYRENMYRYPNQVYYRPVDQYSNQNNFVHDCVNITVKQHTVTTTTKGENFTETDIKIMERVVEQMCITQYQRESQAYYQRGAS;PRP;I
;YRYPNQVYYR;SKKRPKPGGGWNTGGSRYPGQGSPGGNRYPPQGGGGWGQPHGGGWGQPHGGGWGQPHGGGWGQPHGGGGWGQGGSHSQWNKPSKPKTNMKHVAGAAAAGAVVGGLGGYMLGSVMSRPLIHFGNDYEDRYYRENMYRYPNQVYYRPVDQYSNQNNFVHDCVNITVKQHTVTTTTKGENFTETDIKIMERVVEQMCITQYQRESQAYYQRGAS;PRP;I
;MYRYPNQVY;SKKRPKPGGGWNTGGSRYPGQGSPGGNRYPPQGGGGWGQPHGGGWGQPHGGGWGQPHGGGWGQPHGGGGWGQGGSHSQWNKPSKPKTNMKHVAGAAAAGAVVGGLGGYMLGSVMSRPLIHFGNDYEDRYYRENMYRYPNQVYYRPVDQYSNQNNFVHDCVNITVKQHTVTTTTKGENFTETDIKIMERVVEQMCITQYQRESQAYYQRGAS;PRP;I
;MYRY;SKKRPKPGGGWNTGGSRYPGQGSPGGNRYPPQGGGGWGQPHGGGWGQPHGGGWGQPHGGGWGQPHGGGGWGQGGSHSQWNKPSKPKTNMKHVAGAAAAGAVVGGLGGYMLGSVMSRPLIHFGNDYEDRYYRENMYRYPNQVYYRPVDQYSNQNNFVHDCVNITVKQHTVTTTTKGENFTETDIKIMERVVEQMCITQYQRESQAYYQRGAS;PRP;I
;EDRYYRENMY;SKKRPKPGGGWNTGGSRYPGQGSPGGNRYPPQGGGGWGQPHGGGWGQPHGGGWGQPHGGGWGQPHGGGGWGQGGSHSQWNKPSKPKTNMKHVAGAAAAGAVVGGLGGYMLGSVMSRPLIHFGNDYEDRYYRENMYRYPNQVYYRPVDQYSNQNNFVHDCVNITVKQHTVTTTTKGENFTETDIKIMERVVEQMCITQYQRESQAYYQRGAS;PRP;I
;YEDRYYRENMYR;SKKRPKPGGGWNTGGSRYPGQGSPGGNRYPPQGGGGWGQPHGGGWGQPHGGGWGQPHGGGWGQPHGGGGWGQGGSHSQWNKPSKPKTNMKHVAGAAAAGAVVGGLGGYMLGSVMSRPLIHFGNDYEDRYYRENMYRYPNQVYYRPVDQYSNQNNFVHDCVNITVKQHTVTTTTKGENFTETDIKIMERVVEQMCITQYQRESQAYYQRGAS;PRP;I
;GNDYEDRYYRENMYRYPNQVYYRPVDQY;SKKRPKPGGGWNTGGSRYPGQGSPGGNRYPPQGGGGWGQPHGGGWGQPHGGGWGQPHGGGWGQPHGGGGWGQGGSHSQWNKPSKPKTNMKHVAGAAAAGAVVGGLGGYMLGSVMSRPLIHFGNDYEDRYYRENMYRYPNQVYYRPVDQYSNQNNFVHDCVNITVKQHTVTTTTKGENFTETDIKIMERVVEQMCITQYQRESQAYYQRGAS;PRP;I
;GNDYEDRYYRENMYRYPNQVY;SKKRPKPGGGWNTGGSRYPGQGSPGGNRYPPQGGGGWGQPHGGGWGQPHGGGWGQPHGGGWGQPHGGGGWGQGGSHSQWNKPSKPKTNMKHVAGAAAAGAVVGGLGGYMLGSVMSRPLIHFGNDYEDRYYRENMYRYPNQVYYRPVDQYSNQNNFVHDCVNITVKQHTVTTTTKGENFTETDIKIMERVVEQMCITQYQRESQAYYQRGAS;PRP;I
;GNDYEDRYYRENMYRYPNQV;SKKRPKPGGGWNTGGSRYPGQGSPGGNRYPPQGGGGWGQPHGGGWGQPHGGGWGQPHGGGWGQPHGGGGWGQGGSHSQWNKPSKPKTNMKHVAGAAAAGAVVGGLGGYMLGSVMSRPLIHFGNDYEDRYYRENMYRYPNQVYYRPVDQYSNQNNFVHDCVNITVKQHTVTTTTKGENFTETDIKIMERVVEQMCITQYQRESQAYYQRGAS;PRP;I
;GNDYEDRYYRENMYRY;SKKRPKPGGGWNTGGSRYPGQGSPGGNRYPPQGGGGWGQPHGGGWGQPHGGGWGQPHGGGWGQPHGGGGWGQGGSHSQWNKPSKPKTNMKHVAGAAAAGAVVGGLGGYMLGSVMSRPLIHFGNDYEDRYYRENMYRYPNQVYYRPVDQYSNQNNFVHDCVNITVKQHTVTTTTKGENFTETDIKIMERVVEQMCITQYQRESQAYYQRGAS;PRP;I
;GNDYEDRYYRENMY;SKKRPKPGGGWNTGGSRYPGQGSPGGNRYPPQGGGGWGQPHGGGWGQPHGGGWGQPHGGGWGQPHGGGGWGQGGSHSQWNKPSKPKTNMKHVAGAAAAGAVVGGLGGYMLGSVMSRPLIHFGNDYEDRYYRENMYRYPNQVYYRPVDQYSNQNNFVHDCVNITVKQHTVTTTTKGENFTETDIKIMERVVEQMCITQYQRESQAYYQRGAS;PRP;I
;GNDYEDRYYRENM;SKKRPKPGGGWNTGGSRYPGQGSPGGNRYPPQGGGGWGQPHGGGWGQPHGGGWGQPHGGGWGQPHGGGGWGQGGSHSQWNKPSKPKTNMKHVAGAAAAGAVVGGLGGYMLGSVMSRPLIHFGNDYEDRYYRENMYRYPNQVYYRPVDQYSNQNNFVHDCVNITVKQHTVTTTTKGENFTETDIKIMERVVEQMCITQYQRESQAYYQRGAS;PRP;I
;GNDYEDRYYREN;SKKRPKPGGGWNTGGSRYPGQGSPGGNRYPPQGGGGWGQPHGGGWGQPHGGGWGQPHGGGWGQPHGGGGWGQGGSHSQWNKPSKPKTNMKHVAGAAAAGAVVGGLGGYMLGSVMSRPLIHFGNDYEDRYYRENMYRYPNQVYYRPVDQYSNQNNFVHDCVNITVKQHTVTTTTKGENFTETDIKIMERVVEQMCITQYQRESQAYYQRGAS;PRP;I
;GNDYEDRYY;SKKRPKPGGGWNTGGSRYPGQGSPGGNRYPPQGGGGWGQPHGGGWGQPHGGGWGQPHGGGWGQPHGGGGWGQGGSHSQWNKPSKPKTNMKHVAGAAAAGAVVGGLGGYMLGSVMSRPLIHFGNDYEDRYYRENMYRYPNQVYYRPVDQYSNQNNFVHDCVNITVKQHTVTTTTKGENFTETDIKIMERVVEQMCITQYQRESQAYYQRGAS;PRP;I
;PLIHF;SKKRPKPGGGWNTGGSRYPGQGSPGGNRYPPQGGGGWGQPHGGGWGQPHGGGWGQPHGGGWGQPHGGGGWGQGGSHSQWNKPSKPKTNMKHVAGAAAAGAVVGGLGGYMLGSVMSRPLIHFGNDYEDRYYRENMYRYPNQVYYRPVDQYSNQNNFVHDCVNITVKQHTVTTTTKGENFTETDIKIMERVVEQMCITQYQRESQAYYQRGAS;PRP;I
;SRPLIHF;SKKRPKPGGGWNTGGSRYPGQGSPGGNRYPPQGGGGWGQPHGGGWGQPHGGGWGQPHGGGWGQPHGGGGWGQGGSHSQWNKPSKPKTNMKHVAGAAAAGAVVGGLGGYMLGSVMSRPLIHFGNDYEDRYYRENMYRYPNQVYYRPVDQYSNQNNFVHDCVNITVKQHTVTTTTKGENFTETDIKIMERVVEQMCITQYQRESQAYYQRGAS;PRP;I
;VVGGLGGYMLGSVMSRPLIHF;SKKRPKPGGGWNTGGSRYPGQGSPGGNRYPPQGGGGWGQPHGGGWGQPHGGGWGQPHGGGWGQPHGGGGWGQGGSHSQWNKPSKPKTNMKHVAGAAAAGAVVGGLGGYMLGSVMSRPLIHFGNDYEDRYYRENMYRYPNQVYYRPVDQYSNQNNFVHDCVNITVKQHTVTTTTKGENFTETDIKIMERVVEQMCITQYQRESQAYYQRGAS;PRP;I
;VVGGLG;SKKRPKPGGGWNTGGSRYPGQGSPGGNRYPPQGGGGWGQPHGGGWGQPHGGGWGQPHGGGWGQPHGGGGWGQGGSHSQWNKPSKPKTNMKHVAGAAAAGAVVGGLGGYMLGSVMSRPLIHFGNDYEDRYYRENMYRYPNQVYYRPVDQYSNQNNFVHDCVNITVKQHTVTTTTKGENFTETDIKIMERVVEQMCITQYQRESQAYYQRGAS;PRP;I
;AVVGGLGGYML;SKKRPKPGGGWNTGGSRYPGQGSPGGNRYPPQGGGGWGQPHGGGWGQPHGGGWGQPHGGGWGQPHGGGGWGQGGSHSQWNKPSKPKTNMKHVAGAAAAGAVVGGLGGYMLGSVMSRPLIHFGNDYEDRYYRENMYRYPNQVYYRPVDQYSNQNNFVHDCVNITVKQHTVTTTTKGENFTETDIKIMERVVEQMCITQYQRESQAYYQRGAS;PRP;I
;AVVGGLGGYMLG;SKKRPKPGGGWNTGGSRYPGQGSPGGNRYPPQGGGGWGQPHGGGWGQPHGGGWGQPHGGGWGQPHGGGGWGQGGSHSQWNKPSKPKTNMKHVAGAAAAGAVVGGLGGYMLGSVMSRPLIHFGNDYEDRYYRENMYRYPNQVYYRPVDQYSNQNNFVHDCVNITVKQHTVTTTTKGENFTETDIKIMERVVEQMCITQYQRESQAYYQRGAS;PRP;I
;AGAVVGGLGGYML;SKKRPKPGGGWNTGGSRYPGQGSPGGNRYPPQGGGGWGQPHGGGWGQPHGGGWGQPHGGGWGQPHGGGGWGQGGSHSQWNKPSKPKTNMKHVAGAAAAGAVVGGLGGYMLGSVMSRPLIHFGNDYEDRYYRENMYRYPNQVYYRPVDQYSNQNNFVHDCVNITVKQHTVTTTTKGENFTETDIKIMERVVEQMCITQYQRESQAYYQRGAS;PRP;I
;AAAGAVVGGLGGYML;SKKRPKPGGGWNTGGSRYPGQGSPGGNRYPPQGGGGWGQPHGGGWGQPHGGGWGQPHGGGWGQPHGGGGWGQGGSHSQWNKPSKPKTNMKHVAGAAAAGAVVGGLGGYMLGSVMSRPLIHFGNDYEDRYYRENMYRYPNQVYYRPVDQYSNQNNFVHDCVNITVKQHTVTTTTKGENFTETDIKIMERVVEQMCITQYQRESQAYYQRGAS;PRP;I
;AGAAAAGAVVGGLGGYML;SKKRPKPGGGWNTGGSRYPGQGSPGGNRYPPQGGGGWGQPHGGGWGQPHGGGWGQPHGGGWGQPHGGGGWGQGGSHSQWNKPSKPKTNMKHVAGAAAAGAVVGGLGGYMLGSVMSRPLIHFGNDYEDRYYRENMYRYPNQVYYRPVDQYSNQNNFVHDCVNITVKQHTVTTTTKGENFTETDIKIMERVVEQMCITQYQRESQAYYQRGAS;PRP;I
;AGAAAAGAVVGGLGGY;SKKRPKPGGGWNTGGSRYPGQGSPGGNRYPPQGGGGWGQPHGGGWGQPHGGGWGQPHGGGWGQPHGGGGWGQGGSHSQWNKPSKPKTNMKHVAGAAAAGAVVGGLGGYMLGSVMSRPLIHFGNDYEDRYYRENMYRYPNQVYYRPVDQYSNQNNFVHDCVNITVKQHTVTTTTKGENFTETDIKIMERVVEQMCITQYQRESQAYYQRGAS;PRP;I
;TNM;SKKRPKPGGGWNTGGSRYPGQGSPGGNRYPPQGGGGWGQPHGGGWGQPHGGGWGQPHGGGWGQPHGGGGWGQGGSHSQWNKPSKPKTNMKHVAGAAAAGAVVGGLGGYMLGSVMSRPLIHFGNDYEDRYYRENMYRYPNQVYYRPVDQYSNQNNFVHDCVNITVKQHTVTTTTKGENFTETDIKIMERVVEQMCITQYQRESQAYYQRGAS;PRP;I
;NKPSKPKTNMKHVAGAAAAGAVVGGLGGYML;SKKRPKPGGGWNTGGSRYPGQGSPGGNRYPPQGGGGWGQPHGGGWGQPHGGGWGQPHGGGWGQPHGGGGWGQGGSHSQWNKPSKPKTNMKHVAGAAAAGAVVGGLGGYMLGSVMSRPLIHFGNDYEDRYYRENMYRYPNQVYYRPVDQYSNQNNFVHDCVNITVKQHTVTTTTKGENFTETDIKIMERVVEQMCITQYQRESQAYYQRGAS;PRP;I
;NKPSKPKTNMKHV;SKKRPKPGGGWNTGGSRYPGQGSPGGNRYPPQGGGGWGQPHGGGWGQPHGGGWGQPHGGGWGQPHGGGGWGQGGSHSQWNKPSKPKTNMKHVAGAAAAGAVVGGLGGYMLGSVMSRPLIHFGNDYEDRYYRENMYRYPNQVYYRPVDQYSNQNNFVHDCVNITVKQHTVTTTTKGENFTETDIKIMERVVEQMCITQYQRESQAYYQRGAS;PRP;I
;NKPSKPKTNMK;SKKRPKPGGGWNTGGSRYPGQGSPGGNRYPPQGGGGWGQPHGGGWGQPHGGGWGQPHGGGWGQPHGGGGWGQGGSHSQWNKPSKPKTNMKHVAGAAAAGAVVGGLGGYMLGSVMSRPLIHFGNDYEDRYYRENMYRYPNQVYYRPVDQYSNQNNFVHDCVNITVKQHTVTTTTKGENFTETDIKIMERVVEQMCITQYQRESQAYYQRGAS;PRP;I
;NKPSKPKTN;SKKRPKPGGGWNTGGSRYPGQGSPGGNRYPPQGGGGWGQPHGGGWGQPHGGGWGQPHGGGWGQPHGGGGWGQGGSHSQWNKPSKPKTNMKHVAGAAAAGAVVGGLGGYMLGSVMSRPLIHFGNDYEDRYYRENMYRYPNQVYYRPVDQYSNQNNFVHDCVNITVKQHTVTTTTKGENFTETDIKIMERVVEQMCITQYQRESQAYYQRGAS;PRP;I
;WNKPSKPKTNMKHVAGAAAAGAVVGGLGGYMLGSVMSRPLIHFGNDYEDRYYRENMYRYPNQVYYRPVDQYSNQNNFVHDCVNITVKQHTVTTTTKGENFTETDIKIMERVVEQMCITQYQRESQAYYQRGAS;SKKRPKPGGGWNTGGSRYPGQGSPGGNRYPPQGGGGWGQPHGGGWGQPHGGGWGQPHGGGWGQPHGGGGWGQGGSHSQWNKPSKPKTNMKHVAGAAAAGAVVGGLGGYMLGSVMSRPLIHFGNDYEDRYYRENMYRYPNQVYYRPVDQYSNQNNFVHDCVNITVKQHTVTTTTKGENFTETDIKIMERVVEQMCITQYQRESQAYYQRGAS;PRP;I
;GQGGSHSQWNKPSKPKTNMKHV;SKKRPKPGGGWNTGGSRYPGQGSPGGNRYPPQGGGGWGQPHGGGWGQPHGGGWGQPHGGGWGQPHGGGGWGQGGSHSQWNKPSKPKTNMKHVAGAAAAGAVVGGLGGYMLGSVMSRPLIHFGNDYEDRYYRENMYRYPNQVYYRPVDQYSNQNNFVHDCVNITVKQHTVTTTTKGENFTETDIKIMERVVEQMCITQYQRESQAYYQRGAS;PRP;I
;GQGGSHSQW;SKKRPKPGGGWNTGGSRYPGQGSPGGNRYPPQGGGGWGQPHGGGWGQPHGGGWGQPHGGGWGQPHGGGGWGQGGSHSQWNKPSKPKTNMKHVAGAAAAGAVVGGLGGYMLGSVMSRPLIHFGNDYEDRYYRENMYRYPNQVYYRPVDQYSNQNNFVHDCVNITVKQHTVTTTTKGENFTETDIKIMERVVEQMCITQYQRESQAYYQRGAS;PRP;I
;GQPHGGGGWGQGGSHSQWNKPSKPKTNMKHV;SKKRPKPGGGWNTGGSRYPGQGSPGGNRYPPQGGGGWGQPHGGGWGQPHGGGWGQPHGGGWGQPHGGGGWGQGGSHSQWNKPSKPKTNMKHVAGAAAAGAVVGGLGGYMLGSVMSRPLIHFGNDYEDRYYRENMYRYPNQVYYRPVDQYSNQNNFVHDCVNITVKQHTVTTTTKGENFTETDIKIMERVVEQMCITQYQRESQAYYQRGAS;PRP;I
;GQPHGGGGWGQGGSHSQWNKPSKPKTNMK;SKKRPKPGGGWNTGGSRYPGQGSPGGNRYPPQGGGGWGQPHGGGWGQPHGGGWGQPHGGGWGQPHGGGGWGQGGSHSQWNKPSKPKTNMKHVAGAAAAGAVVGGLGGYMLGSVMSRPLIHFGNDYEDRYYRENMYRYPNQVYYRPVDQYSNQNNFVHDCVNITVKQHTVTTTTKGENFTETDIKIMERVVEQMCITQYQRESQAYYQRGAS;PRP;I
;GQPHGGGGWGQGGSHSQW;SKKRPKPGGGWNTGGSRYPGQGSPGGNRYPPQGGGGWGQPHGGGWGQPHGGGWGQPHGGGWGQPHGGGGWGQGGSHSQWNKPSKPKTNMKHVAGAAAAGAVVGGLGGYMLGSVMSRPLIHFGNDYEDRYYRENMYRYPNQVYYRPVDQYSNQNNFVHDCVNITVKQHTVTTTTKGENFTETDIKIMERVVEQMCITQYQRESQAYYQRGAS;PRP;I
;GQPHGGGWGQPHGGGGWGQGGSHSQW;SKKRPKPGGGWNTGGSRYPGQGSPGGNRYPPQGGGGWGQPHGGGWGQPHGGGWGQPHGGGWGQPHGGGGWGQGGSHSQWNKPSKPKTNMKHVAGAAAAGAVVGGLGGYMLGSVMSRPLIHFGNDYEDRYYRENMYRYPNQVYYRPVDQYSNQNNFVHDCVNITVKQHTVTTTTKGENFTETDIKIMERVVEQMCITQYQRESQAYYQRGAS;PRP;I
;GQPHGGGWGQPHGGGGWGQG;SKKRPKPGGGWNTGGSRYPGQGSPGGNRYPPQGGGGWGQPHGGGWGQPHGGGWGQPHGGGWGQPHGGGGWGQGGSHSQWNKPSKPKTNMKHVAGAAAAGAVVGGLGGYMLGSVMSRPLIHFGNDYEDRYYRENMYRYPNQVYYRPVDQYSNQNNFVHDCVNITVKQHTVTTTTKGENFTETDIKIMERVVEQMCITQYQRESQAYYQRGAS;PRP;I
;GQPHGGGWGQPHGGGWGQPHGGGGWGQGGSHSQW;SKKRPKPGGGWNTGGSRYPGQGSPGGNRYPPQGGGGWGQPHGGGWGQPHGGGWGQPHGGGWGQPHGGGGWGQGGSHSQWNKPSKPKTNMKHVAGAAAAGAVVGGLGGYMLGSVMSRPLIHFGNDYEDRYYRENMYRYPNQVYYRPVDQYSNQNNFVHDCVNITVKQHTVTTTTKGENFTETDIKIMERVVEQMCITQYQRESQAYYQRGAS;PRP;I
;GQPHGGGWGQPHGGGW;SKKRPKPGGGWNTGGSRYPGQGSPGGNRYPPQGGGGWGQPHGGGWGQPHGGGWGQPHGGGWGQPHGGGGWGQGGSHSQWNKPSKPKTNMKHVAGAAAAGAVVGGLGGYMLGSVMSRPLIHFGNDYEDRYYRENMYRYPNQVYYRPVDQYSNQNNFVHDCVNITVKQHTVTTTTKGENFTETDIKIMERVVEQMCITQYQRESQAYYQRGAS;PRP;I
;GQPHGGGWG;SKKRPKPGGGWNTGGSRYPGQGSPGGNRYPPQGGGGWGQPHGGGWGQPHGGGWGQPHGGGWGQPHGGGGWGQGGSHSQWNKPSKPKTNMKHVAGAAAAGAVVGGLGGYMLGSVMSRPLIHFGNDYEDRYYRENMYRYPNQVYYRPVDQYSNQNNFVHDCVNITVKQHTVTTTTKGENFTETDIKIMERVVEQMCITQYQRESQAYYQRGAS;PRP;I
;GQPHGGGW;SKKRPKPGGGWNTGGSRYPGQGSPGGNRYPPQGGGGWGQPHGGGWGQPHGGGWGQPHGGGWGQPHGGGGWGQGGSHSQWNKPSKPKTNMKHVAGAAAAGAVVGGLGGYMLGSVMSRPLIHFGNDYEDRYYRENMYRYPNQVYYRPVDQYSNQNNFVHDCVNITVKQHTVTTTTKGENFTETDIKIMERVVEQMCITQYQRESQAYYQRGAS;PRP;I
;PPQGGGGWGQPHGGGWGQPHGGGWGQPHGGGW;SKKRPKPGGGWNTGGSRYPGQGSPGGNRYPPQGGGGWGQPHGGGWGQPHGGGWGQPHGGGWGQPHGGGGWGQGGSHSQWNKPSKPKTNMKHVAGAAAAGAVVGGLGGYMLGSVMSRPLIHFGNDYEDRYYRENMYRYPNQVYYRPVDQYSNQNNFVHDCVNITVKQHTVTTTTKGENFTETDIKIMERVVEQMCITQYQRESQAYYQRGAS;PRP;I
;PPQGGGGWGQPHGGGWGQPHGGGW;SKKRPKPGGGWNTGGSRYPGQGSPGGNRYPPQGGGGWGQPHGGGWGQPHGGGWGQPHGGGWGQPHGGGGWGQGGSHSQWNKPSKPKTNMKHVAGAAAAGAVVGGLGGYMLGSVMSRPLIHFGNDYEDRYYRENMYRYPNQVYYRPVDQYSNQNNFVHDCVNITVKQHTVTTTTKGENFTETDIKIMERVVEQMCITQYQRESQAYYQRGAS;PRP;I
;PPQGGGGWGQPHGGGW;SKKRPKPGGGWNTGGSRYPGQGSPGGNRYPPQGGGGWGQPHGGGWGQPHGGGWGQPHGGGWGQPHGGGGWGQGGSHSQWNKPSKPKTNMKHVAGAAAAGAVVGGLGGYMLGSVMSRPLIHFGNDYEDRYYRENMYRYPNQVYYRPVDQYSNQNNFVHDCVNITVKQHTVTTTTKGENFTETDIKIMERVVEQMCITQYQRESQAYYQRGAS;PRP;I
;PPQGGGGW;SKKRPKPGGGWNTGGSRYPGQGSPGGNRYPPQGGGGWGQPHGGGWGQPHGGGWGQPHGGGWGQPHGGGGWGQGGSHSQWNKPSKPKTNMKHVAGAAAAGAVVGGLGGYMLGSVMSRPLIHFGNDYEDRYYRENMYRYPNQVYYRPVDQYSNQNNFVHDCVNITVKQHTVTTTTKGENFTETDIKIMERVVEQMCITQYQRESQAYYQRGAS;PRP;I
;PGQGSPGGNRY;SKKRPKPGGGWNTGGSRYPGQGSPGGNRYPPQGGGGWGQPHGGGWGQPHGGGWGQPHGGGWGQPHGGGGWGQGGSHSQWNKPSKPKTNMKHVAGAAAAGAVVGGLGGYMLGSVMSRPLIHFGNDYEDRYYRENMYRYPNQVYYRPVDQYSNQNNFVHDCVNITVKQHTVTTTTKGENFTETDIKIMERVVEQMCITQYQRESQAYYQRGAS;PRP;I
;NTGGSRYPGQGSPGGNRYPPQGGGGWGQPHGGGW;SKKRPKPGGGWNTGGSRYPGQGSPGGNRYPPQGGGGWGQPHGGGWGQPHGGGWGQPHGGGWGQPHGGGGWGQGGSHSQWNKPSKPKTNMKHVAGAAAAGAVVGGLGGYMLGSVMSRPLIHFGNDYEDRYYRENMYRYPNQVYYRPVDQYSNQNNFVHDCVNITVKQHTVTTTTKGENFTETDIKIMERVVEQMCITQYQRESQAYYQRGAS;PRP;I
;NTGGSRYPGQGSPGGNRYPPQGGGGW;SKKRPKPGGGWNTGGSRYPGQGSPGGNRYPPQGGGGWGQPHGGGWGQPHGGGWGQPHGGGWGQPHGGGGWGQGGSHSQWNKPSKPKTNMKHVAGAAAAGAVVGGLGGYMLGSVMSRPLIHFGNDYEDRYYRENMYRYPNQVYYRPVDQYSNQNNFVHDCVNITVKQHTVTTTTKGENFTETDIKIMERVVEQMCITQYQRESQAYYQRGAS;PRP;I
;NTGGSRYPGQGSPGGNRY;SKKRPKPGGGWNTGGSRYPGQGSPGGNRYPPQGGGGWGQPHGGGWGQPHGGGWGQPHGGGWGQPHGGGGWGQGGSHSQWNKPSKPKTNMKHVAGAAAAGAVVGGLGGYMLGSVMSRPLIHFGNDYEDRYYRENMYRYPNQVYYRPVDQYSNQNNFVHDCVNITVKQHTVTTTTKGENFTETDIKIMERVVEQMCITQYQRESQAYYQRGAS;PRP;I
;NTGGSRY;SKKRPKPGGGWNTGGSRYPGQGSPGGNRYPPQGGGGWGQPHGGGWGQPHGGGWGQPHGGGWGQPHGGGGWGQGGSHSQWNKPSKPKTNMKHVAGAAAAGAVVGGLGGYMLGSVMSRPLIHFGNDYEDRYYRENMYRYPNQVYYRPVDQYSNQNNFVHDCVNITVKQHTVTTTTKGENFTETDIKIMERVVEQMCITQYQRESQAYYQRGAS;PRP;I
;SKKRPKPGGGWNTGGSRYPGQGSPGGNRYPPQ;SKKRPKPGGGWNTGGSRYPGQGSPGGNRYPPQGGGGWGQPHGGGWGQPHGGGWGQPHGGGWGQPHGGGGWGQGGSHSQWNKPSKPKTNMKHVAGAAAAGAVVGGLGGYMLGSVMSRPLIHFGNDYEDRYYRENMYRYPNQVYYRPVDQYSNQNNFVHDCVNITVKQHTVTTTTKGENFTETDIKIMERVVEQMCITQYQRESQAYYQRGAS;PRP;I
;SKKRPKPGGGWNTGGSRYPGQGSPGGNRY;SKKRPKPGGGWNTGGSRYPGQGSPGGNRYPPQGGGGWGQPHGGGWGQPHGGGWGQPHGGGWGQPHGGGGWGQGGSHSQWNKPSKPKTNMKHVAGAAAAGAVVGGLGGYMLGSVMSRPLIHFGNDYEDRYYRENMYRYPNQVYYRPVDQYSNQNNFVHDCVNITVKQHTVTTTTKGENFTETDIKIMERVVEQMCITQYQRESQAYYQRGAS;PRP;I
;SKKRPKPGGGWNTGGSRYP;SKKRPKPGGGWNTGGSRYPGQGSPGGNRYPPQGGGGWGQPHGGGWGQPHGGGWGQPHGGGWGQPHGGGGWGQGGSHSQWNKPSKPKTNMKHVAGAAAAGAVVGGLGGYMLGSVMSRPLIHFGNDYEDRYYRENMYRYPNQVYYRPVDQYSNQNNFVHDCVNITVKQHTVTTTTKGENFTETDIKIMERVVEQMCITQYQRESQAYYQRGAS;PRP;I
;SKKRPKPGGGW;SKKRPKPGGGWNTGGSRYPGQGSPGGNRYPPQGGGGWGQPHGGGWGQPHGGGWGQPHGGGWGQPHGGGGWGQGGSHSQWNKPSKPKTNMKHVAGAAAAGAVVGGLGGYMLGSVMSRPLIHFGNDYEDRYYRENMYRYPNQVYYRPVDQYSNQNNFVHDCVNITVKQHTVTTTTKGENFTETDIKIMERVVEQMCITQYQRESQAYYQRGAS;PRP;I
;SKKRPKPGGG;SKKRPKPGGGWNTGGSRYPGQGSPGGNRYPPQGGGGWGQPHGGGWGQPHGGGWGQPHGGGWGQPHGGGGWGQGGSHSQWNKPSKPKTNMKHVAGAAAAGAVVGGLGGYMLGSVMSRPLIHFGNDYEDRYYRENMYRYPNQVYYRPVDQYSNQNNFVHDCVNITVKQHTVTTTTKGENFTETDIKIMERVVEQMCITQYQRESQAYYQRGAS;PRP;I
;SNLTHVLY;GNSISISALQSLLQHLIGLSNLTHVLY;PRAME 415-441;I
;GLSNLTHVLY;GNSISISALQSLLQHLIGLSNLTHVLY;PRAME 415-441;I
;QSLLQHLIGLSNLTHVLY;GNSISISALQSLLQHLIGLSNLTHVLY;PRAME 415-441;I
;ALQSLLQHLIGLSNLTHVLY;GNSISISALQSLLQHLIGLSNLTHVLY;PRAME 415-441;I
;SLLQHLIGL;GNSISISALQSLLQHLIGLSNLTHVLY;PRAME 415-441;I
;QSLLQHLIGL;GNSISISALQSLLQHLIGLSNLTHVLY;PRAME 415-441;I
;ALQSLLQHLIGL;GNSISISALQSLLQHLIGLSNLTHVLY;PRAME 415-441;I
;QSLLQHLI;GNSISISALQSLLQHLIGLSNLTHVLY;PRAME 415-441;I
;SALQSLLQHLI;GNSISISALQSLLQHLIGLSNLTHVLY;PRAME 415-441;I
;SALQSLL;GNSISISALQSLLQHLIGLSNLTHVLY;PRAME 415-441;I
;GNSISISAL;GNSISISALQSLLQHLIGLSNLTHVLY;PRAME 415-441;I
;GNSISI;GNSISISALQSLLQHLIGLSNLTHVLY;PRAME 415-441;I
;ERGFFYTPKA;FVNQHLCGSHLVEALYLVCGERGFFYTPKA;INSULIN B CHAIN;I
;GERGF;FVNQHLCGSHLVEALYLVCGERGFFYTPKA;INSULIN B CHAIN;I
;GERGFFY;FVNQHLCGSHLVEALYLVCGERGFFYTPKA;INSULIN B CHAIN;I
;GERGFFYTPK;FVNQHLCGSHLVEALYLVCGERGFFYTPKA;INSULIN B CHAIN;I
;CGERGFFYTPKA;FVNQHLCGSHLVEALYLVCGERGFFYTPKA;INSULIN B CHAIN;I
;VCGERGFFYTPK;FVNQHLCGSHLVEALYLVCGERGFFYTPKA;INSULIN B CHAIN;I
;VCGERGFFYTPKA;FVNQHLCGSHLVEALYLVCGERGFFYTPKA;INSULIN B CHAIN;I
;YLVCGERGFFY;FVNQHLCGSHLVEALYLVCGERGFFYTPKA;INSULIN B CHAIN;I
;YLVCGERGFFYTPKA;FVNQHLCGSHLVEALYLVCGERGFFYTPKA;INSULIN B CHAIN;I
;ALYLVCGERGFFYTPKA;FVNQHLCGSHLVEALYLVCGERGFFYTPKA;INSULIN B CHAIN;I
;VEALYLVCGERGFFYTPKA;FVNQHLCGSHLVEALYLVCGERGFFYTPKA;INSULIN B CHAIN;I
;HLVEALYLVCG;FVNQHLCGSHLVEALYLVCGERGFFYTPKA;INSULIN B CHAIN;I
;GSHLVEALYLVCG;FVNQHLCGSHLVEALYLVCGERGFFYTPKA;INSULIN B CHAIN;I
;CGSHLVEALYLVCG;FVNQHLCGSHLVEALYLVCGERGFFYTPKA;INSULIN B CHAIN;I
;HLCGSHLVE;FVNQHLCGSHLVEALYLVCGERGFFYTPKA;INSULIN B CHAIN;I
;HLCGSHLVEA;FVNQHLCGSHLVEALYLVCGERGFFYTPKA;INSULIN B CHAIN;I
;FVNQ;FVNQHLCGSHLVEALYLVCGERGFFYTPKA;INSULIN B CHAIN;I
;FVNQH;FVNQHLCGSHLVEALYLVCGERGFFYTPKA;INSULIN B CHAIN;I
;FVNQHLCGSHL;FVNQHLCGSHLVEALYLVCGERGFFYTPKA;INSULIN B CHAIN;I
;FVNQHLCGSHLVE;FVNQHLCGSHLVEALYLVCGERGFFYTPKA;INSULIN B CHAIN;I
;FVNQHLCGSHLVEA;FVNQHLCGSHLVEALYLVCGERGFFYTPKA;INSULIN B CHAIN;I
;SSAFTI;SSAFTITDQVPFSVSVSQL;GP100_I;I
;TDQVPFSVSVSQL;SSAFTITDQVPFSVSVSQL;GP100_I;I
;SSAFTITD;SSAFTITDQVPFSVSVSQL;GP100_I;I
;QVPFSVSVSQL;SSAFTITDQVPFSVSVSQL;GP100_I;I
;SSAFTITDQVPFSV;SSAFTITDQVPFSVSVSQL;GP100_I;I
;SVSQL;SSAFTITDQVPFSVSVSQL;GP100_I;I
;SSAFT;SSAFTITDQVPFSVSVSQL;GP100_I;I
;GLDVLLAQEVRPRR;QHLHLETFKAVLDGLDVLLAQEVRPRR;PRAME 90–116;I
;DGLDVLLAQEVRPRR;QHLHLETFKAVLDGLDVLLAQEVRPRR;PRAME 90–116;I
;KAVLDGLDVLLAQEVRPRR;QHLHLETFKAVLDGLDVLLAQEVRPRR;PRAME 90–116;I
;HLETFKAVLDGLDVLLAQEVRPRR;QHLHLETFKAVLDGLDVLLAQEVRPRR;PRAME 90–116;I
;ETFKAVLDGLDVLLAQEVRPR;QHLHLETFKAVLDGLDVLLAQEVRPRR;PRAME 90–116;I
;GLDVLL;QHLHLETFKAVLDGLDVLLAQEVRPRR;PRAME 90–116;I
;VLDGLDVLL;QHLHLETFKAVLDGLDVLLAQEVRPRR;PRAME 90–116;I
;KAVLDGLDVLL;QHLHLETFKAVLDGLDVLLAQEVRPRR;PRAME 90–116;I
;QHLHLETFKAVLDGLDVLL;QHLHLETFKAVLDGLDVLLAQEVRPRR;PRAME 90–116;I
;QHLHLETFKAVLD;QHLHLETFKAVLDGLDVLLAQEVRPRR;PRAME 90–116;I
;HLETFKAVL;QHLHLETFKAVLDGLDVLLAQEVRPRR;PRAME 90–116;I
;QHLHLETF;QHLHLETFKAVLDGLDVLLAQEVRPRR;PRAME 90–116;I
;SSAFTITDQVPFSVSVS;SSAFTITDQVPFSVSVSQL;GP100 204-222;I
;SSAFTITDQVPFSVSV;SSAFTITDQVPFSVSVSQL;GP100 204-222;I
;TITDQVPFSVSVS;SSAFTITDQVPFSVSVSQL;GP100 204-222;I
;TITDQVPFSVSV;SSAFTITDQVPFSVSVSQL;GP100 204-222;I
;SSAFTITDQV;SSAFTITDQVPFSVSVSQL;GP100 204-222;I
;PFSVSVSQL;SSAFTITDQVPFSVSVSQL;GP100 204-222;I
;TDQVPFSVSVS;SSAFTITDQVPFSVSVSQL;GP100 204-222;I
;TDQVPFSVSV;SSAFTITDQVPFSVSVSQL;GP100 204-222;I
;TDQVPFSV;SSAFTITDQVPFSVSVSQL;GP100 204-222;I
;QVPFSVSVS;SSAFTITDQVPFSVSVSQL;GP100 204-222;I
;SSAF;SSAFTITDQVPFSVSVSQL;GP100 204-222;I
;AFTI;SSAFTITDQVPFSVSVSQL;GP100 204-222;I
;FTIT;SSAFTITDQVPFSVSVSQL;GP100 204-222;I
;ALKDVEERV;SWYKDALKDVEERVQATID;MAGE-C2 331-349;I
;QATID;SWYKDALKDVEERVQATID;MAGE-C2 331-349;I
;SWYKDALKDVEERVQA;SWYKDALKDVEERVQATID;MAGE-C2 331-349;I
;SWYKDALKDVEERV;SWYKDALKDVEERVQATID;MAGE-C2 331-349;I
;KDALKDVEERVQATID;SWYKDALKDVEERVQATID;MAGE-C2 331-349;I
;ALKDVEERVQATID;SWYKDALKDVEERVQATID;MAGE-C2 331-349;I
;SWYKDALKD;SWYKDALKDVEERVQATID;MAGE-C2 331-349;I
;VEERVQATID;SWYKDALKDVEERVQATID;MAGE-C2 331-349;I
;VEERVQA;SWYKDALKDVEERVQATID;MAGE-C2 331-349;I
;SWYKDALKDVEE;SWYKDALKDVEERVQATID;MAGE-C2 331-349;I
;RVQATID;SWYKDALKDVEERVQATID;MAGE-C2 331-349;I
;SWYKDAL;SWYKDALKDVEERVQATID;MAGE-C2 331-349;I
;KDVEERVQATID;SWYKDALKDVEERVQATID;MAGE-C2 331-349;I
;KDVEERVQA;SWYKDALKDVEERVQATID;MAGE-C2 331-349;I
;TID;SWYKDALKDVEERVQATID;MAGE-C2 331-349;I
;SWYKD;SWYKDALKDVEERVQATID;MAGE-C2 331-349;I
;SWY;SWYKDALKDVEERVQATID;MAGE-C2 331-349;I
;KGHGHSYTTAEEAAGIGILTV;KGHGHSYTTAEEAAGIGILTVILGVL;MELAN-A_I;I
;ILGVL;KGHGHSYTTAEEAAGIGILTVILGVL;MELAN-A_I;I
;KGHGHSYTTAEEAAGI;KGHGHSYTTAEEAAGIGILTVILGVL;MELAN-A_I;I
;GILTVILGVL;KGHGHSYTTAEEAAGIGILTVILGVL;MELAN-A_I;I
;KGHGHSYTTAEEAAGIGIL;KGHGHSYTTAEEAAGIGILTVILGVL;MELAN-A_I;I
;TVILGVL;KGHGHSYTTAEEAAGIGILTVILGVL;MELAN-A_I;I
;KGHGHSYTTAE;KGHGHSYTTAEEAAGIGILTVILGVL;MELAN-A_I;I
;EAAGIGILTVILGVL;KGHGHSYTTAEEAAGIGILTVILGVL;MELAN-A_I;I
;NALHIYMD;NALHIYMDGTMSQVQGSAN;TYROSINASE_I;I
;GTMSQVQGSAN;NALHIYMDGTMSQVQGSAN;TYROSINASE_I;I
;NALHIYM;NALHIYMDGTMSQVQGSAN;TYROSINASE_I;I
;DGTMSQVQGSAN;NALHIYMDGTMSQVQGSAN;TYROSINASE_I;I
;NALHIYMDGTM;NALHIYMDGTMSQVQGSAN;TYROSINASE_I;I
;SQVQGSAN;NALHIYMDGTMSQVQGSAN;TYROSINASE_I;I
;NALHIYMDGTMSQV;NALHIYMDGTMSQVQGSAN;TYROSINASE_I;I
;NALHI;NALHIYMDGTMSQVQGSAN;TYROSINASE_I;I
;YMDGTMSQVQGSAN;NALHIYMDGTMSQVQGSAN;TYROSINASE_I;I
;HIYMDGTMSQVQGSAN;NALHIYMDGTMSQVQGSAN;TYROSINASE 364-382;I
;YMDGTMSQVQG;NALHIYMDGTMSQVQGSAN;TYROSINASE 364-382;I
;NALHIYMDGT;NALHIYMDGTMSQVQGSAN;TYROSINASE 364-382;I
;NALHIY;NALHIYMDGTMSQVQGSAN;TYROSINASE 364-382;I
;QLENYCN;FVNQHLCGSHLVEALYLVCGERGFFYTPKTRREAEDLQVGQVELGGGPGAGSLQPLALEGSLQKRGIVEQCCTSICSLYQLENYCN;PROINSULIN;I
;CSLYQLENYCN;FVNQHLCGSHLVEALYLVCGERGFFYTPKTRREAEDLQVGQVELGGGPGAGSLQPLALEGSLQKRGIVEQCCTSICSLYQLENYCN;PROINSULIN;I
;SICSLYQLENYCN;FVNQHLCGSHLVEALYLVCGERGFFYTPKTRREAEDLQVGQVELGGGPGAGSLQPLALEGSLQKRGIVEQCCTSICSLYQLENYCN;PROINSULIN;I
;CCTSICSLYQLENYCN;FVNQHLCGSHLVEALYLVCGERGFFYTPKTRREAEDLQVGQVELGGGPGAGSLQPLALEGSLQKRGIVEQCCTSICSLYQLENYCN;PROINSULIN;I
;QCCTSICSLYQLENYCN;FVNQHLCGSHLVEALYLVCGERGFFYTPKTRREAEDLQVGQVELGGGPGAGSLQPLALEGSLQKRGIVEQCCTSICSLYQLENYCN;PROINSULIN;I
;GIVEQCCTSICSLYQLENYCN;FVNQHLCGSHLVEALYLVCGERGFFYTPKTRREAEDLQVGQVELGGGPGAGSLQPLALEGSLQKRGIVEQCCTSICSLYQLENYCN;PROINSULIN;I
;RGIVEQCCTSICSLYQLENYCN;FVNQHLCGSHLVEALYLVCGERGFFYTPKTRREAEDLQVGQVELGGGPGAGSLQPLALEGSLQKRGIVEQCCTSICSLYQLENYCN;PROINSULIN;I
;SLQK;FVNQHLCGSHLVEALYLVCGERGFFYTPKTRREAEDLQVGQVELGGGPGAGSLQPLALEGSLQKRGIVEQCCTSICSLYQLENYCN;PROINSULIN;I
;FVNQHLCGSHLVEALYLVCGERGFFYTPKTRREAEDLQVGQVELGGGPGAGSLQPLALEG;FVNQHLCGSHLVEALYLVCGERGFFYTPKTRREAEDLQVGQVELGGGPGAGSLQPLALEGSLQKRGIVEQCCTSICSLYQLENYCN;PROINSULIN;I
;FVNQHLCGSHLVEALYLVCGERGFFYTPKTRREAEDLQVGQVELGGGPGAGSLQPLAL;FVNQHLCGSHLVEALYLVCGERGFFYTPKTRREAEDLQVGQVELGGGPGAGSLQPLALEGSLQKRGIVEQCCTSICSLYQLENYCN;PROINSULIN;I
;FVNQHLCGSHLVEALYLVCGERGFFYTPKTRREAEDLQVGQVELGGGPGAGSLQPL;FVNQHLCGSHLVEALYLVCGERGFFYTPKTRREAEDLQVGQVELGGGPGAGSLQPLALEGSLQKRGIVEQCCTSICSLYQLENYCN;PROINSULIN;I
;FVNQHLCGSHLVEALYLVCGERGFFYTPKTRREAEDLQVGQVELGGGPGAGSLQP;FVNQHLCGSHLVEALYLVCGERGFFYTPKTRREAEDLQVGQVELGGGPGAGSLQPLALEGSLQKRGIVEQCCTSICSLYQLENYCN;PROINSULIN;I
;FVNQHLCGSHLVEALYLVCGERGFFYTPKTRREAEDLQVGQVELGGGPG;FVNQHLCGSHLVEALYLVCGERGFFYTPKTRREAEDLQVGQVELGGGPGAGSLQPLALEGSLQKRGIVEQCCTSICSLYQLENYCN;PROINSULIN;I
;FVNQHLCGSHLVEALYLVCGERGFFYTPKTRREAEDLQVGQVEL;FVNQHLCGSHLVEALYLVCGERGFFYTPKTRREAEDLQVGQVELGGGPGAGSLQPLALEGSLQKRGIVEQCCTSICSLYQLENYCN;PROINSULIN;I
;FVNQHLCGSHLVEALYLVCGERGFFYTPKTRREAEDLQ;FVNQHLCGSHLVEALYLVCGERGFFYTPKTRREAEDLQVGQVELGGGPGAGSLQPLALEGSLQKRGIVEQCCTSICSLYQLENYCN;PROINSULIN;I
;FVNQHLCGSHLVEALYLVCGERGFFYTPKTRREAE;FVNQHLCGSHLVEALYLVCGERGFFYTPKTRREAEDLQVGQVELGGGPGAGSLQPLALEGSLQKRGIVEQCCTSICSLYQLENYCN;PROINSULIN;I
;FVNQHLCGSHLVEALYLVCGERGFFYTPKTRREA;FVNQHLCGSHLVEALYLVCGERGFFYTPKTRREAEDLQVGQVELGGGPGAGSLQPLALEGSLQKRGIVEQCCTSICSLYQLENYCN;PROINSULIN;I
;FVNQHLCGSHLVEALYLVCGERGFFYTPKTRRE;FVNQHLCGSHLVEALYLVCGERGFFYTPKTRREAEDLQVGQVELGGGPGAGSLQPLALEGSLQKRGIVEQCCTSICSLYQLENYCN;PROINSULIN;I
;FVNQHLCGSHLVEALYLVCGERGFFYTPKTR;FVNQHLCGSHLVEALYLVCGERGFFYTPKTRREAEDLQVGQVELGGGPGAGSLQPLALEGSLQKRGIVEQCCTSICSLYQLENYCN;PROINSULIN;I
;FVNQHLCGSHLVEALYLVCGERGFFYTPKT;FVNQHLCGSHLVEALYLVCGERGFFYTPKTRREAEDLQVGQVELGGGPGAGSLQPLALEGSLQKRGIVEQCCTSICSLYQLENYCN;PROINSULIN;I
;FVNQHLCGSHLVEALYLVCGERGFFYTPK;FVNQHLCGSHLVEALYLVCGERGFFYTPKTRREAEDLQVGQVELGGGPGAGSLQPLALEGSLQKRGIVEQCCTSICSLYQLENYCN;PROINSULIN;I
;FVNQHLCGSHLVEALYLVCGERGFFYTP;FVNQHLCGSHLVEALYLVCGERGFFYTPKTRREAEDLQVGQVELGGGPGAGSLQPLALEGSLQKRGIVEQCCTSICSLYQLENYCN;PROINSULIN;I
;FVNQHLCGSHLVEALYLVCGERGFFYT;FVNQHLCGSHLVEALYLVCGERGFFYTPKTRREAEDLQVGQVELGGGPGAGSLQPLALEGSLQKRGIVEQCCTSICSLYQLENYCN;PROINSULIN;I
;FVNQHLCGSHLVEALYLVCGERGFFY;FVNQHLCGSHLVEALYLVCGERGFFYTPKTRREAEDLQVGQVELGGGPGAGSLQPLALEGSLQKRGIVEQCCTSICSLYQLENYCN;PROINSULIN;I
;FVNQHLCGSHLVEALYLVCGERGFF;FVNQHLCGSHLVEALYLVCGERGFFYTPKTRREAEDLQVGQVELGGGPGAGSLQPLALEGSLQKRGIVEQCCTSICSLYQLENYCN;PROINSULIN;I
;FVNQHLCGSHLVEALYLVCGER;FVNQHLCGSHLVEALYLVCGERGFFYTPKTRREAEDLQVGQVELGGGPGAGSLQPLALEGSLQKRGIVEQCCTSICSLYQLENYCN;PROINSULIN;I
;FVNQHLCGSHLVEALYLVCG;FVNQHLCGSHLVEALYLVCGERGFFYTPKTRREAEDLQVGQVELGGGPGAGSLQPLALEGSLQKRGIVEQCCTSICSLYQLENYCN;PROINSULIN;I
;FVNQHLCGSHLVEALYLVC;FVNQHLCGSHLVEALYLVCGERGFFYTPKTRREAEDLQVGQVELGGGPGAGSLQPLALEGSLQKRGIVEQCCTSICSLYQLENYCN;PROINSULIN;I
;FVNQHLCGSHLVEALYLV;FVNQHLCGSHLVEALYLVCGERGFFYTPKTRREAEDLQVGQVELGGGPGAGSLQPLALEGSLQKRGIVEQCCTSICSLYQLENYCN;PROINSULIN;I
;FVNQHLCGSHLVEALYL;FVNQHLCGSHLVEALYLVCGERGFFYTPKTRREAEDLQVGQVELGGGPGAGSLQPLALEGSLQKRGIVEQCCTSICSLYQLENYCN;PROINSULIN;I
;FVNQHLCGSHLVEALY;FVNQHLCGSHLVEALYLVCGERGFFYTPKTRREAEDLQVGQVELGGGPGAGSLQPLALEGSLQKRGIVEQCCTSICSLYQLENYCN;PROINSULIN;I
;FVNQHLCGSHLVEAL;FVNQHLCGSHLVEALYLVCGERGFFYTPKTRREAEDLQVGQVELGGGPGAGSLQPLALEGSLQKRGIVEQCCTSICSLYQLENYCN;PROINSULIN;I
;FVNQHLCGSHLVEA;FVNQHLCGSHLVEALYLVCGERGFFYTPKTRREAEDLQVGQVELGGGPGAGSLQPLALEGSLQKRGIVEQCCTSICSLYQLENYCN;PROINSULIN;I
;FVNQHLCGSHLVE;FVNQHLCGSHLVEALYLVCGERGFFYTPKTRREAEDLQVGQVELGGGPGAGSLQPLALEGSLQKRGIVEQCCTSICSLYQLENYCN;PROINSULIN;I
;FVNQHLCGSHL;FVNQHLCGSHLVEALYLVCGERGFFYTPKTRREAEDLQVGQVELGGGPGAGSLQPLALEGSLQKRGIVEQCCTSICSLYQLENYCN;PROINSULIN;I
;YFK;SASETSEKRPFMCAYPGCNKRYFK;WT1 313-336;I
;PGCNKRYFK;SASETSEKRPFMCAYPGCNKRYFK;WT1 313-336;I
;AYPGCNKRYFK;SASETSEKRPFMCAYPGCNKRYFK;WT1 313-336;I
;CAYPGCNKRYFK;SASETSEKRPFMCAYPGCNKRYFK;WT1 313-336;I
;SASETSEKRPFM;SASETSEKRPFMCAYPGCNKRYFK;WT1 313-336;I
;SASETSEKRPFMC;SASETSEKRPFMCAYPGCNKRYFK;WT1 313-336;I
;SASETSEKRPFMCAY;SASETSEKRPFMCAYPGCNKRYFK;WT1 313-336;I
;TGSTAVPYGSFKHVDT;TGSTAVPYGSFKHVDTRLQ;RU1;I
;PYGSFKHVDTRLQ;TGSTAVPYGSFKHVDTRLQ;RU1;I
;TGSTAVPYGSFKHV;TGSTAVPYGSFKHVDTRLQ;RU1;I
;LSRKVAELVHF;LSRKVAELVHFLLLKYRAR;MAGE-A3_I;I
;LLLKYRAR;LSRKVAELVHFLLLKYRAR;MAGE-A3_I;I
;LSRKVAELVHFL;LSRKVAELVHFLLLKYRAR;MAGE-A3_I;I
;LLKYRAR;LSRKVAELVHFLLLKYRAR;MAGE-A3_I;I
;LSRKVAELVHFLL;LSRKVAELVHFLLLKYRAR;MAGE-A3_I;I
;LKYRAR;LSRKVAELVHFLLLKYRAR;MAGE-A3_I;I
;LSRKVAELVHFLLL;LSRKVAELVHFLLLKYRAR;MAGE-A3_I;I
;KYRAR;LSRKVAELVHFLLLKYRAR;MAGE-A3_I;I
;LSRKV;LSRKVAELVHFLLLKYRAR;MAGE-A3_I;I
;AELVHFLLLKYRAR;LSRKVAELVHFLLLKYRAR;MAGE-A3_I;I
;MVSV;MVSVSPPEEHAMPIGRIAECILGMNPSRDV;TEL-AML1 319-348;I
;MVSVSPPEEHAMPIGRIAEC;MVSVSPPEEHAMPIGRIAECILGMNPSRDV;TEL-AML1 319-348;I
;MVSVSPPEEHAMPIGRI;MVSVSPPEEHAMPIGRIAECILGMNPSRDV;TEL-AML1 319-348;I
;MVSVSPPEEHAMPIGRIAECILGM;MVSVSPPEEHAMPIGRIAECILGMNPSRDV;TEL-AML1 319-348;I
;SPPEEHAMPIGRI;MVSVSPPEEHAMPIGRIAECILGMNPSRDV;TEL-AML1 319-348;I
;SPPEEHAMPIGRIAE;MVSVSPPEEHAMPIGRIAECILGMNPSRDV;TEL-AML1 319-348;I
;SPPEEHAMPIGRIAEC;MVSVSPPEEHAMPIGRIAECILGMNPSRDV;TEL-AML1 319-348;I
;SPPEEHAMPIGRIAECIL;MVSVSPPEEHAMPIGRIAECILGMNPSRDV;TEL-AML1 319-348;I
;PPEEHAMPIGRIAEC;MVSVSPPEEHAMPIGRIAECILGMNPSRDV;TEL-AML1 319-348;I
;PIGRIAECIL;MVSVSPPEEHAMPIGRIAECILGMNPSRDV;TEL-AML1 319-348;I
;IAECILGMNPSRDV;MVSVSPPEEHAMPIGRIAECILGMNPSRDV;TEL-AML1 319-348;I
;AECILGMNPSRDV;MVSVSPPEEHAMPIGRIAECILGMNPSRDV;TEL-AML1 319-348;I
;CILGMNPSRDV;MVSVSPPEEHAMPIGRIAECILGMNPSRDV;TEL-AML1 319-348;I
;ILGMNPSRDV;MVSVSPPEEHAMPIGRIAECILGMNPSRDV;TEL-AML1 319-348;I
;LGMNPSRDV;MVSVSPPEEHAMPIGRIAECILGMNPSRDV;TEL-AML1 319-348;I
;GMNPSRDV;MVSVSPPEEHAMPIGRIAECILGMNPSRDV;TEL-AML1 319-348;I
;SLYSFPEPEAAQPMTKKR;WTVWSGNRASLYSFPEPEAAQPMTKKR;PRAME 133–159;I
;SGNRASLYSFPEPEAAQPMTKKR;WTVWSGNRASLYSFPEPEAAQPMTKKR;PRAME 133–159;I
;YSFPEPEA;WTVWSGNRASLYSFPEPEAAQPMTKKR;PRAME 133–159;I
;LYSFPEPEA;WTVWSGNRASLYSFPEPEAAQPMTKKR;PRAME 133–159;I
;SLYSFPEPEA;WTVWSGNRASLYSFPEPEAAQPMTKKR;PRAME 133–159;I
;SGNRASLYSFPEPEA;WTVWSGNRASLYSFPEPEAAQPMTKKR;PRAME 133–159;I
;WTVWSGNRASLYSFPEPEA;WTVWSGNRASLYSFPEPEAAQPMTKKR;PRAME 133–159;I
;WTVWSGNRASL;WTVWSGNRASLYSFPEPEAAQPMTKKR;PRAME 133–159;I
;WTVWSGNRA;WTVWSGNRASLYSFPEPEAAQPMTKKR;PRAME 133–159;I
;WTVW;WTVWSGNRASLYSFPEPEAAQPMTKKR;PRAME 133–159;I
;DSLFFLRGRLDQL;SQFLSLQCLQALYVDSLFFLRGRLDQL;PRAME 290-316;I
;FFL;SQFLSLQCLQALYVDSLFFLRGRLDQL;PRAME 290-316;I
;SLFFL;SQFLSLQCLQALYVDSLFFLRGRLDQL;PRAME 290-316;I
;DSLFFL;SQFLSLQCLQALYVDSLFFLRGRLDQL;PRAME 290-316;I
;LYVDSLFFL;SQFLSLQCLQALYVDSLFFLRGRLDQL;PRAME 290-316;I
;ALYVDSLFFL;SQFLSLQCLQALYVDSLFFLRGRLDQL;PRAME 290-316;I
;QALYVDSLFFL;SQFLSLQCLQALYVDSLFFLRGRLDQL;PRAME 290-316;I
;QALYVDSL;SQFLSLQCLQALYVDSLFFLRGRLDQL;PRAME 290-316;I
;LQALYVDSL;SQFLSLQCLQALYVDSLFFLRGRLDQL;PRAME 290-316;I
;LQALYVD;SQFLSLQCLQALYVDSLFFLRGRLDQL;PRAME 290-316;I
;LQALYV;SQFLSLQCLQALYVDSLFFLRGRLDQL;PRAME 290-316;I
;SQFLSLQC;SQFLSLQCLQALYVDSLFFLRGRLDQL;PRAME 290-316;I
;SQFLSL;SQFLSLQCLQALYVDSLFFLRGRLDQL;PRAME 290-316;I
;EEASSASSTLYL;EEASSASSTLYLVFSPSSF;MAGE-C2_I;I
;VFSPSSF;EEASSASSTLYLVFSPSSF;MAGE-C2_I;I
;EEASSASSTLYLVF;EEASSASSTLYLVFSPSSF;MAGE-C2_I;I
;SPSSF;EEASSASSTLYLVFSPSSF;MAGE-C2_I;I
;EEASS;EEASSASSTLYLVFSPSSF;MAGE-C2_I;I
;ASSTLYLVFSPSSF;EEASSASSTLYLVFSPSSF;MAGE-C2_I;I
;GLALIEVGPDHF;LKRAREFMELLFGLALIEVGPDHF;MAGE-C2_I;I
;FGLALIEVGPDHF;LKRAREFMELLFGLALIEVGPDHF;MAGE-C2_I;I
;ALIEVGPDHF;LKRAREFMELLFGLALIEVGPDHF;MAGE-C2_I;I
;IEVGPDHF;LKRAREFMELLFGLALIEVGPDHF;MAGE-C2_I;I
;GPDHF;LKRAREFMELLFGLALIEVGPDHF;MAGE-C2_I;I
;LKDVEERVQATID;SWYKDALKDVEERVQATID;MAGE-C2_I;I
;KLSTNSHSTKVKA;AYISSVAYGRQVYLKLSTNSHSTKVKA;LLO 291-317;I
;VAYGRQV;AYISSVAYGRQVYLKLSTNSHSTKVKA;LLO 291-317;I
;VAYGRQVYL;AYISSVAYGRQVYLKLSTNSHSTKVKA;LLO 291-317;I
;SSVAYGRQVYL;AYISSVAYGRQVYLKLSTNSHSTKVKA;LLO 291-317;I
;AYISSVAYGRQVYL;AYISSVAYGRQVYLKLSTNSHSTKVKA;LLO 291-317;I
;AYI;AYISSVAYGRQVYLKLSTNSHSTKVKA;LLO 291-317;I
;AYISS;AYISSVAYGRQVYLKLSTNSHSTKVKA;LLO 291-317;I
;AGENFHHGDKL;MAVSKVYARSVYDSRGNPTVEVELTTEKGVFRSIVPSGASTGVHEALEMRDGDKSKWMGKGVLHAVKNVNDVIAPAFVKANIDVKDQKAVDDFLISLDGTANKSKLGANAILGVSLAASRAAAAEKNVPLYKHLADLSKSKTSPYVLPVPFLNVLNGGSHAGGALALQEFMIAPTGAKTFAEALRIGSEVYHNLKSLTKKRYGASAGNVGDEGGVAPNIQTAEEALDLIVDAIKAAGHDGKIKIGLDCASSEFFKDGKYDLDFKNPNSDKSKWLTGPQLADLYHSLMKRYPIVSIEDPFAEDDWEAWSHFFKTAGIQIVADDLTVTNPKRIATAIEKKAADALLLKVNQIGTLSESIKAAQDSFAAGWGVMVSHRSGETEDTFIADLVVGLRTGQIKTGAPARSERLAKLNQLLRIEEELGDNAVFAGENFHHGDKL;ENOLASE 1;I
;NAVFA;MAVSKVYARSVYDSRGNPTVEVELTTEKGVFRSIVPSGASTGVHEALEMRDGDKSKWMGKGVLHAVKNVNDVIAPAFVKANIDVKDQKAVDDFLISLDGTANKSKLGANAILGVSLAASRAAAAEKNVPLYKHLADLSKSKTSPYVLPVPFLNVLNGGSHAGGALALQEFMIAPTGAKTFAEALRIGSEVYHNLKSLTKKRYGASAGNVGDEGGVAPNIQTAEEALDLIVDAIKAAGHDGKIKIGLDCASSEFFKDGKYDLDFKNPNSDKSKWLTGPQLADLYHSLMKRYPIVSIEDPFAEDDWEAWSHFFKTAGIQIVADDLTVTNPKRIATAIEKKAADALLLKVNQIGTLSESIKAAQDSFAAGWGVMVSHRSGETEDTFIADLVVGLRTGQIKTGAPARSERLAKLNQLLRIEEELGDNAVFAGENFHHGDKL;ENOLASE 1;I
;GDNAVF;MAVSKVYARSVYDSRGNPTVEVELTTEKGVFRSIVPSGASTGVHEALEMRDGDKSKWMGKGVLHAVKNVNDVIAPAFVKANIDVKDQKAVDDFLISLDGTANKSKLGANAILGVSLAASRAAAAEKNVPLYKHLADLSKSKTSPYVLPVPFLNVLNGGSHAGGALALQEFMIAPTGAKTFAEALRIGSEVYHNLKSLTKKRYGASAGNVGDEGGVAPNIQTAEEALDLIVDAIKAAGHDGKIKIGLDCASSEFFKDGKYDLDFKNPNSDKSKWLTGPQLADLYHSLMKRYPIVSIEDPFAEDDWEAWSHFFKTAGIQIVADDLTVTNPKRIATAIEKKAADALLLKVNQIGTLSESIKAAQDSFAAGWGVMVSHRSGETEDTFIADLVVGLRTGQIKTGAPARSERLAKLNQLLRIEEELGDNAVFAGENFHHGDKL;ENOLASE 1;I
;GDNAVFA;MAVSKVYARSVYDSRGNPTVEVELTTEKGVFRSIVPSGASTGVHEALEMRDGDKSKWMGKGVLHAVKNVNDVIAPAFVKANIDVKDQKAVDDFLISLDGTANKSKLGANAILGVSLAASRAAAAEKNVPLYKHLADLSKSKTSPYVLPVPFLNVLNGGSHAGGALALQEFMIAPTGAKTFAEALRIGSEVYHNLKSLTKKRYGASAGNVGDEGGVAPNIQTAEEALDLIVDAIKAAGHDGKIKIGLDCASSEFFKDGKYDLDFKNPNSDKSKWLTGPQLADLYHSLMKRYPIVSIEDPFAEDDWEAWSHFFKTAGIQIVADDLTVTNPKRIATAIEKKAADALLLKVNQIGTLSESIKAAQDSFAAGWGVMVSHRSGETEDTFIADLVVGLRTGQIKTGAPARSERLAKLNQLLRIEEELGDNAVFAGENFHHGDKL;ENOLASE 1;I
;GDNAVFAG;MAVSKVYARSVYDSRGNPTVEVELTTEKGVFRSIVPSGASTGVHEALEMRDGDKSKWMGKGVLHAVKNVNDVIAPAFVKANIDVKDQKAVDDFLISLDGTANKSKLGANAILGVSLAASRAAAAEKNVPLYKHLADLSKSKTSPYVLPVPFLNVLNGGSHAGGALALQEFMIAPTGAKTFAEALRIGSEVYHNLKSLTKKRYGASAGNVGDEGGVAPNIQTAEEALDLIVDAIKAAGHDGKIKIGLDCASSEFFKDGKYDLDFKNPNSDKSKWLTGPQLADLYHSLMKRYPIVSIEDPFAEDDWEAWSHFFKTAGIQIVADDLTVTNPKRIATAIEKKAADALLLKVNQIGTLSESIKAAQDSFAAGWGVMVSHRSGETEDTFIADLVVGLRTGQIKTGAPARSERLAKLNQLLRIEEELGDNAVFAGENFHHGDKL;ENOLASE 1;I
;RIEEEL;MAVSKVYARSVYDSRGNPTVEVELTTEKGVFRSIVPSGASTGVHEALEMRDGDKSKWMGKGVLHAVKNVNDVIAPAFVKANIDVKDQKAVDDFLISLDGTANKSKLGANAILGVSLAASRAAAAEKNVPLYKHLADLSKSKTSPYVLPVPFLNVLNGGSHAGGALALQEFMIAPTGAKTFAEALRIGSEVYHNLKSLTKKRYGASAGNVGDEGGVAPNIQTAEEALDLIVDAIKAAGHDGKIKIGLDCASSEFFKDGKYDLDFKNPNSDKSKWLTGPQLADLYHSLMKRYPIVSIEDPFAEDDWEAWSHFFKTAGIQIVADDLTVTNPKRIATAIEKKAADALLLKVNQIGTLSESIKAAQDSFAAGWGVMVSHRSGETEDTFIADLVVGLRTGQIKTGAPARSERLAKLNQLLRIEEELGDNAVFAGENFHHGDKL;ENOLASE 1;I
;QLLRIEE;MAVSKVYARSVYDSRGNPTVEVELTTEKGVFRSIVPSGASTGVHEALEMRDGDKSKWMGKGVLHAVKNVNDVIAPAFVKANIDVKDQKAVDDFLISLDGTANKSKLGANAILGVSLAASRAAAAEKNVPLYKHLADLSKSKTSPYVLPVPFLNVLNGGSHAGGALALQEFMIAPTGAKTFAEALRIGSEVYHNLKSLTKKRYGASAGNVGDEGGVAPNIQTAEEALDLIVDAIKAAGHDGKIKIGLDCASSEFFKDGKYDLDFKNPNSDKSKWLTGPQLADLYHSLMKRYPIVSIEDPFAEDDWEAWSHFFKTAGIQIVADDLTVTNPKRIATAIEKKAADALLLKVNQIGTLSESIKAAQDSFAAGWGVMVSHRSGETEDTFIADLVVGLRTGQIKTGAPARSERLAKLNQLLRIEEELGDNAVFAGENFHHGDKL;ENOLASE 1;I
;QLLRIEEEL;MAVSKVYARSVYDSRGNPTVEVELTTEKGVFRSIVPSGASTGVHEALEMRDGDKSKWMGKGVLHAVKNVNDVIAPAFVKANIDVKDQKAVDDFLISLDGTANKSKLGANAILGVSLAASRAAAAEKNVPLYKHLADLSKSKTSPYVLPVPFLNVLNGGSHAGGALALQEFMIAPTGAKTFAEALRIGSEVYHNLKSLTKKRYGASAGNVGDEGGVAPNIQTAEEALDLIVDAIKAAGHDGKIKIGLDCASSEFFKDGKYDLDFKNPNSDKSKWLTGPQLADLYHSLMKRYPIVSIEDPFAEDDWEAWSHFFKTAGIQIVADDLTVTNPKRIATAIEKKAADALLLKVNQIGTLSESIKAAQDSFAAGWGVMVSHRSGETEDTFIADLVVGLRTGQIKTGAPARSERLAKLNQLLRIEEELGDNAVFAGENFHHGDKL;ENOLASE 1;I
;NQLLRIEEEL;MAVSKVYARSVYDSRGNPTVEVELTTEKGVFRSIVPSGASTGVHEALEMRDGDKSKWMGKGVLHAVKNVNDVIAPAFVKANIDVKDQKAVDDFLISLDGTANKSKLGANAILGVSLAASRAAAAEKNVPLYKHLADLSKSKTSPYVLPVPFLNVLNGGSHAGGALALQEFMIAPTGAKTFAEALRIGSEVYHNLKSLTKKRYGASAGNVGDEGGVAPNIQTAEEALDLIVDAIKAAGHDGKIKIGLDCASSEFFKDGKYDLDFKNPNSDKSKWLTGPQLADLYHSLMKRYPIVSIEDPFAEDDWEAWSHFFKTAGIQIVADDLTVTNPKRIATAIEKKAADALLLKVNQIGTLSESIKAAQDSFAAGWGVMVSHRSGETEDTFIADLVVGLRTGQIKTGAPARSERLAKLNQLLRIEEELGDNAVFAGENFHHGDKL;ENOLASE 1;I
;GAPARSERL;MAVSKVYARSVYDSRGNPTVEVELTTEKGVFRSIVPSGASTGVHEALEMRDGDKSKWMGKGVLHAVKNVNDVIAPAFVKANIDVKDQKAVDDFLISLDGTANKSKLGANAILGVSLAASRAAAAEKNVPLYKHLADLSKSKTSPYVLPVPFLNVLNGGSHAGGALALQEFMIAPTGAKTFAEALRIGSEVYHNLKSLTKKRYGASAGNVGDEGGVAPNIQTAEEALDLIVDAIKAAGHDGKIKIGLDCASSEFFKDGKYDLDFKNPNSDKSKWLTGPQLADLYHSLMKRYPIVSIEDPFAEDDWEAWSHFFKTAGIQIVADDLTVTNPKRIATAIEKKAADALLLKVNQIGTLSESIKAAQDSFAAGWGVMVSHRSGETEDTFIADLVVGLRTGQIKTGAPARSERLAKLNQLLRIEEELGDNAVFAGENFHHGDKL;ENOLASE 1;I
;RTGQIKTG;MAVSKVYARSVYDSRGNPTVEVELTTEKGVFRSIVPSGASTGVHEALEMRDGDKSKWMGKGVLHAVKNVNDVIAPAFVKANIDVKDQKAVDDFLISLDGTANKSKLGANAILGVSLAASRAAAAEKNVPLYKHLADLSKSKTSPYVLPVPFLNVLNGGSHAGGALALQEFMIAPTGAKTFAEALRIGSEVYHNLKSLTKKRYGASAGNVGDEGGVAPNIQTAEEALDLIVDAIKAAGHDGKIKIGLDCASSEFFKDGKYDLDFKNPNSDKSKWLTGPQLADLYHSLMKRYPIVSIEDPFAEDDWEAWSHFFKTAGIQIVADDLTVTNPKRIATAIEKKAADALLLKVNQIGTLSESIKAAQDSFAAGWGVMVSHRSGETEDTFIADLVVGLRTGQIKTGAPARSERLAKLNQLLRIEEELGDNAVFAGENFHHGDKL;ENOLASE 1;I
;RTGQIKT;MAVSKVYARSVYDSRGNPTVEVELTTEKGVFRSIVPSGASTGVHEALEMRDGDKSKWMGKGVLHAVKNVNDVIAPAFVKANIDVKDQKAVDDFLISLDGTANKSKLGANAILGVSLAASRAAAAEKNVPLYKHLADLSKSKTSPYVLPVPFLNVLNGGSHAGGALALQEFMIAPTGAKTFAEALRIGSEVYHNLKSLTKKRYGASAGNVGDEGGVAPNIQTAEEALDLIVDAIKAAGHDGKIKIGLDCASSEFFKDGKYDLDFKNPNSDKSKWLTGPQLADLYHSLMKRYPIVSIEDPFAEDDWEAWSHFFKTAGIQIVADDLTVTNPKRIATAIEKKAADALLLKVNQIGTLSESIKAAQDSFAAGWGVMVSHRSGETEDTFIADLVVGLRTGQIKTGAPARSERLAKLNQLLRIEEELGDNAVFAGENFHHGDKL;ENOLASE 1;I
;ADLVVGL;MAVSKVYARSVYDSRGNPTVEVELTTEKGVFRSIVPSGASTGVHEALEMRDGDKSKWMGKGVLHAVKNVNDVIAPAFVKANIDVKDQKAVDDFLISLDGTANKSKLGANAILGVSLAASRAAAAEKNVPLYKHLADLSKSKTSPYVLPVPFLNVLNGGSHAGGALALQEFMIAPTGAKTFAEALRIGSEVYHNLKSLTKKRYGASAGNVGDEGGVAPNIQTAEEALDLIVDAIKAAGHDGKIKIGLDCASSEFFKDGKYDLDFKNPNSDKSKWLTGPQLADLYHSLMKRYPIVSIEDPFAEDDWEAWSHFFKTAGIQIVADDLTVTNPKRIATAIEKKAADALLLKVNQIGTLSESIKAAQDSFAAGWGVMVSHRSGETEDTFIADLVVGLRTGQIKTGAPARSERLAKLNQLLRIEEELGDNAVFAGENFHHGDKL;ENOLASE 1;I
;IADLVVGL;MAVSKVYARSVYDSRGNPTVEVELTTEKGVFRSIVPSGASTGVHEALEMRDGDKSKWMGKGVLHAVKNVNDVIAPAFVKANIDVKDQKAVDDFLISLDGTANKSKLGANAILGVSLAASRAAAAEKNVPLYKHLADLSKSKTSPYVLPVPFLNVLNGGSHAGGALALQEFMIAPTGAKTFAEALRIGSEVYHNLKSLTKKRYGASAGNVGDEGGVAPNIQTAEEALDLIVDAIKAAGHDGKIKIGLDCASSEFFKDGKYDLDFKNPNSDKSKWLTGPQLADLYHSLMKRYPIVSIEDPFAEDDWEAWSHFFKTAGIQIVADDLTVTNPKRIATAIEKKAADALLLKVNQIGTLSESIKAAQDSFAAGWGVMVSHRSGETEDTFIADLVVGLRTGQIKTGAPARSERLAKLNQLLRIEEELGDNAVFAGENFHHGDKL;ENOLASE 1;I
;RSGETEDTFI;MAVSKVYARSVYDSRGNPTVEVELTTEKGVFRSIVPSGASTGVHEALEMRDGDKSKWMGKGVLHAVKNVNDVIAPAFVKANIDVKDQKAVDDFLISLDGTANKSKLGANAILGVSLAASRAAAAEKNVPLYKHLADLSKSKTSPYVLPVPFLNVLNGGSHAGGALALQEFMIAPTGAKTFAEALRIGSEVYHNLKSLTKKRYGASAGNVGDEGGVAPNIQTAEEALDLIVDAIKAAGHDGKIKIGLDCASSEFFKDGKYDLDFKNPNSDKSKWLTGPQLADLYHSLMKRYPIVSIEDPFAEDDWEAWSHFFKTAGIQIVADDLTVTNPKRIATAIEKKAADALLLKVNQIGTLSESIKAAQDSFAAGWGVMVSHRSGETEDTFIADLVVGLRTGQIKTGAPARSERLAKLNQLLRIEEELGDNAVFAGENFHHGDKL;ENOLASE 1;I
;RSGETEDTFIADLVVGL;MAVSKVYARSVYDSRGNPTVEVELTTEKGVFRSIVPSGASTGVHEALEMRDGDKSKWMGKGVLHAVKNVNDVIAPAFVKANIDVKDQKAVDDFLISLDGTANKSKLGANAILGVSLAASRAAAAEKNVPLYKHLADLSKSKTSPYVLPVPFLNVLNGGSHAGGALALQEFMIAPTGAKTFAEALRIGSEVYHNLKSLTKKRYGASAGNVGDEGGVAPNIQTAEEALDLIVDAIKAAGHDGKIKIGLDCASSEFFKDGKYDLDFKNPNSDKSKWLTGPQLADLYHSLMKRYPIVSIEDPFAEDDWEAWSHFFKTAGIQIVADDLTVTNPKRIATAIEKKAADALLLKVNQIGTLSESIKAAQDSFAAGWGVMVSHRSGETEDTFIADLVVGLRTGQIKTGAPARSERLAKLNQLLRIEEELGDNAVFAGENFHHGDKL;ENOLASE 1;I
;SHRSGETEDTFIADLVVGL;MAVSKVYARSVYDSRGNPTVEVELTTEKGVFRSIVPSGASTGVHEALEMRDGDKSKWMGKGVLHAVKNVNDVIAPAFVKANIDVKDQKAVDDFLISLDGTANKSKLGANAILGVSLAASRAAAAEKNVPLYKHLADLSKSKTSPYVLPVPFLNVLNGGSHAGGALALQEFMIAPTGAKTFAEALRIGSEVYHNLKSLTKKRYGASAGNVGDEGGVAPNIQTAEEALDLIVDAIKAAGHDGKIKIGLDCASSEFFKDGKYDLDFKNPNSDKSKWLTGPQLADLYHSLMKRYPIVSIEDPFAEDDWEAWSHFFKTAGIQIVADDLTVTNPKRIATAIEKKAADALLLKVNQIGTLSESIKAAQDSFAAGWGVMVSHRSGETEDTFIADLVVGLRTGQIKTGAPARSERLAKLNQLLRIEEELGDNAVFAGENFHHGDKL;ENOLASE 1;I
;SHRSGETEDTFI;MAVSKVYARSVYDSRGNPTVEVELTTEKGVFRSIVPSGASTGVHEALEMRDGDKSKWMGKGVLHAVKNVNDVIAPAFVKANIDVKDQKAVDDFLISLDGTANKSKLGANAILGVSLAASRAAAAEKNVPLYKHLADLSKSKTSPYVLPVPFLNVLNGGSHAGGALALQEFMIAPTGAKTFAEALRIGSEVYHNLKSLTKKRYGASAGNVGDEGGVAPNIQTAEEALDLIVDAIKAAGHDGKIKIGLDCASSEFFKDGKYDLDFKNPNSDKSKWLTGPQLADLYHSLMKRYPIVSIEDPFAEDDWEAWSHFFKTAGIQIVADDLTVTNPKRIATAIEKKAADALLLKVNQIGTLSESIKAAQDSFAAGWGVMVSHRSGETEDTFIADLVVGLRTGQIKTGAPARSERLAKLNQLLRIEEELGDNAVFAGENFHHGDKL;ENOLASE 1;I
;KAAQDSF;MAVSKVYARSVYDSRGNPTVEVELTTEKGVFRSIVPSGASTGVHEALEMRDGDKSKWMGKGVLHAVKNVNDVIAPAFVKANIDVKDQKAVDDFLISLDGTANKSKLGANAILGVSLAASRAAAAEKNVPLYKHLADLSKSKTSPYVLPVPFLNVLNGGSHAGGALALQEFMIAPTGAKTFAEALRIGSEVYHNLKSLTKKRYGASAGNVGDEGGVAPNIQTAEEALDLIVDAIKAAGHDGKIKIGLDCASSEFFKDGKYDLDFKNPNSDKSKWLTGPQLADLYHSLMKRYPIVSIEDPFAEDDWEAWSHFFKTAGIQIVADDLTVTNPKRIATAIEKKAADALLLKVNQIGTLSESIKAAQDSFAAGWGVMVSHRSGETEDTFIADLVVGLRTGQIKTGAPARSERLAKLNQLLRIEEELGDNAVFAGENFHHGDKL;ENOLASE 1;I
;SESIKAAQDSF;MAVSKVYARSVYDSRGNPTVEVELTTEKGVFRSIVPSGASTGVHEALEMRDGDKSKWMGKGVLHAVKNVNDVIAPAFVKANIDVKDQKAVDDFLISLDGTANKSKLGANAILGVSLAASRAAAAEKNVPLYKHLADLSKSKTSPYVLPVPFLNVLNGGSHAGGALALQEFMIAPTGAKTFAEALRIGSEVYHNLKSLTKKRYGASAGNVGDEGGVAPNIQTAEEALDLIVDAIKAAGHDGKIKIGLDCASSEFFKDGKYDLDFKNPNSDKSKWLTGPQLADLYHSLMKRYPIVSIEDPFAEDDWEAWSHFFKTAGIQIVADDLTVTNPKRIATAIEKKAADALLLKVNQIGTLSESIKAAQDSFAAGWGVMVSHRSGETEDTFIADLVVGLRTGQIKTGAPARSERLAKLNQLLRIEEELGDNAVFAGENFHHGDKL;ENOLASE 1;I
;SESIKAA;MAVSKVYARSVYDSRGNPTVEVELTTEKGVFRSIVPSGASTGVHEALEMRDGDKSKWMGKGVLHAVKNVNDVIAPAFVKANIDVKDQKAVDDFLISLDGTANKSKLGANAILGVSLAASRAAAAEKNVPLYKHLADLSKSKTSPYVLPVPFLNVLNGGSHAGGALALQEFMIAPTGAKTFAEALRIGSEVYHNLKSLTKKRYGASAGNVGDEGGVAPNIQTAEEALDLIVDAIKAAGHDGKIKIGLDCASSEFFKDGKYDLDFKNPNSDKSKWLTGPQLADLYHSLMKRYPIVSIEDPFAEDDWEAWSHFFKTAGIQIVADDLTVTNPKRIATAIEKKAADALLLKVNQIGTLSESIKAAQDSFAAGWGVMVSHRSGETEDTFIADLVVGLRTGQIKTGAPARSERLAKLNQLLRIEEELGDNAVFAGENFHHGDKL;ENOLASE 1;I
;GTLSESIKAAQDSF;MAVSKVYARSVYDSRGNPTVEVELTTEKGVFRSIVPSGASTGVHEALEMRDGDKSKWMGKGVLHAVKNVNDVIAPAFVKANIDVKDQKAVDDFLISLDGTANKSKLGANAILGVSLAASRAAAAEKNVPLYKHLADLSKSKTSPYVLPVPFLNVLNGGSHAGGALALQEFMIAPTGAKTFAEALRIGSEVYHNLKSLTKKRYGASAGNVGDEGGVAPNIQTAEEALDLIVDAIKAAGHDGKIKIGLDCASSEFFKDGKYDLDFKNPNSDKSKWLTGPQLADLYHSLMKRYPIVSIEDPFAEDDWEAWSHFFKTAGIQIVADDLTVTNPKRIATAIEKKAADALLLKVNQIGTLSESIKAAQDSFAAGWGVMVSHRSGETEDTFIADLVVGLRTGQIKTGAPARSERLAKLNQLLRIEEELGDNAVFAGENFHHGDKL;ENOLASE 1;I
;GTLSESIKA;MAVSKVYARSVYDSRGNPTVEVELTTEKGVFRSIVPSGASTGVHEALEMRDGDKSKWMGKGVLHAVKNVNDVIAPAFVKANIDVKDQKAVDDFLISLDGTANKSKLGANAILGVSLAASRAAAAEKNVPLYKHLADLSKSKTSPYVLPVPFLNVLNGGSHAGGALALQEFMIAPTGAKTFAEALRIGSEVYHNLKSLTKKRYGASAGNVGDEGGVAPNIQTAEEALDLIVDAIKAAGHDGKIKIGLDCASSEFFKDGKYDLDFKNPNSDKSKWLTGPQLADLYHSLMKRYPIVSIEDPFAEDDWEAWSHFFKTAGIQIVADDLTVTNPKRIATAIEKKAADALLLKVNQIGTLSESIKAAQDSFAAGWGVMVSHRSGETEDTFIADLVVGLRTGQIKTGAPARSERLAKLNQLLRIEEELGDNAVFAGENFHHGDKL;ENOLASE 1;I
;GTLSESI;MAVSKVYARSVYDSRGNPTVEVELTTEKGVFRSIVPSGASTGVHEALEMRDGDKSKWMGKGVLHAVKNVNDVIAPAFVKANIDVKDQKAVDDFLISLDGTANKSKLGANAILGVSLAASRAAAAEKNVPLYKHLADLSKSKTSPYVLPVPFLNVLNGGSHAGGALALQEFMIAPTGAKTFAEALRIGSEVYHNLKSLTKKRYGASAGNVGDEGGVAPNIQTAEEALDLIVDAIKAAGHDGKIKIGLDCASSEFFKDGKYDLDFKNPNSDKSKWLTGPQLADLYHSLMKRYPIVSIEDPFAEDDWEAWSHFFKTAGIQIVADDLTVTNPKRIATAIEKKAADALLLKVNQIGTLSESIKAAQDSFAAGWGVMVSHRSGETEDTFIADLVVGLRTGQIKTGAPARSERLAKLNQLLRIEEELGDNAVFAGENFHHGDKL;ENOLASE 1;I
;NQIGTL;MAVSKVYARSVYDSRGNPTVEVELTTEKGVFRSIVPSGASTGVHEALEMRDGDKSKWMGKGVLHAVKNVNDVIAPAFVKANIDVKDQKAVDDFLISLDGTANKSKLGANAILGVSLAASRAAAAEKNVPLYKHLADLSKSKTSPYVLPVPFLNVLNGGSHAGGALALQEFMIAPTGAKTFAEALRIGSEVYHNLKSLTKKRYGASAGNVGDEGGVAPNIQTAEEALDLIVDAIKAAGHDGKIKIGLDCASSEFFKDGKYDLDFKNPNSDKSKWLTGPQLADLYHSLMKRYPIVSIEDPFAEDDWEAWSHFFKTAGIQIVADDLTVTNPKRIATAIEKKAADALLLKVNQIGTLSESIKAAQDSFAAGWGVMVSHRSGETEDTFIADLVVGLRTGQIKTGAPARSERLAKLNQLLRIEEELGDNAVFAGENFHHGDKL;ENOLASE 1;I
;ADALL;MAVSKVYARSVYDSRGNPTVEVELTTEKGVFRSIVPSGASTGVHEALEMRDGDKSKWMGKGVLHAVKNVNDVIAPAFVKANIDVKDQKAVDDFLISLDGTANKSKLGANAILGVSLAASRAAAAEKNVPLYKHLADLSKSKTSPYVLPVPFLNVLNGGSHAGGALALQEFMIAPTGAKTFAEALRIGSEVYHNLKSLTKKRYGASAGNVGDEGGVAPNIQTAEEALDLIVDAIKAAGHDGKIKIGLDCASSEFFKDGKYDLDFKNPNSDKSKWLTGPQLADLYHSLMKRYPIVSIEDPFAEDDWEAWSHFFKTAGIQIVADDLTVTNPKRIATAIEKKAADALLLKVNQIGTLSESIKAAQDSFAAGWGVMVSHRSGETEDTFIADLVVGLRTGQIKTGAPARSERLAKLNQLLRIEEELGDNAVFAGENFHHGDKL;ENOLASE 1;I
;KAADALL;MAVSKVYARSVYDSRGNPTVEVELTTEKGVFRSIVPSGASTGVHEALEMRDGDKSKWMGKGVLHAVKNVNDVIAPAFVKANIDVKDQKAVDDFLISLDGTANKSKLGANAILGVSLAASRAAAAEKNVPLYKHLADLSKSKTSPYVLPVPFLNVLNGGSHAGGALALQEFMIAPTGAKTFAEALRIGSEVYHNLKSLTKKRYGASAGNVGDEGGVAPNIQTAEEALDLIVDAIKAAGHDGKIKIGLDCASSEFFKDGKYDLDFKNPNSDKSKWLTGPQLADLYHSLMKRYPIVSIEDPFAEDDWEAWSHFFKTAGIQIVADDLTVTNPKRIATAIEKKAADALLLKVNQIGTLSESIKAAQDSFAAGWGVMVSHRSGETEDTFIADLVVGLRTGQIKTGAPARSERLAKLNQLLRIEEELGDNAVFAGENFHHGDKL;ENOLASE 1;I
;TAIEKKAADALLL;MAVSKVYARSVYDSRGNPTVEVELTTEKGVFRSIVPSGASTGVHEALEMRDGDKSKWMGKGVLHAVKNVNDVIAPAFVKANIDVKDQKAVDDFLISLDGTANKSKLGANAILGVSLAASRAAAAEKNVPLYKHLADLSKSKTSPYVLPVPFLNVLNGGSHAGGALALQEFMIAPTGAKTFAEALRIGSEVYHNLKSLTKKRYGASAGNVGDEGGVAPNIQTAEEALDLIVDAIKAAGHDGKIKIGLDCASSEFFKDGKYDLDFKNPNSDKSKWLTGPQLADLYHSLMKRYPIVSIEDPFAEDDWEAWSHFFKTAGIQIVADDLTVTNPKRIATAIEKKAADALLLKVNQIGTLSESIKAAQDSFAAGWGVMVSHRSGETEDTFIADLVVGLRTGQIKTGAPARSERLAKLNQLLRIEEELGDNAVFAGENFHHGDKL;ENOLASE 1;I
;TAIEKKAADALLLKVN;MAVSKVYARSVYDSRGNPTVEVELTTEKGVFRSIVPSGASTGVHEALEMRDGDKSKWMGKGVLHAVKNVNDVIAPAFVKANIDVKDQKAVDDFLISLDGTANKSKLGANAILGVSLAASRAAAAEKNVPLYKHLADLSKSKTSPYVLPVPFLNVLNGGSHAGGALALQEFMIAPTGAKTFAEALRIGSEVYHNLKSLTKKRYGASAGNVGDEGGVAPNIQTAEEALDLIVDAIKAAGHDGKIKIGLDCASSEFFKDGKYDLDFKNPNSDKSKWLTGPQLADLYHSLMKRYPIVSIEDPFAEDDWEAWSHFFKTAGIQIVADDLTVTNPKRIATAIEKKAADALLLKVNQIGTLSESIKAAQDSFAAGWGVMVSHRSGETEDTFIADLVVGLRTGQIKTGAPARSERLAKLNQLLRIEEELGDNAVFAGENFHHGDKL;ENOLASE 1;I
;ATAIEK;MAVSKVYARSVYDSRGNPTVEVELTTEKGVFRSIVPSGASTGVHEALEMRDGDKSKWMGKGVLHAVKNVNDVIAPAFVKANIDVKDQKAVDDFLISLDGTANKSKLGANAILGVSLAASRAAAAEKNVPLYKHLADLSKSKTSPYVLPVPFLNVLNGGSHAGGALALQEFMIAPTGAKTFAEALRIGSEVYHNLKSLTKKRYGASAGNVGDEGGVAPNIQTAEEALDLIVDAIKAAGHDGKIKIGLDCASSEFFKDGKYDLDFKNPNSDKSKWLTGPQLADLYHSLMKRYPIVSIEDPFAEDDWEAWSHFFKTAGIQIVADDLTVTNPKRIATAIEKKAADALLLKVNQIGTLSESIKAAQDSFAAGWGVMVSHRSGETEDTFIADLVVGLRTGQIKTGAPARSERLAKLNQLLRIEEELGDNAVFAGENFHHGDKL;ENOLASE 1;I
;NPKRI;MAVSKVYARSVYDSRGNPTVEVELTTEKGVFRSIVPSGASTGVHEALEMRDGDKSKWMGKGVLHAVKNVNDVIAPAFVKANIDVKDQKAVDDFLISLDGTANKSKLGANAILGVSLAASRAAAAEKNVPLYKHLADLSKSKTSPYVLPVPFLNVLNGGSHAGGALALQEFMIAPTGAKTFAEALRIGSEVYHNLKSLTKKRYGASAGNVGDEGGVAPNIQTAEEALDLIVDAIKAAGHDGKIKIGLDCASSEFFKDGKYDLDFKNPNSDKSKWLTGPQLADLYHSLMKRYPIVSIEDPFAEDDWEAWSHFFKTAGIQIVADDLTVTNPKRIATAIEKKAADALLLKVNQIGTLSESIKAAQDSFAAGWGVMVSHRSGETEDTFIADLVVGLRTGQIKTGAPARSERLAKLNQLLRIEEELGDNAVFAGENFHHGDKL;ENOLASE 1;I
;TVTNPKRI;MAVSKVYARSVYDSRGNPTVEVELTTEKGVFRSIVPSGASTGVHEALEMRDGDKSKWMGKGVLHAVKNVNDVIAPAFVKANIDVKDQKAVDDFLISLDGTANKSKLGANAILGVSLAASRAAAAEKNVPLYKHLADLSKSKTSPYVLPVPFLNVLNGGSHAGGALALQEFMIAPTGAKTFAEALRIGSEVYHNLKSLTKKRYGASAGNVGDEGGVAPNIQTAEEALDLIVDAIKAAGHDGKIKIGLDCASSEFFKDGKYDLDFKNPNSDKSKWLTGPQLADLYHSLMKRYPIVSIEDPFAEDDWEAWSHFFKTAGIQIVADDLTVTNPKRIATAIEKKAADALLLKVNQIGTLSESIKAAQDSFAAGWGVMVSHRSGETEDTFIADLVVGLRTGQIKTGAPARSERLAKLNQLLRIEEELGDNAVFAGENFHHGDKL;ENOLASE 1;I
;TVTNPKRIA;MAVSKVYARSVYDSRGNPTVEVELTTEKGVFRSIVPSGASTGVHEALEMRDGDKSKWMGKGVLHAVKNVNDVIAPAFVKANIDVKDQKAVDDFLISLDGTANKSKLGANAILGVSLAASRAAAAEKNVPLYKHLADLSKSKTSPYVLPVPFLNVLNGGSHAGGALALQEFMIAPTGAKTFAEALRIGSEVYHNLKSLTKKRYGASAGNVGDEGGVAPNIQTAEEALDLIVDAIKAAGHDGKIKIGLDCASSEFFKDGKYDLDFKNPNSDKSKWLTGPQLADLYHSLMKRYPIVSIEDPFAEDDWEAWSHFFKTAGIQIVADDLTVTNPKRIATAIEKKAADALLLKVNQIGTLSESIKAAQDSFAAGWGVMVSHRSGETEDTFIADLVVGLRTGQIKTGAPARSERLAKLNQLLRIEEELGDNAVFAGENFHHGDKL;ENOLASE 1;I
;DLTVTNPKRIA;MAVSKVYARSVYDSRGNPTVEVELTTEKGVFRSIVPSGASTGVHEALEMRDGDKSKWMGKGVLHAVKNVNDVIAPAFVKANIDVKDQKAVDDFLISLDGTANKSKLGANAILGVSLAASRAAAAEKNVPLYKHLADLSKSKTSPYVLPVPFLNVLNGGSHAGGALALQEFMIAPTGAKTFAEALRIGSEVYHNLKSLTKKRYGASAGNVGDEGGVAPNIQTAEEALDLIVDAIKAAGHDGKIKIGLDCASSEFFKDGKYDLDFKNPNSDKSKWLTGPQLADLYHSLMKRYPIVSIEDPFAEDDWEAWSHFFKTAGIQIVADDLTVTNPKRIATAIEKKAADALLLKVNQIGTLSESIKAAQDSFAAGWGVMVSHRSGETEDTFIADLVVGLRTGQIKTGAPARSERLAKLNQLLRIEEELGDNAVFAGENFHHGDKL;ENOLASE 1;I
;DDLTVTNPKRI;MAVSKVYARSVYDSRGNPTVEVELTTEKGVFRSIVPSGASTGVHEALEMRDGDKSKWMGKGVLHAVKNVNDVIAPAFVKANIDVKDQKAVDDFLISLDGTANKSKLGANAILGVSLAASRAAAAEKNVPLYKHLADLSKSKTSPYVLPVPFLNVLNGGSHAGGALALQEFMIAPTGAKTFAEALRIGSEVYHNLKSLTKKRYGASAGNVGDEGGVAPNIQTAEEALDLIVDAIKAAGHDGKIKIGLDCASSEFFKDGKYDLDFKNPNSDKSKWLTGPQLADLYHSLMKRYPIVSIEDPFAEDDWEAWSHFFKTAGIQIVADDLTVTNPKRIATAIEKKAADALLLKVNQIGTLSESIKAAQDSFAAGWGVMVSHRSGETEDTFIADLVVGLRTGQIKTGAPARSERLAKLNQLLRIEEELGDNAVFAGENFHHGDKL;ENOLASE 1;I
;ADDLTVTNPKRIA;MAVSKVYARSVYDSRGNPTVEVELTTEKGVFRSIVPSGASTGVHEALEMRDGDKSKWMGKGVLHAVKNVNDVIAPAFVKANIDVKDQKAVDDFLISLDGTANKSKLGANAILGVSLAASRAAAAEKNVPLYKHLADLSKSKTSPYVLPVPFLNVLNGGSHAGGALALQEFMIAPTGAKTFAEALRIGSEVYHNLKSLTKKRYGASAGNVGDEGGVAPNIQTAEEALDLIVDAIKAAGHDGKIKIGLDCASSEFFKDGKYDLDFKNPNSDKSKWLTGPQLADLYHSLMKRYPIVSIEDPFAEDDWEAWSHFFKTAGIQIVADDLTVTNPKRIATAIEKKAADALLLKVNQIGTLSESIKAAQDSFAAGWGVMVSHRSGETEDTFIADLVVGLRTGQIKTGAPARSERLAKLNQLLRIEEELGDNAVFAGENFHHGDKL;ENOLASE 1;I
;GIQIVADDL;MAVSKVYARSVYDSRGNPTVEVELTTEKGVFRSIVPSGASTGVHEALEMRDGDKSKWMGKGVLHAVKNVNDVIAPAFVKANIDVKDQKAVDDFLISLDGTANKSKLGANAILGVSLAASRAAAAEKNVPLYKHLADLSKSKTSPYVLPVPFLNVLNGGSHAGGALALQEFMIAPTGAKTFAEALRIGSEVYHNLKSLTKKRYGASAGNVGDEGGVAPNIQTAEEALDLIVDAIKAAGHDGKIKIGLDCASSEFFKDGKYDLDFKNPNSDKSKWLTGPQLADLYHSLMKRYPIVSIEDPFAEDDWEAWSHFFKTAGIQIVADDLTVTNPKRIATAIEKKAADALLLKVNQIGTLSESIKAAQDSFAAGWGVMVSHRSGETEDTFIADLVVGLRTGQIKTGAPARSERLAKLNQLLRIEEELGDNAVFAGENFHHGDKL;ENOLASE 1;I
;GIQIVADDLTVTNPKRIA;MAVSKVYARSVYDSRGNPTVEVELTTEKGVFRSIVPSGASTGVHEALEMRDGDKSKWMGKGVLHAVKNVNDVIAPAFVKANIDVKDQKAVDDFLISLDGTANKSKLGANAILGVSLAASRAAAAEKNVPLYKHLADLSKSKTSPYVLPVPFLNVLNGGSHAGGALALQEFMIAPTGAKTFAEALRIGSEVYHNLKSLTKKRYGASAGNVGDEGGVAPNIQTAEEALDLIVDAIKAAGHDGKIKIGLDCASSEFFKDGKYDLDFKNPNSDKSKWLTGPQLADLYHSLMKRYPIVSIEDPFAEDDWEAWSHFFKTAGIQIVADDLTVTNPKRIATAIEKKAADALLLKVNQIGTLSESIKAAQDSFAAGWGVMVSHRSGETEDTFIADLVVGLRTGQIKTGAPARSERLAKLNQLLRIEEELGDNAVFAGENFHHGDKL;ENOLASE 1;I
;GIQIVA;MAVSKVYARSVYDSRGNPTVEVELTTEKGVFRSIVPSGASTGVHEALEMRDGDKSKWMGKGVLHAVKNVNDVIAPAFVKANIDVKDQKAVDDFLISLDGTANKSKLGANAILGVSLAASRAAAAEKNVPLYKHLADLSKSKTSPYVLPVPFLNVLNGGSHAGGALALQEFMIAPTGAKTFAEALRIGSEVYHNLKSLTKKRYGASAGNVGDEGGVAPNIQTAEEALDLIVDAIKAAGHDGKIKIGLDCASSEFFKDGKYDLDFKNPNSDKSKWLTGPQLADLYHSLMKRYPIVSIEDPFAEDDWEAWSHFFKTAGIQIVADDLTVTNPKRIATAIEKKAADALLLKVNQIGTLSESIKAAQDSFAAGWGVMVSHRSGETEDTFIADLVVGLRTGQIKTGAPARSERLAKLNQLLRIEEELGDNAVFAGENFHHGDKL;ENOLASE 1;I
;KTAGIQIVADDL;MAVSKVYARSVYDSRGNPTVEVELTTEKGVFRSIVPSGASTGVHEALEMRDGDKSKWMGKGVLHAVKNVNDVIAPAFVKANIDVKDQKAVDDFLISLDGTANKSKLGANAILGVSLAASRAAAAEKNVPLYKHLADLSKSKTSPYVLPVPFLNVLNGGSHAGGALALQEFMIAPTGAKTFAEALRIGSEVYHNLKSLTKKRYGASAGNVGDEGGVAPNIQTAEEALDLIVDAIKAAGHDGKIKIGLDCASSEFFKDGKYDLDFKNPNSDKSKWLTGPQLADLYHSLMKRYPIVSIEDPFAEDDWEAWSHFFKTAGIQIVADDLTVTNPKRIATAIEKKAADALLLKVNQIGTLSESIKAAQDSFAAGWGVMVSHRSGETEDTFIADLVVGLRTGQIKTGAPARSERLAKLNQLLRIEEELGDNAVFAGENFHHGDKL;ENOLASE 1;I
;KTAGIQ;MAVSKVYARSVYDSRGNPTVEVELTTEKGVFRSIVPSGASTGVHEALEMRDGDKSKWMGKGVLHAVKNVNDVIAPAFVKANIDVKDQKAVDDFLISLDGTANKSKLGANAILGVSLAASRAAAAEKNVPLYKHLADLSKSKTSPYVLPVPFLNVLNGGSHAGGALALQEFMIAPTGAKTFAEALRIGSEVYHNLKSLTKKRYGASAGNVGDEGGVAPNIQTAEEALDLIVDAIKAAGHDGKIKIGLDCASSEFFKDGKYDLDFKNPNSDKSKWLTGPQLADLYHSLMKRYPIVSIEDPFAEDDWEAWSHFFKTAGIQIVADDLTVTNPKRIATAIEKKAADALLLKVNQIGTLSESIKAAQDSFAAGWGVMVSHRSGETEDTFIADLVVGLRTGQIKTGAPARSERLAKLNQLLRIEEELGDNAVFAGENFHHGDKL;ENOLASE 1;I
;FFKTA;MAVSKVYARSVYDSRGNPTVEVELTTEKGVFRSIVPSGASTGVHEALEMRDGDKSKWMGKGVLHAVKNVNDVIAPAFVKANIDVKDQKAVDDFLISLDGTANKSKLGANAILGVSLAASRAAAAEKNVPLYKHLADLSKSKTSPYVLPVPFLNVLNGGSHAGGALALQEFMIAPTGAKTFAEALRIGSEVYHNLKSLTKKRYGASAGNVGDEGGVAPNIQTAEEALDLIVDAIKAAGHDGKIKIGLDCASSEFFKDGKYDLDFKNPNSDKSKWLTGPQLADLYHSLMKRYPIVSIEDPFAEDDWEAWSHFFKTAGIQIVADDLTVTNPKRIATAIEKKAADALLLKVNQIGTLSESIKAAQDSFAAGWGVMVSHRSGETEDTFIADLVVGLRTGQIKTGAPARSERLAKLNQLLRIEEELGDNAVFAGENFHHGDKL;ENOLASE 1;I
;EDPFA;MAVSKVYARSVYDSRGNPTVEVELTTEKGVFRSIVPSGASTGVHEALEMRDGDKSKWMGKGVLHAVKNVNDVIAPAFVKANIDVKDQKAVDDFLISLDGTANKSKLGANAILGVSLAASRAAAAEKNVPLYKHLADLSKSKTSPYVLPVPFLNVLNGGSHAGGALALQEFMIAPTGAKTFAEALRIGSEVYHNLKSLTKKRYGASAGNVGDEGGVAPNIQTAEEALDLIVDAIKAAGHDGKIKIGLDCASSEFFKDGKYDLDFKNPNSDKSKWLTGPQLADLYHSLMKRYPIVSIEDPFAEDDWEAWSHFFKTAGIQIVADDLTVTNPKRIATAIEKKAADALLLKVNQIGTLSESIKAAQDSFAAGWGVMVSHRSGETEDTFIADLVVGLRTGQIKTGAPARSERLAKLNQLLRIEEELGDNAVFAGENFHHGDKL;ENOLASE 1;I
;PIVSI;MAVSKVYARSVYDSRGNPTVEVELTTEKGVFRSIVPSGASTGVHEALEMRDGDKSKWMGKGVLHAVKNVNDVIAPAFVKANIDVKDQKAVDDFLISLDGTANKSKLGANAILGVSLAASRAAAAEKNVPLYKHLADLSKSKTSPYVLPVPFLNVLNGGSHAGGALALQEFMIAPTGAKTFAEALRIGSEVYHNLKSLTKKRYGASAGNVGDEGGVAPNIQTAEEALDLIVDAIKAAGHDGKIKIGLDCASSEFFKDGKYDLDFKNPNSDKSKWLTGPQLADLYHSLMKRYPIVSIEDPFAEDDWEAWSHFFKTAGIQIVADDLTVTNPKRIATAIEKKAADALLLKVNQIGTLSESIKAAQDSFAAGWGVMVSHRSGETEDTFIADLVVGLRTGQIKTGAPARSERLAKLNQLLRIEEELGDNAVFAGENFHHGDKL;ENOLASE 1;I
;YPIVSI;MAVSKVYARSVYDSRGNPTVEVELTTEKGVFRSIVPSGASTGVHEALEMRDGDKSKWMGKGVLHAVKNVNDVIAPAFVKANIDVKDQKAVDDFLISLDGTANKSKLGANAILGVSLAASRAAAAEKNVPLYKHLADLSKSKTSPYVLPVPFLNVLNGGSHAGGALALQEFMIAPTGAKTFAEALRIGSEVYHNLKSLTKKRYGASAGNVGDEGGVAPNIQTAEEALDLIVDAIKAAGHDGKIKIGLDCASSEFFKDGKYDLDFKNPNSDKSKWLTGPQLADLYHSLMKRYPIVSIEDPFAEDDWEAWSHFFKTAGIQIVADDLTVTNPKRIATAIEKKAADALLLKVNQIGTLSESIKAAQDSFAAGWGVMVSHRSGETEDTFIADLVVGLRTGQIKTGAPARSERLAKLNQLLRIEEELGDNAVFAGENFHHGDKL;ENOLASE 1;I
;MKRY;MAVSKVYARSVYDSRGNPTVEVELTTEKGVFRSIVPSGASTGVHEALEMRDGDKSKWMGKGVLHAVKNVNDVIAPAFVKANIDVKDQKAVDDFLISLDGTANKSKLGANAILGVSLAASRAAAAEKNVPLYKHLADLSKSKTSPYVLPVPFLNVLNGGSHAGGALALQEFMIAPTGAKTFAEALRIGSEVYHNLKSLTKKRYGASAGNVGDEGGVAPNIQTAEEALDLIVDAIKAAGHDGKIKIGLDCASSEFFKDGKYDLDFKNPNSDKSKWLTGPQLADLYHSLMKRYPIVSIEDPFAEDDWEAWSHFFKTAGIQIVADDLTVTNPKRIATAIEKKAADALLLKVNQIGTLSESIKAAQDSFAAGWGVMVSHRSGETEDTFIADLVVGLRTGQIKTGAPARSERLAKLNQLLRIEEELGDNAVFAGENFHHGDKL;ENOLASE 1;I
;ADLYHSL;MAVSKVYARSVYDSRGNPTVEVELTTEKGVFRSIVPSGASTGVHEALEMRDGDKSKWMGKGVLHAVKNVNDVIAPAFVKANIDVKDQKAVDDFLISLDGTANKSKLGANAILGVSLAASRAAAAEKNVPLYKHLADLSKSKTSPYVLPVPFLNVLNGGSHAGGALALQEFMIAPTGAKTFAEALRIGSEVYHNLKSLTKKRYGASAGNVGDEGGVAPNIQTAEEALDLIVDAIKAAGHDGKIKIGLDCASSEFFKDGKYDLDFKNPNSDKSKWLTGPQLADLYHSLMKRYPIVSIEDPFAEDDWEAWSHFFKTAGIQIVADDLTVTNPKRIATAIEKKAADALLLKVNQIGTLSESIKAAQDSFAAGWGVMVSHRSGETEDTFIADLVVGLRTGQIKTGAPARSERLAKLNQLLRIEEELGDNAVFAGENFHHGDKL;ENOLASE 1;I
;LTGPQLADLY;MAVSKVYARSVYDSRGNPTVEVELTTEKGVFRSIVPSGASTGVHEALEMRDGDKSKWMGKGVLHAVKNVNDVIAPAFVKANIDVKDQKAVDDFLISLDGTANKSKLGANAILGVSLAASRAAAAEKNVPLYKHLADLSKSKTSPYVLPVPFLNVLNGGSHAGGALALQEFMIAPTGAKTFAEALRIGSEVYHNLKSLTKKRYGASAGNVGDEGGVAPNIQTAEEALDLIVDAIKAAGHDGKIKIGLDCASSEFFKDGKYDLDFKNPNSDKSKWLTGPQLADLYHSLMKRYPIVSIEDPFAEDDWEAWSHFFKTAGIQIVADDLTVTNPKRIATAIEKKAADALLLKVNQIGTLSESIKAAQDSFAAGWGVMVSHRSGETEDTFIADLVVGLRTGQIKTGAPARSERLAKLNQLLRIEEELGDNAVFAGENFHHGDKL;ENOLASE 1;I
;KDGKYDLDFK;MAVSKVYARSVYDSRGNPTVEVELTTEKGVFRSIVPSGASTGVHEALEMRDGDKSKWMGKGVLHAVKNVNDVIAPAFVKANIDVKDQKAVDDFLISLDGTANKSKLGANAILGVSLAASRAAAAEKNVPLYKHLADLSKSKTSPYVLPVPFLNVLNGGSHAGGALALQEFMIAPTGAKTFAEALRIGSEVYHNLKSLTKKRYGASAGNVGDEGGVAPNIQTAEEALDLIVDAIKAAGHDGKIKIGLDCASSEFFKDGKYDLDFKNPNSDKSKWLTGPQLADLYHSLMKRYPIVSIEDPFAEDDWEAWSHFFKTAGIQIVADDLTVTNPKRIATAIEKKAADALLLKVNQIGTLSESIKAAQDSFAAGWGVMVSHRSGETEDTFIADLVVGLRTGQIKTGAPARSERLAKLNQLLRIEEELGDNAVFAGENFHHGDKL;ENOLASE 1;I
;KDGKYDL;MAVSKVYARSVYDSRGNPTVEVELTTEKGVFRSIVPSGASTGVHEALEMRDGDKSKWMGKGVLHAVKNVNDVIAPAFVKANIDVKDQKAVDDFLISLDGTANKSKLGANAILGVSLAASRAAAAEKNVPLYKHLADLSKSKTSPYVLPVPFLNVLNGGSHAGGALALQEFMIAPTGAKTFAEALRIGSEVYHNLKSLTKKRYGASAGNVGDEGGVAPNIQTAEEALDLIVDAIKAAGHDGKIKIGLDCASSEFFKDGKYDLDFKNPNSDKSKWLTGPQLADLYHSLMKRYPIVSIEDPFAEDDWEAWSHFFKTAGIQIVADDLTVTNPKRIATAIEKKAADALLLKVNQIGTLSESIKAAQDSFAAGWGVMVSHRSGETEDTFIADLVVGLRTGQIKTGAPARSERLAKLNQLLRIEEELGDNAVFAGENFHHGDKL;ENOLASE 1;I
;DLIVDAIKAAGHDGKIK;MAVSKVYARSVYDSRGNPTVEVELTTEKGVFRSIVPSGASTGVHEALEMRDGDKSKWMGKGVLHAVKNVNDVIAPAFVKANIDVKDQKAVDDFLISLDGTANKSKLGANAILGVSLAASRAAAAEKNVPLYKHLADLSKSKTSPYVLPVPFLNVLNGGSHAGGALALQEFMIAPTGAKTFAEALRIGSEVYHNLKSLTKKRYGASAGNVGDEGGVAPNIQTAEEALDLIVDAIKAAGHDGKIKIGLDCASSEFFKDGKYDLDFKNPNSDKSKWLTGPQLADLYHSLMKRYPIVSIEDPFAEDDWEAWSHFFKTAGIQIVADDLTVTNPKRIATAIEKKAADALLLKVNQIGTLSESIKAAQDSFAAGWGVMVSHRSGETEDTFIADLVVGLRTGQIKTGAPARSERLAKLNQLLRIEEELGDNAVFAGENFHHGDKL;ENOLASE 1;I
;DLIVDAIKA;MAVSKVYARSVYDSRGNPTVEVELTTEKGVFRSIVPSGASTGVHEALEMRDGDKSKWMGKGVLHAVKNVNDVIAPAFVKANIDVKDQKAVDDFLISLDGTANKSKLGANAILGVSLAASRAAAAEKNVPLYKHLADLSKSKTSPYVLPVPFLNVLNGGSHAGGALALQEFMIAPTGAKTFAEALRIGSEVYHNLKSLTKKRYGASAGNVGDEGGVAPNIQTAEEALDLIVDAIKAAGHDGKIKIGLDCASSEFFKDGKYDLDFKNPNSDKSKWLTGPQLADLYHSLMKRYPIVSIEDPFAEDDWEAWSHFFKTAGIQIVADDLTVTNPKRIATAIEKKAADALLLKVNQIGTLSESIKAAQDSFAAGWGVMVSHRSGETEDTFIADLVVGLRTGQIKTGAPARSERLAKLNQLLRIEEELGDNAVFAGENFHHGDKL;ENOLASE 1;I
;DLIVDAI;MAVSKVYARSVYDSRGNPTVEVELTTEKGVFRSIVPSGASTGVHEALEMRDGDKSKWMGKGVLHAVKNVNDVIAPAFVKANIDVKDQKAVDDFLISLDGTANKSKLGANAILGVSLAASRAAAAEKNVPLYKHLADLSKSKTSPYVLPVPFLNVLNGGSHAGGALALQEFMIAPTGAKTFAEALRIGSEVYHNLKSLTKKRYGASAGNVGDEGGVAPNIQTAEEALDLIVDAIKAAGHDGKIKIGLDCASSEFFKDGKYDLDFKNPNSDKSKWLTGPQLADLYHSLMKRYPIVSIEDPFAEDDWEAWSHFFKTAGIQIVADDLTVTNPKRIATAIEKKAADALLLKVNQIGTLSESIKAAQDSFAAGWGVMVSHRSGETEDTFIADLVVGLRTGQIKTGAPARSERLAKLNQLLRIEEELGDNAVFAGENFHHGDKL;ENOLASE 1;I
;ALDLIVD;MAVSKVYARSVYDSRGNPTVEVELTTEKGVFRSIVPSGASTGVHEALEMRDGDKSKWMGKGVLHAVKNVNDVIAPAFVKANIDVKDQKAVDDFLISLDGTANKSKLGANAILGVSLAASRAAAAEKNVPLYKHLADLSKSKTSPYVLPVPFLNVLNGGSHAGGALALQEFMIAPTGAKTFAEALRIGSEVYHNLKSLTKKRYGASAGNVGDEGGVAPNIQTAEEALDLIVDAIKAAGHDGKIKIGLDCASSEFFKDGKYDLDFKNPNSDKSKWLTGPQLADLYHSLMKRYPIVSIEDPFAEDDWEAWSHFFKTAGIQIVADDLTVTNPKRIATAIEKKAADALLLKVNQIGTLSESIKAAQDSFAAGWGVMVSHRSGETEDTFIADLVVGLRTGQIKTGAPARSERLAKLNQLLRIEEELGDNAVFAGENFHHGDKL;ENOLASE 1;I
;AEEALDLIVDAI;MAVSKVYARSVYDSRGNPTVEVELTTEKGVFRSIVPSGASTGVHEALEMRDGDKSKWMGKGVLHAVKNVNDVIAPAFVKANIDVKDQKAVDDFLISLDGTANKSKLGANAILGVSLAASRAAAAEKNVPLYKHLADLSKSKTSPYVLPVPFLNVLNGGSHAGGALALQEFMIAPTGAKTFAEALRIGSEVYHNLKSLTKKRYGASAGNVGDEGGVAPNIQTAEEALDLIVDAIKAAGHDGKIKIGLDCASSEFFKDGKYDLDFKNPNSDKSKWLTGPQLADLYHSLMKRYPIVSIEDPFAEDDWEAWSHFFKTAGIQIVADDLTVTNPKRIATAIEKKAADALLLKVNQIGTLSESIKAAQDSFAAGWGVMVSHRSGETEDTFIADLVVGLRTGQIKTGAPARSERLAKLNQLLRIEEELGDNAVFAGENFHHGDKL;ENOLASE 1;I
;EGGVAPNIQT;MAVSKVYARSVYDSRGNPTVEVELTTEKGVFRSIVPSGASTGVHEALEMRDGDKSKWMGKGVLHAVKNVNDVIAPAFVKANIDVKDQKAVDDFLISLDGTANKSKLGANAILGVSLAASRAAAAEKNVPLYKHLADLSKSKTSPYVLPVPFLNVLNGGSHAGGALALQEFMIAPTGAKTFAEALRIGSEVYHNLKSLTKKRYGASAGNVGDEGGVAPNIQTAEEALDLIVDAIKAAGHDGKIKIGLDCASSEFFKDGKYDLDFKNPNSDKSKWLTGPQLADLYHSLMKRYPIVSIEDPFAEDDWEAWSHFFKTAGIQIVADDLTVTNPKRIATAIEKKAADALLLKVNQIGTLSESIKAAQDSFAAGWGVMVSHRSGETEDTFIADLVVGLRTGQIKTGAPARSERLAKLNQLLRIEEELGDNAVFAGENFHHGDKL;ENOLASE 1;I
;EGGVAPNIQTA;MAVSKVYARSVYDSRGNPTVEVELTTEKGVFRSIVPSGASTGVHEALEMRDGDKSKWMGKGVLHAVKNVNDVIAPAFVKANIDVKDQKAVDDFLISLDGTANKSKLGANAILGVSLAASRAAAAEKNVPLYKHLADLSKSKTSPYVLPVPFLNVLNGGSHAGGALALQEFMIAPTGAKTFAEALRIGSEVYHNLKSLTKKRYGASAGNVGDEGGVAPNIQTAEEALDLIVDAIKAAGHDGKIKIGLDCASSEFFKDGKYDLDFKNPNSDKSKWLTGPQLADLYHSLMKRYPIVSIEDPFAEDDWEAWSHFFKTAGIQIVADDLTVTNPKRIATAIEKKAADALLLKVNQIGTLSESIKAAQDSFAAGWGVMVSHRSGETEDTFIADLVVGLRTGQIKTGAPARSERLAKLNQLLRIEEELGDNAVFAGENFHHGDKL;ENOLASE 1;I
;EGGVAPNIQTAE;MAVSKVYARSVYDSRGNPTVEVELTTEKGVFRSIVPSGASTGVHEALEMRDGDKSKWMGKGVLHAVKNVNDVIAPAFVKANIDVKDQKAVDDFLISLDGTANKSKLGANAILGVSLAASRAAAAEKNVPLYKHLADLSKSKTSPYVLPVPFLNVLNGGSHAGGALALQEFMIAPTGAKTFAEALRIGSEVYHNLKSLTKKRYGASAGNVGDEGGVAPNIQTAEEALDLIVDAIKAAGHDGKIKIGLDCASSEFFKDGKYDLDFKNPNSDKSKWLTGPQLADLYHSLMKRYPIVSIEDPFAEDDWEAWSHFFKTAGIQIVADDLTVTNPKRIATAIEKKAADALLLKVNQIGTLSESIKAAQDSFAAGWGVMVSHRSGETEDTFIADLVVGLRTGQIKTGAPARSERLAKLNQLLRIEEELGDNAVFAGENFHHGDKL;ENOLASE 1;I
;GNVGDEGGVA;MAVSKVYARSVYDSRGNPTVEVELTTEKGVFRSIVPSGASTGVHEALEMRDGDKSKWMGKGVLHAVKNVNDVIAPAFVKANIDVKDQKAVDDFLISLDGTANKSKLGANAILGVSLAASRAAAAEKNVPLYKHLADLSKSKTSPYVLPVPFLNVLNGGSHAGGALALQEFMIAPTGAKTFAEALRIGSEVYHNLKSLTKKRYGASAGNVGDEGGVAPNIQTAEEALDLIVDAIKAAGHDGKIKIGLDCASSEFFKDGKYDLDFKNPNSDKSKWLTGPQLADLYHSLMKRYPIVSIEDPFAEDDWEAWSHFFKTAGIQIVADDLTVTNPKRIATAIEKKAADALLLKVNQIGTLSESIKAAQDSFAAGWGVMVSHRSGETEDTFIADLVVGLRTGQIKTGAPARSERLAKLNQLLRIEEELGDNAVFAGENFHHGDKL;ENOLASE 1;I
;SAGNVGDEGGVAPNI;MAVSKVYARSVYDSRGNPTVEVELTTEKGVFRSIVPSGASTGVHEALEMRDGDKSKWMGKGVLHAVKNVNDVIAPAFVKANIDVKDQKAVDDFLISLDGTANKSKLGANAILGVSLAASRAAAAEKNVPLYKHLADLSKSKTSPYVLPVPFLNVLNGGSHAGGALALQEFMIAPTGAKTFAEALRIGSEVYHNLKSLTKKRYGASAGNVGDEGGVAPNIQTAEEALDLIVDAIKAAGHDGKIKIGLDCASSEFFKDGKYDLDFKNPNSDKSKWLTGPQLADLYHSLMKRYPIVSIEDPFAEDDWEAWSHFFKTAGIQIVADDLTVTNPKRIATAIEKKAADALLLKVNQIGTLSESIKAAQDSFAAGWGVMVSHRSGETEDTFIADLVVGLRTGQIKTGAPARSERLAKLNQLLRIEEELGDNAVFAGENFHHGDKL;ENOLASE 1;I
;GASAGNVGDEGGVAPNI;MAVSKVYARSVYDSRGNPTVEVELTTEKGVFRSIVPSGASTGVHEALEMRDGDKSKWMGKGVLHAVKNVNDVIAPAFVKANIDVKDQKAVDDFLISLDGTANKSKLGANAILGVSLAASRAAAAEKNVPLYKHLADLSKSKTSPYVLPVPFLNVLNGGSHAGGALALQEFMIAPTGAKTFAEALRIGSEVYHNLKSLTKKRYGASAGNVGDEGGVAPNIQTAEEALDLIVDAIKAAGHDGKIKIGLDCASSEFFKDGKYDLDFKNPNSDKSKWLTGPQLADLYHSLMKRYPIVSIEDPFAEDDWEAWSHFFKTAGIQIVADDLTVTNPKRIATAIEKKAADALLLKVNQIGTLSESIKAAQDSFAAGWGVMVSHRSGETEDTFIADLVVGLRTGQIKTGAPARSERLAKLNQLLRIEEELGDNAVFAGENFHHGDKL;ENOLASE 1;I
;YGASAGNVG;MAVSKVYARSVYDSRGNPTVEVELTTEKGVFRSIVPSGASTGVHEALEMRDGDKSKWMGKGVLHAVKNVNDVIAPAFVKANIDVKDQKAVDDFLISLDGTANKSKLGANAILGVSLAASRAAAAEKNVPLYKHLADLSKSKTSPYVLPVPFLNVLNGGSHAGGALALQEFMIAPTGAKTFAEALRIGSEVYHNLKSLTKKRYGASAGNVGDEGGVAPNIQTAEEALDLIVDAIKAAGHDGKIKIGLDCASSEFFKDGKYDLDFKNPNSDKSKWLTGPQLADLYHSLMKRYPIVSIEDPFAEDDWEAWSHFFKTAGIQIVADDLTVTNPKRIATAIEKKAADALLLKVNQIGTLSESIKAAQDSFAAGWGVMVSHRSGETEDTFIADLVVGLRTGQIKTGAPARSERLAKLNQLLRIEEELGDNAVFAGENFHHGDKL;ENOLASE 1;I
;GSEVY;MAVSKVYARSVYDSRGNPTVEVELTTEKGVFRSIVPSGASTGVHEALEMRDGDKSKWMGKGVLHAVKNVNDVIAPAFVKANIDVKDQKAVDDFLISLDGTANKSKLGANAILGVSLAASRAAAAEKNVPLYKHLADLSKSKTSPYVLPVPFLNVLNGGSHAGGALALQEFMIAPTGAKTFAEALRIGSEVYHNLKSLTKKRYGASAGNVGDEGGVAPNIQTAEEALDLIVDAIKAAGHDGKIKIGLDCASSEFFKDGKYDLDFKNPNSDKSKWLTGPQLADLYHSLMKRYPIVSIEDPFAEDDWEAWSHFFKTAGIQIVADDLTVTNPKRIATAIEKKAADALLLKVNQIGTLSESIKAAQDSFAAGWGVMVSHRSGETEDTFIADLVVGLRTGQIKTGAPARSERLAKLNQLLRIEEELGDNAVFAGENFHHGDKL;ENOLASE 1;I
;GSEVYHNL;MAVSKVYARSVYDSRGNPTVEVELTTEKGVFRSIVPSGASTGVHEALEMRDGDKSKWMGKGVLHAVKNVNDVIAPAFVKANIDVKDQKAVDDFLISLDGTANKSKLGANAILGVSLAASRAAAAEKNVPLYKHLADLSKSKTSPYVLPVPFLNVLNGGSHAGGALALQEFMIAPTGAKTFAEALRIGSEVYHNLKSLTKKRYGASAGNVGDEGGVAPNIQTAEEALDLIVDAIKAAGHDGKIKIGLDCASSEFFKDGKYDLDFKNPNSDKSKWLTGPQLADLYHSLMKRYPIVSIEDPFAEDDWEAWSHFFKTAGIQIVADDLTVTNPKRIATAIEKKAADALLLKVNQIGTLSESIKAAQDSFAAGWGVMVSHRSGETEDTFIADLVVGLRTGQIKTGAPARSERLAKLNQLLRIEEELGDNAVFAGENFHHGDKL;ENOLASE 1;I
;GSEVYHNLK;MAVSKVYARSVYDSRGNPTVEVELTTEKGVFRSIVPSGASTGVHEALEMRDGDKSKWMGKGVLHAVKNVNDVIAPAFVKANIDVKDQKAVDDFLISLDGTANKSKLGANAILGVSLAASRAAAAEKNVPLYKHLADLSKSKTSPYVLPVPFLNVLNGGSHAGGALALQEFMIAPTGAKTFAEALRIGSEVYHNLKSLTKKRYGASAGNVGDEGGVAPNIQTAEEALDLIVDAIKAAGHDGKIKIGLDCASSEFFKDGKYDLDFKNPNSDKSKWLTGPQLADLYHSLMKRYPIVSIEDPFAEDDWEAWSHFFKTAGIQIVADDLTVTNPKRIATAIEKKAADALLLKVNQIGTLSESIKAAQDSFAAGWGVMVSHRSGETEDTFIADLVVGLRTGQIKTGAPARSERLAKLNQLLRIEEELGDNAVFAGENFHHGDKL;ENOLASE 1;I
;RIGSEVYHNL;MAVSKVYARSVYDSRGNPTVEVELTTEKGVFRSIVPSGASTGVHEALEMRDGDKSKWMGKGVLHAVKNVNDVIAPAFVKANIDVKDQKAVDDFLISLDGTANKSKLGANAILGVSLAASRAAAAEKNVPLYKHLADLSKSKTSPYVLPVPFLNVLNGGSHAGGALALQEFMIAPTGAKTFAEALRIGSEVYHNLKSLTKKRYGASAGNVGDEGGVAPNIQTAEEALDLIVDAIKAAGHDGKIKIGLDCASSEFFKDGKYDLDFKNPNSDKSKWLTGPQLADLYHSLMKRYPIVSIEDPFAEDDWEAWSHFFKTAGIQIVADDLTVTNPKRIATAIEKKAADALLLKVNQIGTLSESIKAAQDSFAAGWGVMVSHRSGETEDTFIADLVVGLRTGQIKTGAPARSERLAKLNQLLRIEEELGDNAVFAGENFHHGDKL;ENOLASE 1;I
;RIGSEVY;MAVSKVYARSVYDSRGNPTVEVELTTEKGVFRSIVPSGASTGVHEALEMRDGDKSKWMGKGVLHAVKNVNDVIAPAFVKANIDVKDQKAVDDFLISLDGTANKSKLGANAILGVSLAASRAAAAEKNVPLYKHLADLSKSKTSPYVLPVPFLNVLNGGSHAGGALALQEFMIAPTGAKTFAEALRIGSEVYHNLKSLTKKRYGASAGNVGDEGGVAPNIQTAEEALDLIVDAIKAAGHDGKIKIGLDCASSEFFKDGKYDLDFKNPNSDKSKWLTGPQLADLYHSLMKRYPIVSIEDPFAEDDWEAWSHFFKTAGIQIVADDLTVTNPKRIATAIEKKAADALLLKVNQIGTLSESIKAAQDSFAAGWGVMVSHRSGETEDTFIADLVVGLRTGQIKTGAPARSERLAKLNQLLRIEEELGDNAVFAGENFHHGDKL;ENOLASE 1;I
;AEALRIGSEVY;MAVSKVYARSVYDSRGNPTVEVELTTEKGVFRSIVPSGASTGVHEALEMRDGDKSKWMGKGVLHAVKNVNDVIAPAFVKANIDVKDQKAVDDFLISLDGTANKSKLGANAILGVSLAASRAAAAEKNVPLYKHLADLSKSKTSPYVLPVPFLNVLNGGSHAGGALALQEFMIAPTGAKTFAEALRIGSEVYHNLKSLTKKRYGASAGNVGDEGGVAPNIQTAEEALDLIVDAIKAAGHDGKIKIGLDCASSEFFKDGKYDLDFKNPNSDKSKWLTGPQLADLYHSLMKRYPIVSIEDPFAEDDWEAWSHFFKTAGIQIVADDLTVTNPKRIATAIEKKAADALLLKVNQIGTLSESIKAAQDSFAAGWGVMVSHRSGETEDTFIADLVVGLRTGQIKTGAPARSERLAKLNQLLRIEEELGDNAVFAGENFHHGDKL;ENOLASE 1;I
;AEALRI;MAVSKVYARSVYDSRGNPTVEVELTTEKGVFRSIVPSGASTGVHEALEMRDGDKSKWMGKGVLHAVKNVNDVIAPAFVKANIDVKDQKAVDDFLISLDGTANKSKLGANAILGVSLAASRAAAAEKNVPLYKHLADLSKSKTSPYVLPVPFLNVLNGGSHAGGALALQEFMIAPTGAKTFAEALRIGSEVYHNLKSLTKKRYGASAGNVGDEGGVAPNIQTAEEALDLIVDAIKAAGHDGKIKIGLDCASSEFFKDGKYDLDFKNPNSDKSKWLTGPQLADLYHSLMKRYPIVSIEDPFAEDDWEAWSHFFKTAGIQIVADDLTVTNPKRIATAIEKKAADALLLKVNQIGTLSESIKAAQDSFAAGWGVMVSHRSGETEDTFIADLVVGLRTGQIKTGAPARSERLAKLNQLLRIEEELGDNAVFAGENFHHGDKL;ENOLASE 1;I
;KTFAEAL;MAVSKVYARSVYDSRGNPTVEVELTTEKGVFRSIVPSGASTGVHEALEMRDGDKSKWMGKGVLHAVKNVNDVIAPAFVKANIDVKDQKAVDDFLISLDGTANKSKLGANAILGVSLAASRAAAAEKNVPLYKHLADLSKSKTSPYVLPVPFLNVLNGGSHAGGALALQEFMIAPTGAKTFAEALRIGSEVYHNLKSLTKKRYGASAGNVGDEGGVAPNIQTAEEALDLIVDAIKAAGHDGKIKIGLDCASSEFFKDGKYDLDFKNPNSDKSKWLTGPQLADLYHSLMKRYPIVSIEDPFAEDDWEAWSHFFKTAGIQIVADDLTVTNPKRIATAIEKKAADALLLKVNQIGTLSESIKAAQDSFAAGWGVMVSHRSGETEDTFIADLVVGLRTGQIKTGAPARSERLAKLNQLLRIEEELGDNAVFAGENFHHGDKL;ENOLASE 1;I
;APTGAKTFAEAL;MAVSKVYARSVYDSRGNPTVEVELTTEKGVFRSIVPSGASTGVHEALEMRDGDKSKWMGKGVLHAVKNVNDVIAPAFVKANIDVKDQKAVDDFLISLDGTANKSKLGANAILGVSLAASRAAAAEKNVPLYKHLADLSKSKTSPYVLPVPFLNVLNGGSHAGGALALQEFMIAPTGAKTFAEALRIGSEVYHNLKSLTKKRYGASAGNVGDEGGVAPNIQTAEEALDLIVDAIKAAGHDGKIKIGLDCASSEFFKDGKYDLDFKNPNSDKSKWLTGPQLADLYHSLMKRYPIVSIEDPFAEDDWEAWSHFFKTAGIQIVADDLTVTNPKRIATAIEKKAADALLLKVNQIGTLSESIKAAQDSFAAGWGVMVSHRSGETEDTFIADLVVGLRTGQIKTGAPARSERLAKLNQLLRIEEELGDNAVFAGENFHHGDKL;ENOLASE 1;I
;APTGAKTF;MAVSKVYARSVYDSRGNPTVEVELTTEKGVFRSIVPSGASTGVHEALEMRDGDKSKWMGKGVLHAVKNVNDVIAPAFVKANIDVKDQKAVDDFLISLDGTANKSKLGANAILGVSLAASRAAAAEKNVPLYKHLADLSKSKTSPYVLPVPFLNVLNGGSHAGGALALQEFMIAPTGAKTFAEALRIGSEVYHNLKSLTKKRYGASAGNVGDEGGVAPNIQTAEEALDLIVDAIKAAGHDGKIKIGLDCASSEFFKDGKYDLDFKNPNSDKSKWLTGPQLADLYHSLMKRYPIVSIEDPFAEDDWEAWSHFFKTAGIQIVADDLTVTNPKRIATAIEKKAADALLLKVNQIGTLSESIKAAQDSFAAGWGVMVSHRSGETEDTFIADLVVGLRTGQIKTGAPARSERLAKLNQLLRIEEELGDNAVFAGENFHHGDKL;ENOLASE 1;I
;MIAPTGA;MAVSKVYARSVYDSRGNPTVEVELTTEKGVFRSIVPSGASTGVHEALEMRDGDKSKWMGKGVLHAVKNVNDVIAPAFVKANIDVKDQKAVDDFLISLDGTANKSKLGANAILGVSLAASRAAAAEKNVPLYKHLADLSKSKTSPYVLPVPFLNVLNGGSHAGGALALQEFMIAPTGAKTFAEALRIGSEVYHNLKSLTKKRYGASAGNVGDEGGVAPNIQTAEEALDLIVDAIKAAGHDGKIKIGLDCASSEFFKDGKYDLDFKNPNSDKSKWLTGPQLADLYHSLMKRYPIVSIEDPFAEDDWEAWSHFFKTAGIQIVADDLTVTNPKRIATAIEKKAADALLLKVNQIGTLSESIKAAQDSFAAGWGVMVSHRSGETEDTFIADLVVGLRTGQIKTGAPARSERLAKLNQLLRIEEELGDNAVFAGENFHHGDKL;ENOLASE 1;I
;MIAPTGAKTFAEAL;MAVSKVYARSVYDSRGNPTVEVELTTEKGVFRSIVPSGASTGVHEALEMRDGDKSKWMGKGVLHAVKNVNDVIAPAFVKANIDVKDQKAVDDFLISLDGTANKSKLGANAILGVSLAASRAAAAEKNVPLYKHLADLSKSKTSPYVLPVPFLNVLNGGSHAGGALALQEFMIAPTGAKTFAEALRIGSEVYHNLKSLTKKRYGASAGNVGDEGGVAPNIQTAEEALDLIVDAIKAAGHDGKIKIGLDCASSEFFKDGKYDLDFKNPNSDKSKWLTGPQLADLYHSLMKRYPIVSIEDPFAEDDWEAWSHFFKTAGIQIVADDLTVTNPKRIATAIEKKAADALLLKVNQIGTLSESIKAAQDSFAAGWGVMVSHRSGETEDTFIADLVVGLRTGQIKTGAPARSERLAKLNQLLRIEEELGDNAVFAGENFHHGDKL;ENOLASE 1;I
;QEFMIAPTGAKTF;MAVSKVYARSVYDSRGNPTVEVELTTEKGVFRSIVPSGASTGVHEALEMRDGDKSKWMGKGVLHAVKNVNDVIAPAFVKANIDVKDQKAVDDFLISLDGTANKSKLGANAILGVSLAASRAAAAEKNVPLYKHLADLSKSKTSPYVLPVPFLNVLNGGSHAGGALALQEFMIAPTGAKTFAEALRIGSEVYHNLKSLTKKRYGASAGNVGDEGGVAPNIQTAEEALDLIVDAIKAAGHDGKIKIGLDCASSEFFKDGKYDLDFKNPNSDKSKWLTGPQLADLYHSLMKRYPIVSIEDPFAEDDWEAWSHFFKTAGIQIVADDLTVTNPKRIATAIEKKAADALLLKVNQIGTLSESIKAAQDSFAAGWGVMVSHRSGETEDTFIADLVVGLRTGQIKTGAPARSERLAKLNQLLRIEEELGDNAVFAGENFHHGDKL;ENOLASE 1;I
;NGGSHAGGAL;MAVSKVYARSVYDSRGNPTVEVELTTEKGVFRSIVPSGASTGVHEALEMRDGDKSKWMGKGVLHAVKNVNDVIAPAFVKANIDVKDQKAVDDFLISLDGTANKSKLGANAILGVSLAASRAAAAEKNVPLYKHLADLSKSKTSPYVLPVPFLNVLNGGSHAGGALALQEFMIAPTGAKTFAEALRIGSEVYHNLKSLTKKRYGASAGNVGDEGGVAPNIQTAEEALDLIVDAIKAAGHDGKIKIGLDCASSEFFKDGKYDLDFKNPNSDKSKWLTGPQLADLYHSLMKRYPIVSIEDPFAEDDWEAWSHFFKTAGIQIVADDLTVTNPKRIATAIEKKAADALLLKVNQIGTLSESIKAAQDSFAAGWGVMVSHRSGETEDTFIADLVVGLRTGQIKTGAPARSERLAKLNQLLRIEEELGDNAVFAGENFHHGDKL;ENOLASE 1;I
;NGGSHAGGALALQEF;MAVSKVYARSVYDSRGNPTVEVELTTEKGVFRSIVPSGASTGVHEALEMRDGDKSKWMGKGVLHAVKNVNDVIAPAFVKANIDVKDQKAVDDFLISLDGTANKSKLGANAILGVSLAASRAAAAEKNVPLYKHLADLSKSKTSPYVLPVPFLNVLNGGSHAGGALALQEFMIAPTGAKTFAEALRIGSEVYHNLKSLTKKRYGASAGNVGDEGGVAPNIQTAEEALDLIVDAIKAAGHDGKIKIGLDCASSEFFKDGKYDLDFKNPNSDKSKWLTGPQLADLYHSLMKRYPIVSIEDPFAEDDWEAWSHFFKTAGIQIVADDLTVTNPKRIATAIEKKAADALLLKVNQIGTLSESIKAAQDSFAAGWGVMVSHRSGETEDTFIADLVVGLRTGQIKTGAPARSERLAKLNQLLRIEEELGDNAVFAGENFHHGDKL;ENOLASE 1;I
;PVPFLNVL;MAVSKVYARSVYDSRGNPTVEVELTTEKGVFRSIVPSGASTGVHEALEMRDGDKSKWMGKGVLHAVKNVNDVIAPAFVKANIDVKDQKAVDDFLISLDGTANKSKLGANAILGVSLAASRAAAAEKNVPLYKHLADLSKSKTSPYVLPVPFLNVLNGGSHAGGALALQEFMIAPTGAKTFAEALRIGSEVYHNLKSLTKKRYGASAGNVGDEGGVAPNIQTAEEALDLIVDAIKAAGHDGKIKIGLDCASSEFFKDGKYDLDFKNPNSDKSKWLTGPQLADLYHSLMKRYPIVSIEDPFAEDDWEAWSHFFKTAGIQIVADDLTVTNPKRIATAIEKKAADALLLKVNQIGTLSESIKAAQDSFAAGWGVMVSHRSGETEDTFIADLVVGLRTGQIKTGAPARSERLAKLNQLLRIEEELGDNAVFAGENFHHGDKL;ENOLASE 1;I
;PVPFLNV;MAVSKVYARSVYDSRGNPTVEVELTTEKGVFRSIVPSGASTGVHEALEMRDGDKSKWMGKGVLHAVKNVNDVIAPAFVKANIDVKDQKAVDDFLISLDGTANKSKLGANAILGVSLAASRAAAAEKNVPLYKHLADLSKSKTSPYVLPVPFLNVLNGGSHAGGALALQEFMIAPTGAKTFAEALRIGSEVYHNLKSLTKKRYGASAGNVGDEGGVAPNIQTAEEALDLIVDAIKAAGHDGKIKIGLDCASSEFFKDGKYDLDFKNPNSDKSKWLTGPQLADLYHSLMKRYPIVSIEDPFAEDDWEAWSHFFKTAGIQIVADDLTVTNPKRIATAIEKKAADALLLKVNQIGTLSESIKAAQDSFAAGWGVMVSHRSGETEDTFIADLVVGLRTGQIKTGAPARSERLAKLNQLLRIEEELGDNAVFAGENFHHGDKL;ENOLASE 1;I
;PVPFL;MAVSKVYARSVYDSRGNPTVEVELTTEKGVFRSIVPSGASTGVHEALEMRDGDKSKWMGKGVLHAVKNVNDVIAPAFVKANIDVKDQKAVDDFLISLDGTANKSKLGANAILGVSLAASRAAAAEKNVPLYKHLADLSKSKTSPYVLPVPFLNVLNGGSHAGGALALQEFMIAPTGAKTFAEALRIGSEVYHNLKSLTKKRYGASAGNVGDEGGVAPNIQTAEEALDLIVDAIKAAGHDGKIKIGLDCASSEFFKDGKYDLDFKNPNSDKSKWLTGPQLADLYHSLMKRYPIVSIEDPFAEDDWEAWSHFFKTAGIQIVADDLTVTNPKRIATAIEKKAADALLLKVNQIGTLSESIKAAQDSFAAGWGVMVSHRSGETEDTFIADLVVGLRTGQIKTGAPARSERLAKLNQLLRIEEELGDNAVFAGENFHHGDKL;ENOLASE 1;I
;PYVLPVPFL;MAVSKVYARSVYDSRGNPTVEVELTTEKGVFRSIVPSGASTGVHEALEMRDGDKSKWMGKGVLHAVKNVNDVIAPAFVKANIDVKDQKAVDDFLISLDGTANKSKLGANAILGVSLAASRAAAAEKNVPLYKHLADLSKSKTSPYVLPVPFLNVLNGGSHAGGALALQEFMIAPTGAKTFAEALRIGSEVYHNLKSLTKKRYGASAGNVGDEGGVAPNIQTAEEALDLIVDAIKAAGHDGKIKIGLDCASSEFFKDGKYDLDFKNPNSDKSKWLTGPQLADLYHSLMKRYPIVSIEDPFAEDDWEAWSHFFKTAGIQIVADDLTVTNPKRIATAIEKKAADALLLKVNQIGTLSESIKAAQDSFAAGWGVMVSHRSGETEDTFIADLVVGLRTGQIKTGAPARSERLAKLNQLLRIEEELGDNAVFAGENFHHGDKL;ENOLASE 1;I
;TSPYVLPVPFL;MAVSKVYARSVYDSRGNPTVEVELTTEKGVFRSIVPSGASTGVHEALEMRDGDKSKWMGKGVLHAVKNVNDVIAPAFVKANIDVKDQKAVDDFLISLDGTANKSKLGANAILGVSLAASRAAAAEKNVPLYKHLADLSKSKTSPYVLPVPFLNVLNGGSHAGGALALQEFMIAPTGAKTFAEALRIGSEVYHNLKSLTKKRYGASAGNVGDEGGVAPNIQTAEEALDLIVDAIKAAGHDGKIKIGLDCASSEFFKDGKYDLDFKNPNSDKSKWLTGPQLADLYHSLMKRYPIVSIEDPFAEDDWEAWSHFFKTAGIQIVADDLTVTNPKRIATAIEKKAADALLLKVNQIGTLSESIKAAQDSFAAGWGVMVSHRSGETEDTFIADLVVGLRTGQIKTGAPARSERLAKLNQLLRIEEELGDNAVFAGENFHHGDKL;ENOLASE 1;I
;ADLSKSKTS;MAVSKVYARSVYDSRGNPTVEVELTTEKGVFRSIVPSGASTGVHEALEMRDGDKSKWMGKGVLHAVKNVNDVIAPAFVKANIDVKDQKAVDDFLISLDGTANKSKLGANAILGVSLAASRAAAAEKNVPLYKHLADLSKSKTSPYVLPVPFLNVLNGGSHAGGALALQEFMIAPTGAKTFAEALRIGSEVYHNLKSLTKKRYGASAGNVGDEGGVAPNIQTAEEALDLIVDAIKAAGHDGKIKIGLDCASSEFFKDGKYDLDFKNPNSDKSKWLTGPQLADLYHSLMKRYPIVSIEDPFAEDDWEAWSHFFKTAGIQIVADDLTVTNPKRIATAIEKKAADALLLKVNQIGTLSESIKAAQDSFAAGWGVMVSHRSGETEDTFIADLVVGLRTGQIKTGAPARSERLAKLNQLLRIEEELGDNAVFAGENFHHGDKL;ENOLASE 1;I
;AAEKNVPL;MAVSKVYARSVYDSRGNPTVEVELTTEKGVFRSIVPSGASTGVHEALEMRDGDKSKWMGKGVLHAVKNVNDVIAPAFVKANIDVKDQKAVDDFLISLDGTANKSKLGANAILGVSLAASRAAAAEKNVPLYKHLADLSKSKTSPYVLPVPFLNVLNGGSHAGGALALQEFMIAPTGAKTFAEALRIGSEVYHNLKSLTKKRYGASAGNVGDEGGVAPNIQTAEEALDLIVDAIKAAGHDGKIKIGLDCASSEFFKDGKYDLDFKNPNSDKSKWLTGPQLADLYHSLMKRYPIVSIEDPFAEDDWEAWSHFFKTAGIQIVADDLTVTNPKRIATAIEKKAADALLLKVNQIGTLSESIKAAQDSFAAGWGVMVSHRSGETEDTFIADLVVGLRTGQIKTGAPARSERLAKLNQLLRIEEELGDNAVFAGENFHHGDKL;ENOLASE 1;I
;AILGVSL;MAVSKVYARSVYDSRGNPTVEVELTTEKGVFRSIVPSGASTGVHEALEMRDGDKSKWMGKGVLHAVKNVNDVIAPAFVKANIDVKDQKAVDDFLISLDGTANKSKLGANAILGVSLAASRAAAAEKNVPLYKHLADLSKSKTSPYVLPVPFLNVLNGGSHAGGALALQEFMIAPTGAKTFAEALRIGSEVYHNLKSLTKKRYGASAGNVGDEGGVAPNIQTAEEALDLIVDAIKAAGHDGKIKIGLDCASSEFFKDGKYDLDFKNPNSDKSKWLTGPQLADLYHSLMKRYPIVSIEDPFAEDDWEAWSHFFKTAGIQIVADDLTVTNPKRIATAIEKKAADALLLKVNQIGTLSESIKAAQDSFAAGWGVMVSHRSGETEDTFIADLVVGLRTGQIKTGAPARSERLAKLNQLLRIEEELGDNAVFAGENFHHGDKL;ENOLASE 1;I
;ANAILGVSL;MAVSKVYARSVYDSRGNPTVEVELTTEKGVFRSIVPSGASTGVHEALEMRDGDKSKWMGKGVLHAVKNVNDVIAPAFVKANIDVKDQKAVDDFLISLDGTANKSKLGANAILGVSLAASRAAAAEKNVPLYKHLADLSKSKTSPYVLPVPFLNVLNGGSHAGGALALQEFMIAPTGAKTFAEALRIGSEVYHNLKSLTKKRYGASAGNVGDEGGVAPNIQTAEEALDLIVDAIKAAGHDGKIKIGLDCASSEFFKDGKYDLDFKNPNSDKSKWLTGPQLADLYHSLMKRYPIVSIEDPFAEDDWEAWSHFFKTAGIQIVADDLTVTNPKRIATAIEKKAADALLLKVNQIGTLSESIKAAQDSFAAGWGVMVSHRSGETEDTFIADLVVGLRTGQIKTGAPARSERLAKLNQLLRIEEELGDNAVFAGENFHHGDKL;ENOLASE 1;I
;GANAILGVSL;MAVSKVYARSVYDSRGNPTVEVELTTEKGVFRSIVPSGASTGVHEALEMRDGDKSKWMGKGVLHAVKNVNDVIAPAFVKANIDVKDQKAVDDFLISLDGTANKSKLGANAILGVSLAASRAAAAEKNVPLYKHLADLSKSKTSPYVLPVPFLNVLNGGSHAGGALALQEFMIAPTGAKTFAEALRIGSEVYHNLKSLTKKRYGASAGNVGDEGGVAPNIQTAEEALDLIVDAIKAAGHDGKIKIGLDCASSEFFKDGKYDLDFKNPNSDKSKWLTGPQLADLYHSLMKRYPIVSIEDPFAEDDWEAWSHFFKTAGIQIVADDLTVTNPKRIATAIEKKAADALLLKVNQIGTLSESIKAAQDSFAAGWGVMVSHRSGETEDTFIADLVVGLRTGQIKTGAPARSERLAKLNQLLRIEEELGDNAVFAGENFHHGDKL;ENOLASE 1;I
;GANAILGVSLAAS;MAVSKVYARSVYDSRGNPTVEVELTTEKGVFRSIVPSGASTGVHEALEMRDGDKSKWMGKGVLHAVKNVNDVIAPAFVKANIDVKDQKAVDDFLISLDGTANKSKLGANAILGVSLAASRAAAAEKNVPLYKHLADLSKSKTSPYVLPVPFLNVLNGGSHAGGALALQEFMIAPTGAKTFAEALRIGSEVYHNLKSLTKKRYGASAGNVGDEGGVAPNIQTAEEALDLIVDAIKAAGHDGKIKIGLDCASSEFFKDGKYDLDFKNPNSDKSKWLTGPQLADLYHSLMKRYPIVSIEDPFAEDDWEAWSHFFKTAGIQIVADDLTVTNPKRIATAIEKKAADALLLKVNQIGTLSESIKAAQDSFAAGWGVMVSHRSGETEDTFIADLVVGLRTGQIKTGAPARSERLAKLNQLLRIEEELGDNAVFAGENFHHGDKL;ENOLASE 1;I
;DGTANKSKL;MAVSKVYARSVYDSRGNPTVEVELTTEKGVFRSIVPSGASTGVHEALEMRDGDKSKWMGKGVLHAVKNVNDVIAPAFVKANIDVKDQKAVDDFLISLDGTANKSKLGANAILGVSLAASRAAAAEKNVPLYKHLADLSKSKTSPYVLPVPFLNVLNGGSHAGGALALQEFMIAPTGAKTFAEALRIGSEVYHNLKSLTKKRYGASAGNVGDEGGVAPNIQTAEEALDLIVDAIKAAGHDGKIKIGLDCASSEFFKDGKYDLDFKNPNSDKSKWLTGPQLADLYHSLMKRYPIVSIEDPFAEDDWEAWSHFFKTAGIQIVADDLTVTNPKRIATAIEKKAADALLLKVNQIGTLSESIKAAQDSFAAGWGVMVSHRSGETEDTFIADLVVGLRTGQIKTGAPARSERLAKLNQLLRIEEELGDNAVFAGENFHHGDKL;ENOLASE 1;I
;LDGTANKSKL;MAVSKVYARSVYDSRGNPTVEVELTTEKGVFRSIVPSGASTGVHEALEMRDGDKSKWMGKGVLHAVKNVNDVIAPAFVKANIDVKDQKAVDDFLISLDGTANKSKLGANAILGVSLAASRAAAAEKNVPLYKHLADLSKSKTSPYVLPVPFLNVLNGGSHAGGALALQEFMIAPTGAKTFAEALRIGSEVYHNLKSLTKKRYGASAGNVGDEGGVAPNIQTAEEALDLIVDAIKAAGHDGKIKIGLDCASSEFFKDGKYDLDFKNPNSDKSKWLTGPQLADLYHSLMKRYPIVSIEDPFAEDDWEAWSHFFKTAGIQIVADDLTVTNPKRIATAIEKKAADALLLKVNQIGTLSESIKAAQDSFAAGWGVMVSHRSGETEDTFIADLVVGLRTGQIKTGAPARSERLAKLNQLLRIEEELGDNAVFAGENFHHGDKL;ENOLASE 1;I
;KDQKAVDDFLISL;MAVSKVYARSVYDSRGNPTVEVELTTEKGVFRSIVPSGASTGVHEALEMRDGDKSKWMGKGVLHAVKNVNDVIAPAFVKANIDVKDQKAVDDFLISLDGTANKSKLGANAILGVSLAASRAAAAEKNVPLYKHLADLSKSKTSPYVLPVPFLNVLNGGSHAGGALALQEFMIAPTGAKTFAEALRIGSEVYHNLKSLTKKRYGASAGNVGDEGGVAPNIQTAEEALDLIVDAIKAAGHDGKIKIGLDCASSEFFKDGKYDLDFKNPNSDKSKWLTGPQLADLYHSLMKRYPIVSIEDPFAEDDWEAWSHFFKTAGIQIVADDLTVTNPKRIATAIEKKAADALLLKVNQIGTLSESIKAAQDSFAAGWGVMVSHRSGETEDTFIADLVVGLRTGQIKTGAPARSERLAKLNQLLRIEEELGDNAVFAGENFHHGDKL;ENOLASE 1;I
;NIDVKDQKAVDDFLISLDGTANKSKL;MAVSKVYARSVYDSRGNPTVEVELTTEKGVFRSIVPSGASTGVHEALEMRDGDKSKWMGKGVLHAVKNVNDVIAPAFVKANIDVKDQKAVDDFLISLDGTANKSKLGANAILGVSLAASRAAAAEKNVPLYKHLADLSKSKTSPYVLPVPFLNVLNGGSHAGGALALQEFMIAPTGAKTFAEALRIGSEVYHNLKSLTKKRYGASAGNVGDEGGVAPNIQTAEEALDLIVDAIKAAGHDGKIKIGLDCASSEFFKDGKYDLDFKNPNSDKSKWLTGPQLADLYHSLMKRYPIVSIEDPFAEDDWEAWSHFFKTAGIQIVADDLTVTNPKRIATAIEKKAADALLLKVNQIGTLSESIKAAQDSFAAGWGVMVSHRSGETEDTFIADLVVGLRTGQIKTGAPARSERLAKLNQLLRIEEELGDNAVFAGENFHHGDKL;ENOLASE 1;I
;NIDVKDQKAVDDFLISL;MAVSKVYARSVYDSRGNPTVEVELTTEKGVFRSIVPSGASTGVHEALEMRDGDKSKWMGKGVLHAVKNVNDVIAPAFVKANIDVKDQKAVDDFLISLDGTANKSKLGANAILGVSLAASRAAAAEKNVPLYKHLADLSKSKTSPYVLPVPFLNVLNGGSHAGGALALQEFMIAPTGAKTFAEALRIGSEVYHNLKSLTKKRYGASAGNVGDEGGVAPNIQTAEEALDLIVDAIKAAGHDGKIKIGLDCASSEFFKDGKYDLDFKNPNSDKSKWLTGPQLADLYHSLMKRYPIVSIEDPFAEDDWEAWSHFFKTAGIQIVADDLTVTNPKRIATAIEKKAADALLLKVNQIGTLSESIKAAQDSFAAGWGVMVSHRSGETEDTFIADLVVGLRTGQIKTGAPARSERLAKLNQLLRIEEELGDNAVFAGENFHHGDKL;ENOLASE 1;I
;NIDVKDQKAVD;MAVSKVYARSVYDSRGNPTVEVELTTEKGVFRSIVPSGASTGVHEALEMRDGDKSKWMGKGVLHAVKNVNDVIAPAFVKANIDVKDQKAVDDFLISLDGTANKSKLGANAILGVSLAASRAAAAEKNVPLYKHLADLSKSKTSPYVLPVPFLNVLNGGSHAGGALALQEFMIAPTGAKTFAEALRIGSEVYHNLKSLTKKRYGASAGNVGDEGGVAPNIQTAEEALDLIVDAIKAAGHDGKIKIGLDCASSEFFKDGKYDLDFKNPNSDKSKWLTGPQLADLYHSLMKRYPIVSIEDPFAEDDWEAWSHFFKTAGIQIVADDLTVTNPKRIATAIEKKAADALLLKVNQIGTLSESIKAAQDSFAAGWGVMVSHRSGETEDTFIADLVVGLRTGQIKTGAPARSERLAKLNQLLRIEEELGDNAVFAGENFHHGDKL;ENOLASE 1;I
;APAFVKA;MAVSKVYARSVYDSRGNPTVEVELTTEKGVFRSIVPSGASTGVHEALEMRDGDKSKWMGKGVLHAVKNVNDVIAPAFVKANIDVKDQKAVDDFLISLDGTANKSKLGANAILGVSLAASRAAAAEKNVPLYKHLADLSKSKTSPYVLPVPFLNVLNGGSHAGGALALQEFMIAPTGAKTFAEALRIGSEVYHNLKSLTKKRYGASAGNVGDEGGVAPNIQTAEEALDLIVDAIKAAGHDGKIKIGLDCASSEFFKDGKYDLDFKNPNSDKSKWLTGPQLADLYHSLMKRYPIVSIEDPFAEDDWEAWSHFFKTAGIQIVADDLTVTNPKRIATAIEKKAADALLLKVNQIGTLSESIKAAQDSFAAGWGVMVSHRSGETEDTFIADLVVGLRTGQIKTGAPARSERLAKLNQLLRIEEELGDNAVFAGENFHHGDKL;ENOLASE 1;I
;NDVIAPAFVKA;MAVSKVYARSVYDSRGNPTVEVELTTEKGVFRSIVPSGASTGVHEALEMRDGDKSKWMGKGVLHAVKNVNDVIAPAFVKANIDVKDQKAVDDFLISLDGTANKSKLGANAILGVSLAASRAAAAEKNVPLYKHLADLSKSKTSPYVLPVPFLNVLNGGSHAGGALALQEFMIAPTGAKTFAEALRIGSEVYHNLKSLTKKRYGASAGNVGDEGGVAPNIQTAEEALDLIVDAIKAAGHDGKIKIGLDCASSEFFKDGKYDLDFKNPNSDKSKWLTGPQLADLYHSLMKRYPIVSIEDPFAEDDWEAWSHFFKTAGIQIVADDLTVTNPKRIATAIEKKAADALLLKVNQIGTLSESIKAAQDSFAAGWGVMVSHRSGETEDTFIADLVVGLRTGQIKTGAPARSERLAKLNQLLRIEEELGDNAVFAGENFHHGDKL;ENOLASE 1;I
;NDVIAPAFV;MAVSKVYARSVYDSRGNPTVEVELTTEKGVFRSIVPSGASTGVHEALEMRDGDKSKWMGKGVLHAVKNVNDVIAPAFVKANIDVKDQKAVDDFLISLDGTANKSKLGANAILGVSLAASRAAAAEKNVPLYKHLADLSKSKTSPYVLPVPFLNVLNGGSHAGGALALQEFMIAPTGAKTFAEALRIGSEVYHNLKSLTKKRYGASAGNVGDEGGVAPNIQTAEEALDLIVDAIKAAGHDGKIKIGLDCASSEFFKDGKYDLDFKNPNSDKSKWLTGPQLADLYHSLMKRYPIVSIEDPFAEDDWEAWSHFFKTAGIQIVADDLTVTNPKRIATAIEKKAADALLLKVNQIGTLSESIKAAQDSFAAGWGVMVSHRSGETEDTFIADLVVGLRTGQIKTGAPARSERLAKLNQLLRIEEELGDNAVFAGENFHHGDKL;ENOLASE 1;I
;VNDVIAPAF;MAVSKVYARSVYDSRGNPTVEVELTTEKGVFRSIVPSGASTGVHEALEMRDGDKSKWMGKGVLHAVKNVNDVIAPAFVKANIDVKDQKAVDDFLISLDGTANKSKLGANAILGVSLAASRAAAAEKNVPLYKHLADLSKSKTSPYVLPVPFLNVLNGGSHAGGALALQEFMIAPTGAKTFAEALRIGSEVYHNLKSLTKKRYGASAGNVGDEGGVAPNIQTAEEALDLIVDAIKAAGHDGKIKIGLDCASSEFFKDGKYDLDFKNPNSDKSKWLTGPQLADLYHSLMKRYPIVSIEDPFAEDDWEAWSHFFKTAGIQIVADDLTVTNPKRIATAIEKKAADALLLKVNQIGTLSESIKAAQDSFAAGWGVMVSHRSGETEDTFIADLVVGLRTGQIKTGAPARSERLAKLNQLLRIEEELGDNAVFAGENFHHGDKL;ENOLASE 1;I
;VNDVIAPAFV;MAVSKVYARSVYDSRGNPTVEVELTTEKGVFRSIVPSGASTGVHEALEMRDGDKSKWMGKGVLHAVKNVNDVIAPAFVKANIDVKDQKAVDDFLISLDGTANKSKLGANAILGVSLAASRAAAAEKNVPLYKHLADLSKSKTSPYVLPVPFLNVLNGGSHAGGALALQEFMIAPTGAKTFAEALRIGSEVYHNLKSLTKKRYGASAGNVGDEGGVAPNIQTAEEALDLIVDAIKAAGHDGKIKIGLDCASSEFFKDGKYDLDFKNPNSDKSKWLTGPQLADLYHSLMKRYPIVSIEDPFAEDDWEAWSHFFKTAGIQIVADDLTVTNPKRIATAIEKKAADALLLKVNQIGTLSESIKAAQDSFAAGWGVMVSHRSGETEDTFIADLVVGLRTGQIKTGAPARSERLAKLNQLLRIEEELGDNAVFAGENFHHGDKL;ENOLASE 1;I
;NVNDVIAPA;MAVSKVYARSVYDSRGNPTVEVELTTEKGVFRSIVPSGASTGVHEALEMRDGDKSKWMGKGVLHAVKNVNDVIAPAFVKANIDVKDQKAVDDFLISLDGTANKSKLGANAILGVSLAASRAAAAEKNVPLYKHLADLSKSKTSPYVLPVPFLNVLNGGSHAGGALALQEFMIAPTGAKTFAEALRIGSEVYHNLKSLTKKRYGASAGNVGDEGGVAPNIQTAEEALDLIVDAIKAAGHDGKIKIGLDCASSEFFKDGKYDLDFKNPNSDKSKWLTGPQLADLYHSLMKRYPIVSIEDPFAEDDWEAWSHFFKTAGIQIVADDLTVTNPKRIATAIEKKAADALLLKVNQIGTLSESIKAAQDSFAAGWGVMVSHRSGETEDTFIADLVVGLRTGQIKTGAPARSERLAKLNQLLRIEEELGDNAVFAGENFHHGDKL;ENOLASE 1;I
;NVNDVIAPAFVK;MAVSKVYARSVYDSRGNPTVEVELTTEKGVFRSIVPSGASTGVHEALEMRDGDKSKWMGKGVLHAVKNVNDVIAPAFVKANIDVKDQKAVDDFLISLDGTANKSKLGANAILGVSLAASRAAAAEKNVPLYKHLADLSKSKTSPYVLPVPFLNVLNGGSHAGGALALQEFMIAPTGAKTFAEALRIGSEVYHNLKSLTKKRYGASAGNVGDEGGVAPNIQTAEEALDLIVDAIKAAGHDGKIKIGLDCASSEFFKDGKYDLDFKNPNSDKSKWLTGPQLADLYHSLMKRYPIVSIEDPFAEDDWEAWSHFFKTAGIQIVADDLTVTNPKRIATAIEKKAADALLLKVNQIGTLSESIKAAQDSFAAGWGVMVSHRSGETEDTFIADLVVGLRTGQIKTGAPARSERLAKLNQLLRIEEELGDNAVFAGENFHHGDKL;ENOLASE 1;I
;NVNDVIAPAFVKA;MAVSKVYARSVYDSRGNPTVEVELTTEKGVFRSIVPSGASTGVHEALEMRDGDKSKWMGKGVLHAVKNVNDVIAPAFVKANIDVKDQKAVDDFLISLDGTANKSKLGANAILGVSLAASRAAAAEKNVPLYKHLADLSKSKTSPYVLPVPFLNVLNGGSHAGGALALQEFMIAPTGAKTFAEALRIGSEVYHNLKSLTKKRYGASAGNVGDEGGVAPNIQTAEEALDLIVDAIKAAGHDGKIKIGLDCASSEFFKDGKYDLDFKNPNSDKSKWLTGPQLADLYHSLMKRYPIVSIEDPFAEDDWEAWSHFFKTAGIQIVADDLTVTNPKRIATAIEKKAADALLLKVNQIGTLSESIKAAQDSFAAGWGVMVSHRSGETEDTFIADLVVGLRTGQIKTGAPARSERLAKLNQLLRIEEELGDNAVFAGENFHHGDKL;ENOLASE 1;I
;VKNVNDVIAPAFVKA;MAVSKVYARSVYDSRGNPTVEVELTTEKGVFRSIVPSGASTGVHEALEMRDGDKSKWMGKGVLHAVKNVNDVIAPAFVKANIDVKDQKAVDDFLISLDGTANKSKLGANAILGVSLAASRAAAAEKNVPLYKHLADLSKSKTSPYVLPVPFLNVLNGGSHAGGALALQEFMIAPTGAKTFAEALRIGSEVYHNLKSLTKKRYGASAGNVGDEGGVAPNIQTAEEALDLIVDAIKAAGHDGKIKIGLDCASSEFFKDGKYDLDFKNPNSDKSKWLTGPQLADLYHSLMKRYPIVSIEDPFAEDDWEAWSHFFKTAGIQIVADDLTVTNPKRIATAIEKKAADALLLKVNQIGTLSESIKAAQDSFAAGWGVMVSHRSGETEDTFIADLVVGLRTGQIKTGAPARSERLAKLNQLLRIEEELGDNAVFAGENFHHGDKL;ENOLASE 1;I
;MGKGVLH;MAVSKVYARSVYDSRGNPTVEVELTTEKGVFRSIVPSGASTGVHEALEMRDGDKSKWMGKGVLHAVKNVNDVIAPAFVKANIDVKDQKAVDDFLISLDGTANKSKLGANAILGVSLAASRAAAAEKNVPLYKHLADLSKSKTSPYVLPVPFLNVLNGGSHAGGALALQEFMIAPTGAKTFAEALRIGSEVYHNLKSLTKKRYGASAGNVGDEGGVAPNIQTAEEALDLIVDAIKAAGHDGKIKIGLDCASSEFFKDGKYDLDFKNPNSDKSKWLTGPQLADLYHSLMKRYPIVSIEDPFAEDDWEAWSHFFKTAGIQIVADDLTVTNPKRIATAIEKKAADALLLKVNQIGTLSESIKAAQDSFAAGWGVMVSHRSGETEDTFIADLVVGLRTGQIKTGAPARSERLAKLNQLLRIEEELGDNAVFAGENFHHGDKL;ENOLASE 1;I
;MGKGVL;MAVSKVYARSVYDSRGNPTVEVELTTEKGVFRSIVPSGASTGVHEALEMRDGDKSKWMGKGVLHAVKNVNDVIAPAFVKANIDVKDQKAVDDFLISLDGTANKSKLGANAILGVSLAASRAAAAEKNVPLYKHLADLSKSKTSPYVLPVPFLNVLNGGSHAGGALALQEFMIAPTGAKTFAEALRIGSEVYHNLKSLTKKRYGASAGNVGDEGGVAPNIQTAEEALDLIVDAIKAAGHDGKIKIGLDCASSEFFKDGKYDLDFKNPNSDKSKWLTGPQLADLYHSLMKRYPIVSIEDPFAEDDWEAWSHFFKTAGIQIVADDLTVTNPKRIATAIEKKAADALLLKVNQIGTLSESIKAAQDSFAAGWGVMVSHRSGETEDTFIADLVVGLRTGQIKTGAPARSERLAKLNQLLRIEEELGDNAVFAGENFHHGDKL;ENOLASE 1;I
;RDGDKSKW;MAVSKVYARSVYDSRGNPTVEVELTTEKGVFRSIVPSGASTGVHEALEMRDGDKSKWMGKGVLHAVKNVNDVIAPAFVKANIDVKDQKAVDDFLISLDGTANKSKLGANAILGVSLAASRAAAAEKNVPLYKHLADLSKSKTSPYVLPVPFLNVLNGGSHAGGALALQEFMIAPTGAKTFAEALRIGSEVYHNLKSLTKKRYGASAGNVGDEGGVAPNIQTAEEALDLIVDAIKAAGHDGKIKIGLDCASSEFFKDGKYDLDFKNPNSDKSKWLTGPQLADLYHSLMKRYPIVSIEDPFAEDDWEAWSHFFKTAGIQIVADDLTVTNPKRIATAIEKKAADALLLKVNQIGTLSESIKAAQDSFAAGWGVMVSHRSGETEDTFIADLVVGLRTGQIKTGAPARSERLAKLNQLLRIEEELGDNAVFAGENFHHGDKL;ENOLASE 1;I
;STGVHEALEM;MAVSKVYARSVYDSRGNPTVEVELTTEKGVFRSIVPSGASTGVHEALEMRDGDKSKWMGKGVLHAVKNVNDVIAPAFVKANIDVKDQKAVDDFLISLDGTANKSKLGANAILGVSLAASRAAAAEKNVPLYKHLADLSKSKTSPYVLPVPFLNVLNGGSHAGGALALQEFMIAPTGAKTFAEALRIGSEVYHNLKSLTKKRYGASAGNVGDEGGVAPNIQTAEEALDLIVDAIKAAGHDGKIKIGLDCASSEFFKDGKYDLDFKNPNSDKSKWLTGPQLADLYHSLMKRYPIVSIEDPFAEDDWEAWSHFFKTAGIQIVADDLTVTNPKRIATAIEKKAADALLLKVNQIGTLSESIKAAQDSFAAGWGVMVSHRSGETEDTFIADLVVGLRTGQIKTGAPARSERLAKLNQLLRIEEELGDNAVFAGENFHHGDKL;ENOLASE 1;I
;ASTGVHEALEM;MAVSKVYARSVYDSRGNPTVEVELTTEKGVFRSIVPSGASTGVHEALEMRDGDKSKWMGKGVLHAVKNVNDVIAPAFVKANIDVKDQKAVDDFLISLDGTANKSKLGANAILGVSLAASRAAAAEKNVPLYKHLADLSKSKTSPYVLPVPFLNVLNGGSHAGGALALQEFMIAPTGAKTFAEALRIGSEVYHNLKSLTKKRYGASAGNVGDEGGVAPNIQTAEEALDLIVDAIKAAGHDGKIKIGLDCASSEFFKDGKYDLDFKNPNSDKSKWLTGPQLADLYHSLMKRYPIVSIEDPFAEDDWEAWSHFFKTAGIQIVADDLTVTNPKRIATAIEKKAADALLLKVNQIGTLSESIKAAQDSFAAGWGVMVSHRSGETEDTFIADLVVGLRTGQIKTGAPARSERLAKLNQLLRIEEELGDNAVFAGENFHHGDKL;ENOLASE 1;I
;ASTGVHEAL;MAVSKVYARSVYDSRGNPTVEVELTTEKGVFRSIVPSGASTGVHEALEMRDGDKSKWMGKGVLHAVKNVNDVIAPAFVKANIDVKDQKAVDDFLISLDGTANKSKLGANAILGVSLAASRAAAAEKNVPLYKHLADLSKSKTSPYVLPVPFLNVLNGGSHAGGALALQEFMIAPTGAKTFAEALRIGSEVYHNLKSLTKKRYGASAGNVGDEGGVAPNIQTAEEALDLIVDAIKAAGHDGKIKIGLDCASSEFFKDGKYDLDFKNPNSDKSKWLTGPQLADLYHSLMKRYPIVSIEDPFAEDDWEAWSHFFKTAGIQIVADDLTVTNPKRIATAIEKKAADALLLKVNQIGTLSESIKAAQDSFAAGWGVMVSHRSGETEDTFIADLVVGLRTGQIKTGAPARSERLAKLNQLLRIEEELGDNAVFAGENFHHGDKL;ENOLASE 1;I
;SIVPSGA;MAVSKVYARSVYDSRGNPTVEVELTTEKGVFRSIVPSGASTGVHEALEMRDGDKSKWMGKGVLHAVKNVNDVIAPAFVKANIDVKDQKAVDDFLISLDGTANKSKLGANAILGVSLAASRAAAAEKNVPLYKHLADLSKSKTSPYVLPVPFLNVLNGGSHAGGALALQEFMIAPTGAKTFAEALRIGSEVYHNLKSLTKKRYGASAGNVGDEGGVAPNIQTAEEALDLIVDAIKAAGHDGKIKIGLDCASSEFFKDGKYDLDFKNPNSDKSKWLTGPQLADLYHSLMKRYPIVSIEDPFAEDDWEAWSHFFKTAGIQIVADDLTVTNPKRIATAIEKKAADALLLKVNQIGTLSESIKAAQDSFAAGWGVMVSHRSGETEDTFIADLVVGLRTGQIKTGAPARSERLAKLNQLLRIEEELGDNAVFAGENFHHGDKL;ENOLASE 1;I
;SIVPSGASTGVHE;MAVSKVYARSVYDSRGNPTVEVELTTEKGVFRSIVPSGASTGVHEALEMRDGDKSKWMGKGVLHAVKNVNDVIAPAFVKANIDVKDQKAVDDFLISLDGTANKSKLGANAILGVSLAASRAAAAEKNVPLYKHLADLSKSKTSPYVLPVPFLNVLNGGSHAGGALALQEFMIAPTGAKTFAEALRIGSEVYHNLKSLTKKRYGASAGNVGDEGGVAPNIQTAEEALDLIVDAIKAAGHDGKIKIGLDCASSEFFKDGKYDLDFKNPNSDKSKWLTGPQLADLYHSLMKRYPIVSIEDPFAEDDWEAWSHFFKTAGIQIVADDLTVTNPKRIATAIEKKAADALLLKVNQIGTLSESIKAAQDSFAAGWGVMVSHRSGETEDTFIADLVVGLRTGQIKTGAPARSERLAKLNQLLRIEEELGDNAVFAGENFHHGDKL;ENOLASE 1;I
;TTEKGVFR;MAVSKVYARSVYDSRGNPTVEVELTTEKGVFRSIVPSGASTGVHEALEMRDGDKSKWMGKGVLHAVKNVNDVIAPAFVKANIDVKDQKAVDDFLISLDGTANKSKLGANAILGVSLAASRAAAAEKNVPLYKHLADLSKSKTSPYVLPVPFLNVLNGGSHAGGALALQEFMIAPTGAKTFAEALRIGSEVYHNLKSLTKKRYGASAGNVGDEGGVAPNIQTAEEALDLIVDAIKAAGHDGKIKIGLDCASSEFFKDGKYDLDFKNPNSDKSKWLTGPQLADLYHSLMKRYPIVSIEDPFAEDDWEAWSHFFKTAGIQIVADDLTVTNPKRIATAIEKKAADALLLKVNQIGTLSESIKAAQDSFAAGWGVMVSHRSGETEDTFIADLVVGLRTGQIKTGAPARSERLAKLNQLLRIEEELGDNAVFAGENFHHGDKL;ENOLASE 1;I
;YDSRGNPTV;MAVSKVYARSVYDSRGNPTVEVELTTEKGVFRSIVPSGASTGVHEALEMRDGDKSKWMGKGVLHAVKNVNDVIAPAFVKANIDVKDQKAVDDFLISLDGTANKSKLGANAILGVSLAASRAAAAEKNVPLYKHLADLSKSKTSPYVLPVPFLNVLNGGSHAGGALALQEFMIAPTGAKTFAEALRIGSEVYHNLKSLTKKRYGASAGNVGDEGGVAPNIQTAEEALDLIVDAIKAAGHDGKIKIGLDCASSEFFKDGKYDLDFKNPNSDKSKWLTGPQLADLYHSLMKRYPIVSIEDPFAEDDWEAWSHFFKTAGIQIVADDLTVTNPKRIATAIEKKAADALLLKVNQIGTLSESIKAAQDSFAAGWGVMVSHRSGETEDTFIADLVVGLRTGQIKTGAPARSERLAKLNQLLRIEEELGDNAVFAGENFHHGDKL;ENOLASE 1;I
;YDSRGNPTVE;MAVSKVYARSVYDSRGNPTVEVELTTEKGVFRSIVPSGASTGVHEALEMRDGDKSKWMGKGVLHAVKNVNDVIAPAFVKANIDVKDQKAVDDFLISLDGTANKSKLGANAILGVSLAASRAAAAEKNVPLYKHLADLSKSKTSPYVLPVPFLNVLNGGSHAGGALALQEFMIAPTGAKTFAEALRIGSEVYHNLKSLTKKRYGASAGNVGDEGGVAPNIQTAEEALDLIVDAIKAAGHDGKIKIGLDCASSEFFKDGKYDLDFKNPNSDKSKWLTGPQLADLYHSLMKRYPIVSIEDPFAEDDWEAWSHFFKTAGIQIVADDLTVTNPKRIATAIEKKAADALLLKVNQIGTLSESIKAAQDSFAAGWGVMVSHRSGETEDTFIADLVVGLRTGQIKTGAPARSERLAKLNQLLRIEEELGDNAVFAGENFHHGDKL;ENOLASE 1;I
;YDSRGNPTVEVEL;MAVSKVYARSVYDSRGNPTVEVELTTEKGVFRSIVPSGASTGVHEALEMRDGDKSKWMGKGVLHAVKNVNDVIAPAFVKANIDVKDQKAVDDFLISLDGTANKSKLGANAILGVSLAASRAAAAEKNVPLYKHLADLSKSKTSPYVLPVPFLNVLNGGSHAGGALALQEFMIAPTGAKTFAEALRIGSEVYHNLKSLTKKRYGASAGNVGDEGGVAPNIQTAEEALDLIVDAIKAAGHDGKIKIGLDCASSEFFKDGKYDLDFKNPNSDKSKWLTGPQLADLYHSLMKRYPIVSIEDPFAEDDWEAWSHFFKTAGIQIVADDLTVTNPKRIATAIEKKAADALLLKVNQIGTLSESIKAAQDSFAAGWGVMVSHRSGETEDTFIADLVVGLRTGQIKTGAPARSERLAKLNQLLRIEEELGDNAVFAGENFHHGDKL;ENOLASE 1;I
;SVYDSRGNPTVEVEL;MAVSKVYARSVYDSRGNPTVEVELTTEKGVFRSIVPSGASTGVHEALEMRDGDKSKWMGKGVLHAVKNVNDVIAPAFVKANIDVKDQKAVDDFLISLDGTANKSKLGANAILGVSLAASRAAAAEKNVPLYKHLADLSKSKTSPYVLPVPFLNVLNGGSHAGGALALQEFMIAPTGAKTFAEALRIGSEVYHNLKSLTKKRYGASAGNVGDEGGVAPNIQTAEEALDLIVDAIKAAGHDGKIKIGLDCASSEFFKDGKYDLDFKNPNSDKSKWLTGPQLADLYHSLMKRYPIVSIEDPFAEDDWEAWSHFFKTAGIQIVADDLTVTNPKRIATAIEKKAADALLLKVNQIGTLSESIKAAQDSFAAGWGVMVSHRSGETEDTFIADLVVGLRTGQIKTGAPARSERLAKLNQLLRIEEELGDNAVFAGENFHHGDKL;ENOLASE 1;I
;YARSV;MAVSKVYARSVYDSRGNPTVEVELTTEKGVFRSIVPSGASTGVHEALEMRDGDKSKWMGKGVLHAVKNVNDVIAPAFVKANIDVKDQKAVDDFLISLDGTANKSKLGANAILGVSLAASRAAAAEKNVPLYKHLADLSKSKTSPYVLPVPFLNVLNGGSHAGGALALQEFMIAPTGAKTFAEALRIGSEVYHNLKSLTKKRYGASAGNVGDEGGVAPNIQTAEEALDLIVDAIKAAGHDGKIKIGLDCASSEFFKDGKYDLDFKNPNSDKSKWLTGPQLADLYHSLMKRYPIVSIEDPFAEDDWEAWSHFFKTAGIQIVADDLTVTNPKRIATAIEKKAADALLLKVNQIGTLSESIKAAQDSFAAGWGVMVSHRSGETEDTFIADLVVGLRTGQIKTGAPARSERLAKLNQLLRIEEELGDNAVFAGENFHHGDKL;ENOLASE 1;I
;AVSKV;MAVSKVYARSVYDSRGNPTVEVELTTEKGVFRSIVPSGASTGVHEALEMRDGDKSKWMGKGVLHAVKNVNDVIAPAFVKANIDVKDQKAVDDFLISLDGTANKSKLGANAILGVSLAASRAAAAEKNVPLYKHLADLSKSKTSPYVLPVPFLNVLNGGSHAGGALALQEFMIAPTGAKTFAEALRIGSEVYHNLKSLTKKRYGASAGNVGDEGGVAPNIQTAEEALDLIVDAIKAAGHDGKIKIGLDCASSEFFKDGKYDLDFKNPNSDKSKWLTGPQLADLYHSLMKRYPIVSIEDPFAEDDWEAWSHFFKTAGIQIVADDLTVTNPKRIATAIEKKAADALLLKVNQIGTLSESIKAAQDSFAAGWGVMVSHRSGETEDTFIADLVVGLRTGQIKTGAPARSERLAKLNQLLRIEEELGDNAVFAGENFHHGDKL;ENOLASE 1;I
;AVSKVYA;MAVSKVYARSVYDSRGNPTVEVELTTEKGVFRSIVPSGASTGVHEALEMRDGDKSKWMGKGVLHAVKNVNDVIAPAFVKANIDVKDQKAVDDFLISLDGTANKSKLGANAILGVSLAASRAAAAEKNVPLYKHLADLSKSKTSPYVLPVPFLNVLNGGSHAGGALALQEFMIAPTGAKTFAEALRIGSEVYHNLKSLTKKRYGASAGNVGDEGGVAPNIQTAEEALDLIVDAIKAAGHDGKIKIGLDCASSEFFKDGKYDLDFKNPNSDKSKWLTGPQLADLYHSLMKRYPIVSIEDPFAEDDWEAWSHFFKTAGIQIVADDLTVTNPKRIATAIEKKAADALLLKVNQIGTLSESIKAAQDSFAAGWGVMVSHRSGETEDTFIADLVVGLRTGQIKTGAPARSERLAKLNQLLRIEEELGDNAVFAGENFHHGDKL;ENOLASE 1;I
;AVSKVYAR;MAVSKVYARSVYDSRGNPTVEVELTTEKGVFRSIVPSGASTGVHEALEMRDGDKSKWMGKGVLHAVKNVNDVIAPAFVKANIDVKDQKAVDDFLISLDGTANKSKLGANAILGVSLAASRAAAAEKNVPLYKHLADLSKSKTSPYVLPVPFLNVLNGGSHAGGALALQEFMIAPTGAKTFAEALRIGSEVYHNLKSLTKKRYGASAGNVGDEGGVAPNIQTAEEALDLIVDAIKAAGHDGKIKIGLDCASSEFFKDGKYDLDFKNPNSDKSKWLTGPQLADLYHSLMKRYPIVSIEDPFAEDDWEAWSHFFKTAGIQIVADDLTVTNPKRIATAIEKKAADALLLKVNQIGTLSESIKAAQDSFAAGWGVMVSHRSGETEDTFIADLVVGLRTGQIKTGAPARSERLAKLNQLLRIEEELGDNAVFAGENFHHGDKL;ENOLASE 1;I
;AVSKVYARS;MAVSKVYARSVYDSRGNPTVEVELTTEKGVFRSIVPSGASTGVHEALEMRDGDKSKWMGKGVLHAVKNVNDVIAPAFVKANIDVKDQKAVDDFLISLDGTANKSKLGANAILGVSLAASRAAAAEKNVPLYKHLADLSKSKTSPYVLPVPFLNVLNGGSHAGGALALQEFMIAPTGAKTFAEALRIGSEVYHNLKSLTKKRYGASAGNVGDEGGVAPNIQTAEEALDLIVDAIKAAGHDGKIKIGLDCASSEFFKDGKYDLDFKNPNSDKSKWLTGPQLADLYHSLMKRYPIVSIEDPFAEDDWEAWSHFFKTAGIQIVADDLTVTNPKRIATAIEKKAADALLLKVNQIGTLSESIKAAQDSFAAGWGVMVSHRSGETEDTFIADLVVGLRTGQIKTGAPARSERLAKLNQLLRIEEELGDNAVFAGENFHHGDKL;ENOLASE 1;I
;AVSKVYARSV;MAVSKVYARSVYDSRGNPTVEVELTTEKGVFRSIVPSGASTGVHEALEMRDGDKSKWMGKGVLHAVKNVNDVIAPAFVKANIDVKDQKAVDDFLISLDGTANKSKLGANAILGVSLAASRAAAAEKNVPLYKHLADLSKSKTSPYVLPVPFLNVLNGGSHAGGALALQEFMIAPTGAKTFAEALRIGSEVYHNLKSLTKKRYGASAGNVGDEGGVAPNIQTAEEALDLIVDAIKAAGHDGKIKIGLDCASSEFFKDGKYDLDFKNPNSDKSKWLTGPQLADLYHSLMKRYPIVSIEDPFAEDDWEAWSHFFKTAGIQIVADDLTVTNPKRIATAIEKKAADALLLKVNQIGTLSESIKAAQDSFAAGWGVMVSHRSGETEDTFIADLVVGLRTGQIKTGAPARSERLAKLNQLLRIEEELGDNAVFAGENFHHGDKL;ENOLASE 1;I
