peptide;sequence;full_sequence;activity
VSRQLRTKA;VSRQLRTKA;VSRQLRTKAWNRQLYPEWTEAQR;1
SRQLRTKAW;SRQLRTKAW;VSRQLRTKAWNRQLYPEWTEAQR;1
RQLRTKAWN;RQLRTKAWN;VSRQLRTKAWNRQLYPEWTEAQR;1
QLRTKAWNR;QLRTKAWNR;VSRQLRTKAWNRQLYPEWTEAQR;1
LRTKAWNRQ;LRTKAWNRQ;VSRQLRTKAWNRQLYPEWTEAQR;1
RTKAWNRQL;RTKAWNRQL;VSRQLRTKAWNRQLYPEWTEAQR;1
TKAWNRQLY;TKAWNRQLY;VSRQLRTKAWNRQLYPEWTEAQR;0
KAWNRQLYP;KAWNRQLYP;VSRQLRTKAWNRQLYPEWTEAQR;1
AWNRQLYPE;AWNRQLYPE;VSRQLRTKAWNRQLYPEWTEAQR;1
WNRQLYPEW;WNRQLYPEW;VSRQLRTKAWNRQLYPEWTEAQR;1
NRQLYPEWT;NRQLYPEWT;VSRQLRTKAWNRQLYPEWTEAQR;1
RQLYPEWTE;RQLYPEWTE;VSRQLRTKAWNRQLYPEWTEAQR;0
QLYPEWTEA;QLYPEWTEA;VSRQLRTKAWNRQLYPEWTEAQR;1
LYPEWTEAQ;LYPEWTEAQ;VSRQLRTKAWNRQLYPEWTEAQR;1
YPEWTEAQR;YPEWTEAQR;VSRQLRTKAWNRQLYPEWTEAQR;1
LISYTTNAF;LISYTTNAF;LISYTTNAFPGEYIPTVFDNYSANV;0
ISYTTNAFP;ISYTTNAFP;LISYTTNAFPGEYIPTVFDNYSANV;0
SYTTNAFPG;SYTTNAFPG;LISYTTNAFPGEYIPTVFDNYSANV;0
YTTNAFPGE;YTTNAFPGE;LISYTTNAFPGEYIPTVFDNYSANV;0
TTNAFPGEY;TTNAFPGEY;LISYTTNAFPGEYIPTVFDNYSANV;0
TNAFPGEYI;TNAFPGEYI;LISYTTNAFPGEYIPTVFDNYSANV;0
NAFPGEYIP;NAFPGEYIP;LISYTTNAFPGEYIPTVFDNYSANV;0
AFPGEYIPT;AFPGEYIPT;LISYTTNAFPGEYIPTVFDNYSANV;1
FPGEYIPTV;FPGEYIPTV;LISYTTNAFPGEYIPTVFDNYSANV;1
PGEYIPTVF;PGEYIPTVF;LISYTTNAFPGEYIPTVFDNYSANV;1
GEYIPTVFD;GEYIPTVFD;LISYTTNAFPGEYIPTVFDNYSANV;0
EYIPTVFDN;EYIPTVFDN;LISYTTNAFPGEYIPTVFDNYSANV;0
YIPTVFDNY;YIPTVFDNY;LISYTTNAFPGEYIPTVFDNYSANV;0
IPTVFDNYS;IPTVFDNYS;LISYTTNAFPGEYIPTVFDNYSANV;0
PTVFDNYSA;PTVFDNYSA;LISYTTNAFPGEYIPTVFDNYSANV;0
TVFDNYSAN;TVFDNYSAN;LISYTTNAFPGEYIPTVFDNYSANV;0
VFDNYSANV;VFDNYSANV;LISYTTNAFPGEYIPTVFDNYSANV;1
AHSSSAFTI;AHSSSAFTI;AHSSSAFTIMDQVPFSVSVSQLRALDGGNK;0
HSSSAFTIM;HSSSAFTIM;AHSSSAFTIMDQVPFSVSVSQLRALDGGNK;0
SSSAFTIMD;SSSAFTIMD;AHSSSAFTIMDQVPFSVSVSQLRALDGGNK;0
SSAFTIMDQ;SSAFTIMDQ;AHSSSAFTIMDQVPFSVSVSQLRALDGGNK;0
SAFTIMDQV;SAFTIMDQV;AHSSSAFTIMDQVPFSVSVSQLRALDGGNK;1
AFTIMDQVP;AFTIMDQVP;AHSSSAFTIMDQVPFSVSVSQLRALDGGNK;1
FTIMDQVPF;FTIMDQVPF;AHSSSAFTIMDQVPFSVSVSQLRALDGGNK;1
TIMDQVPFS;TIMDQVPFS;AHSSSAFTIMDQVPFSVSVSQLRALDGGNK;1
IMDQVPFSV;IMDQVPFSV;AHSSSAFTIMDQVPFSVSVSQLRALDGGNK;1
MDQVPFSVS;MDQVPFSVS;AHSSSAFTIMDQVPFSVSVSQLRALDGGNK;1
DQVPFSVSV;DQVPFSVSV;AHSSSAFTIMDQVPFSVSVSQLRALDGGNK;1
QVPFSVSVS;QVPFSVSVS;AHSSSAFTIMDQVPFSVSVSQLRALDGGNK;1
VPFSVSVSQ;VPFSVSVSQ;AHSSSAFTIMDQVPFSVSVSQLRALDGGNK;1
PFSVSVSQL;PFSVSVSQL;AHSSSAFTIMDQVPFSVSVSQLRALDGGNK;1
FSVSVSQLR;FSVSVSQLR;AHSSSAFTIMDQVPFSVSVSQLRALDGGNK;1
SVSVSQLRA;SVSVSQLRA;AHSSSAFTIMDQVPFSVSVSQLRALDGGNK;1
VSVSQLRAL;VSVSQLRAL;AHSSSAFTIMDQVPFSVSVSQLRALDGGNK;0
SVSQLRALD;SVSQLRALD;AHSSSAFTIMDQVPFSVSVSQLRALDGGNK;1
VSQLRALDG;VSQLRALDG;AHSSSAFTIMDQVPFSVSVSQLRALDGGNK;1
SQLRALDGG;SQLRALDGG;AHSSSAFTIMDQVPFSVSVSQLRALDGGNK;1
QLRALDGGN;QLRALDGGN;AHSSSAFTIMDQVPFSVSVSQLRALDGGNK;1
LRALDGGNK;LRALDGGNK;AHSSSAFTIMDQVPFSVSVSQLRALDGGNK;1
RTKAWNRQL;RTKAWNRQL;RTKAWNRQLYPEW;1
TKAWNRQLY;TKAWNRQLY;RTKAWNRQLYPEW;0
KAWNRQLYP;KAWNRQLYP;RTKAWNRQLYPEW;1
AWNRQLYPE;AWNRQLYPE;RTKAWNRQLYPEW;0
WNRQLYPEW;WNRQLYPEW;RTKAWNRQLYPEW;1
FVNQHLCGS;FVNQHLCGS;FVNQHLCGSHLVEALYLVCGERGFFYTPKT;1
VNQHLCGSH;VNQHLCGSH;FVNQHLCGSHLVEALYLVCGERGFFYTPKT;1
NQHLCGSHL;NQHLCGSHL;FVNQHLCGSHLVEALYLVCGERGFFYTPKT;1
QHLCGSHLV;QHLCGSHLV;FVNQHLCGSHLVEALYLVCGERGFFYTPKT;1
HLCGSHLVE;HLCGSHLVE;FVNQHLCGSHLVEALYLVCGERGFFYTPKT;1
LCGSHLVEA;LCGSHLVEA;FVNQHLCGSHLVEALYLVCGERGFFYTPKT;1
CGSHLVEAL;CGSHLVEAL;FVNQHLCGSHLVEALYLVCGERGFFYTPKT;1
GSHLVEALY;GSHLVEALY;FVNQHLCGSHLVEALYLVCGERGFFYTPKT;1
SHLVEALYL;SHLVEALYL;FVNQHLCGSHLVEALYLVCGERGFFYTPKT;1
HLVEALYLV;HLVEALYLV;FVNQHLCGSHLVEALYLVCGERGFFYTPKT;1
LVEALYLVC;LVEALYLVC;FVNQHLCGSHLVEALYLVCGERGFFYTPKT;1
VEALYLVCG;VEALYLVCG;FVNQHLCGSHLVEALYLVCGERGFFYTPKT;1
EALYLVCGE;EALYLVCGE;FVNQHLCGSHLVEALYLVCGERGFFYTPKT;1
ALYLVCGER;ALYLVCGER;FVNQHLCGSHLVEALYLVCGERGFFYTPKT;1
LYLVCGERG;LYLVCGERG;FVNQHLCGSHLVEALYLVCGERGFFYTPKT;1
YLVCGERGF;YLVCGERGF;FVNQHLCGSHLVEALYLVCGERGFFYTPKT;1
LVCGERGFF;LVCGERGFF;FVNQHLCGSHLVEALYLVCGERGFFYTPKT;1
VCGERGFFY;VCGERGFFY;FVNQHLCGSHLVEALYLVCGERGFFYTPKT;0
CGERGFFYT;CGERGFFYT;FVNQHLCGSHLVEALYLVCGERGFFYTPKT;0
GERGFFYTP;GERGFFYTP;FVNQHLCGSHLVEALYLVCGERGFFYTPKT;0
ERGFFYTPK;ERGFFYTPK;FVNQHLCGSHLVEALYLVCGERGFFYTPKT;0
RGFFYTPKT;RGFFYTPKT;FVNQHLCGSHLVEALYLVCGERGFFYTPKT;1
TGSTAVPYG;TGSTAVPYG;TGSTAVPYGSFKHVDTRLQ;0
GSTAVPYGS;GSTAVPYGS;TGSTAVPYGSFKHVDTRLQ;1
STAVPYGSF;STAVPYGSF;TGSTAVPYGSFKHVDTRLQ;0
TAVPYGSFK;TAVPYGSFK;TGSTAVPYGSFKHVDTRLQ;0
AVPYGSFKH;AVPYGSFKH;TGSTAVPYGSFKHVDTRLQ;0
VPYGSFKHV;VPYGSFKHV;TGSTAVPYGSFKHVDTRLQ;0
PYGSFKHVD;PYGSFKHVD;TGSTAVPYGSFKHVDTRLQ;1
YGSFKHVDT;YGSFKHVDT;TGSTAVPYGSFKHVDTRLQ;0
GSFKHVDTR;GSFKHVDTR;TGSTAVPYGSFKHVDTRLQ;1
SFKHVDTRL;SFKHVDTRL;TGSTAVPYGSFKHVDTRLQ;1
FKHVDTRLQ;FKHVDTRLQ;TGSTAVPYGSFKHVDTRLQ;0
SKKRPKPGG;SKKRPKPGG;SKKRPKPGGGWNTGGSRYPGQGSPGGNRYPPQGGGGWGQPHGGGWGQPHGGGWGQPHGGGWGQPHGGGGWGQGGSHSQWNKPSKPKTNMKHVAGAAAAGAVVGGLGGYMLGSVMSRPLIHFGNDYEDRYYRENMYRYPNQVYYRPVDQYSNQNNFVHDCVNITVKQHTVTTTTKGENFTETDIKIMERVVEQMCITQYQRESQAYYQRGAS;0
KKRPKPGGG;KKRPKPGGG;SKKRPKPGGGWNTGGSRYPGQGSPGGNRYPPQGGGGWGQPHGGGWGQPHGGGWGQPHGGGWGQPHGGGGWGQGGSHSQWNKPSKPKTNMKHVAGAAAAGAVVGGLGGYMLGSVMSRPLIHFGNDYEDRYYRENMYRYPNQVYYRPVDQYSNQNNFVHDCVNITVKQHTVTTTTKGENFTETDIKIMERVVEQMCITQYQRESQAYYQRGAS;0
KRPKPGGGW;KRPKPGGGW;SKKRPKPGGGWNTGGSRYPGQGSPGGNRYPPQGGGGWGQPHGGGWGQPHGGGWGQPHGGGWGQPHGGGGWGQGGSHSQWNKPSKPKTNMKHVAGAAAAGAVVGGLGGYMLGSVMSRPLIHFGNDYEDRYYRENMYRYPNQVYYRPVDQYSNQNNFVHDCVNITVKQHTVTTTTKGENFTETDIKIMERVVEQMCITQYQRESQAYYQRGAS;0
RPKPGGGWN;RPKPGGGWN;SKKRPKPGGGWNTGGSRYPGQGSPGGNRYPPQGGGGWGQPHGGGWGQPHGGGWGQPHGGGWGQPHGGGGWGQGGSHSQWNKPSKPKTNMKHVAGAAAAGAVVGGLGGYMLGSVMSRPLIHFGNDYEDRYYRENMYRYPNQVYYRPVDQYSNQNNFVHDCVNITVKQHTVTTTTKGENFTETDIKIMERVVEQMCITQYQRESQAYYQRGAS;0
PKPGGGWNT;PKPGGGWNT;SKKRPKPGGGWNTGGSRYPGQGSPGGNRYPPQGGGGWGQPHGGGWGQPHGGGWGQPHGGGWGQPHGGGGWGQGGSHSQWNKPSKPKTNMKHVAGAAAAGAVVGGLGGYMLGSVMSRPLIHFGNDYEDRYYRENMYRYPNQVYYRPVDQYSNQNNFVHDCVNITVKQHTVTTTTKGENFTETDIKIMERVVEQMCITQYQRESQAYYQRGAS;0
KPGGGWNTG;KPGGGWNTG;SKKRPKPGGGWNTGGSRYPGQGSPGGNRYPPQGGGGWGQPHGGGWGQPHGGGWGQPHGGGWGQPHGGGGWGQGGSHSQWNKPSKPKTNMKHVAGAAAAGAVVGGLGGYMLGSVMSRPLIHFGNDYEDRYYRENMYRYPNQVYYRPVDQYSNQNNFVHDCVNITVKQHTVTTTTKGENFTETDIKIMERVVEQMCITQYQRESQAYYQRGAS;1
PGGGWNTGG;PGGGWNTGG;SKKRPKPGGGWNTGGSRYPGQGSPGGNRYPPQGGGGWGQPHGGGWGQPHGGGWGQPHGGGWGQPHGGGGWGQGGSHSQWNKPSKPKTNMKHVAGAAAAGAVVGGLGGYMLGSVMSRPLIHFGNDYEDRYYRENMYRYPNQVYYRPVDQYSNQNNFVHDCVNITVKQHTVTTTTKGENFTETDIKIMERVVEQMCITQYQRESQAYYQRGAS;1
GGGWNTGGS;GGGWNTGGS;SKKRPKPGGGWNTGGSRYPGQGSPGGNRYPPQGGGGWGQPHGGGWGQPHGGGWGQPHGGGWGQPHGGGGWGQGGSHSQWNKPSKPKTNMKHVAGAAAAGAVVGGLGGYMLGSVMSRPLIHFGNDYEDRYYRENMYRYPNQVYYRPVDQYSNQNNFVHDCVNITVKQHTVTTTTKGENFTETDIKIMERVVEQMCITQYQRESQAYYQRGAS;0
GGWNTGGSR;GGWNTGGSR;SKKRPKPGGGWNTGGSRYPGQGSPGGNRYPPQGGGGWGQPHGGGWGQPHGGGWGQPHGGGWGQPHGGGGWGQGGSHSQWNKPSKPKTNMKHVAGAAAAGAVVGGLGGYMLGSVMSRPLIHFGNDYEDRYYRENMYRYPNQVYYRPVDQYSNQNNFVHDCVNITVKQHTVTTTTKGENFTETDIKIMERVVEQMCITQYQRESQAYYQRGAS;0
GWNTGGSRY;GWNTGGSRY;SKKRPKPGGGWNTGGSRYPGQGSPGGNRYPPQGGGGWGQPHGGGWGQPHGGGWGQPHGGGWGQPHGGGGWGQGGSHSQWNKPSKPKTNMKHVAGAAAAGAVVGGLGGYMLGSVMSRPLIHFGNDYEDRYYRENMYRYPNQVYYRPVDQYSNQNNFVHDCVNITVKQHTVTTTTKGENFTETDIKIMERVVEQMCITQYQRESQAYYQRGAS;0
WNTGGSRYP;WNTGGSRYP;SKKRPKPGGGWNTGGSRYPGQGSPGGNRYPPQGGGGWGQPHGGGWGQPHGGGWGQPHGGGWGQPHGGGGWGQGGSHSQWNKPSKPKTNMKHVAGAAAAGAVVGGLGGYMLGSVMSRPLIHFGNDYEDRYYRENMYRYPNQVYYRPVDQYSNQNNFVHDCVNITVKQHTVTTTTKGENFTETDIKIMERVVEQMCITQYQRESQAYYQRGAS;0
NTGGSRYPG;NTGGSRYPG;SKKRPKPGGGWNTGGSRYPGQGSPGGNRYPPQGGGGWGQPHGGGWGQPHGGGWGQPHGGGWGQPHGGGGWGQGGSHSQWNKPSKPKTNMKHVAGAAAAGAVVGGLGGYMLGSVMSRPLIHFGNDYEDRYYRENMYRYPNQVYYRPVDQYSNQNNFVHDCVNITVKQHTVTTTTKGENFTETDIKIMERVVEQMCITQYQRESQAYYQRGAS;0
TGGSRYPGQ;TGGSRYPGQ;SKKRPKPGGGWNTGGSRYPGQGSPGGNRYPPQGGGGWGQPHGGGWGQPHGGGWGQPHGGGWGQPHGGGGWGQGGSHSQWNKPSKPKTNMKHVAGAAAAGAVVGGLGGYMLGSVMSRPLIHFGNDYEDRYYRENMYRYPNQVYYRPVDQYSNQNNFVHDCVNITVKQHTVTTTTKGENFTETDIKIMERVVEQMCITQYQRESQAYYQRGAS;0
GGSRYPGQG;GGSRYPGQG;SKKRPKPGGGWNTGGSRYPGQGSPGGNRYPPQGGGGWGQPHGGGWGQPHGGGWGQPHGGGWGQPHGGGGWGQGGSHSQWNKPSKPKTNMKHVAGAAAAGAVVGGLGGYMLGSVMSRPLIHFGNDYEDRYYRENMYRYPNQVYYRPVDQYSNQNNFVHDCVNITVKQHTVTTTTKGENFTETDIKIMERVVEQMCITQYQRESQAYYQRGAS;1
GSRYPGQGS;GSRYPGQGS;SKKRPKPGGGWNTGGSRYPGQGSPGGNRYPPQGGGGWGQPHGGGWGQPHGGGWGQPHGGGWGQPHGGGGWGQGGSHSQWNKPSKPKTNMKHVAGAAAAGAVVGGLGGYMLGSVMSRPLIHFGNDYEDRYYRENMYRYPNQVYYRPVDQYSNQNNFVHDCVNITVKQHTVTTTTKGENFTETDIKIMERVVEQMCITQYQRESQAYYQRGAS;1
SRYPGQGSP;SRYPGQGSP;SKKRPKPGGGWNTGGSRYPGQGSPGGNRYPPQGGGGWGQPHGGGWGQPHGGGWGQPHGGGWGQPHGGGGWGQGGSHSQWNKPSKPKTNMKHVAGAAAAGAVVGGLGGYMLGSVMSRPLIHFGNDYEDRYYRENMYRYPNQVYYRPVDQYSNQNNFVHDCVNITVKQHTVTTTTKGENFTETDIKIMERVVEQMCITQYQRESQAYYQRGAS;0
RYPGQGSPG;RYPGQGSPG;SKKRPKPGGGWNTGGSRYPGQGSPGGNRYPPQGGGGWGQPHGGGWGQPHGGGWGQPHGGGWGQPHGGGGWGQGGSHSQWNKPSKPKTNMKHVAGAAAAGAVVGGLGGYMLGSVMSRPLIHFGNDYEDRYYRENMYRYPNQVYYRPVDQYSNQNNFVHDCVNITVKQHTVTTTTKGENFTETDIKIMERVVEQMCITQYQRESQAYYQRGAS;0
YPGQGSPGG;YPGQGSPGG;SKKRPKPGGGWNTGGSRYPGQGSPGGNRYPPQGGGGWGQPHGGGWGQPHGGGWGQPHGGGWGQPHGGGGWGQGGSHSQWNKPSKPKTNMKHVAGAAAAGAVVGGLGGYMLGSVMSRPLIHFGNDYEDRYYRENMYRYPNQVYYRPVDQYSNQNNFVHDCVNITVKQHTVTTTTKGENFTETDIKIMERVVEQMCITQYQRESQAYYQRGAS;0
PGQGSPGGN;PGQGSPGGN;SKKRPKPGGGWNTGGSRYPGQGSPGGNRYPPQGGGGWGQPHGGGWGQPHGGGWGQPHGGGWGQPHGGGGWGQGGSHSQWNKPSKPKTNMKHVAGAAAAGAVVGGLGGYMLGSVMSRPLIHFGNDYEDRYYRENMYRYPNQVYYRPVDQYSNQNNFVHDCVNITVKQHTVTTTTKGENFTETDIKIMERVVEQMCITQYQRESQAYYQRGAS;0
GQGSPGGNR;GQGSPGGNR;SKKRPKPGGGWNTGGSRYPGQGSPGGNRYPPQGGGGWGQPHGGGWGQPHGGGWGQPHGGGWGQPHGGGGWGQGGSHSQWNKPSKPKTNMKHVAGAAAAGAVVGGLGGYMLGSVMSRPLIHFGNDYEDRYYRENMYRYPNQVYYRPVDQYSNQNNFVHDCVNITVKQHTVTTTTKGENFTETDIKIMERVVEQMCITQYQRESQAYYQRGAS;0
QGSPGGNRY;QGSPGGNRY;SKKRPKPGGGWNTGGSRYPGQGSPGGNRYPPQGGGGWGQPHGGGWGQPHGGGWGQPHGGGWGQPHGGGGWGQGGSHSQWNKPSKPKTNMKHVAGAAAAGAVVGGLGGYMLGSVMSRPLIHFGNDYEDRYYRENMYRYPNQVYYRPVDQYSNQNNFVHDCVNITVKQHTVTTTTKGENFTETDIKIMERVVEQMCITQYQRESQAYYQRGAS;0
GSPGGNRYP;GSPGGNRYP;SKKRPKPGGGWNTGGSRYPGQGSPGGNRYPPQGGGGWGQPHGGGWGQPHGGGWGQPHGGGWGQPHGGGGWGQGGSHSQWNKPSKPKTNMKHVAGAAAAGAVVGGLGGYMLGSVMSRPLIHFGNDYEDRYYRENMYRYPNQVYYRPVDQYSNQNNFVHDCVNITVKQHTVTTTTKGENFTETDIKIMERVVEQMCITQYQRESQAYYQRGAS;0
SPGGNRYPP;SPGGNRYPP;SKKRPKPGGGWNTGGSRYPGQGSPGGNRYPPQGGGGWGQPHGGGWGQPHGGGWGQPHGGGWGQPHGGGGWGQGGSHSQWNKPSKPKTNMKHVAGAAAAGAVVGGLGGYMLGSVMSRPLIHFGNDYEDRYYRENMYRYPNQVYYRPVDQYSNQNNFVHDCVNITVKQHTVTTTTKGENFTETDIKIMERVVEQMCITQYQRESQAYYQRGAS;0
PGGNRYPPQ;PGGNRYPPQ;SKKRPKPGGGWNTGGSRYPGQGSPGGNRYPPQGGGGWGQPHGGGWGQPHGGGWGQPHGGGWGQPHGGGGWGQGGSHSQWNKPSKPKTNMKHVAGAAAAGAVVGGLGGYMLGSVMSRPLIHFGNDYEDRYYRENMYRYPNQVYYRPVDQYSNQNNFVHDCVNITVKQHTVTTTTKGENFTETDIKIMERVVEQMCITQYQRESQAYYQRGAS;0
GGNRYPPQG;GGNRYPPQG;SKKRPKPGGGWNTGGSRYPGQGSPGGNRYPPQGGGGWGQPHGGGWGQPHGGGWGQPHGGGWGQPHGGGGWGQGGSHSQWNKPSKPKTNMKHVAGAAAAGAVVGGLGGYMLGSVMSRPLIHFGNDYEDRYYRENMYRYPNQVYYRPVDQYSNQNNFVHDCVNITVKQHTVTTTTKGENFTETDIKIMERVVEQMCITQYQRESQAYYQRGAS;1
GNRYPPQGG;GNRYPPQGG;SKKRPKPGGGWNTGGSRYPGQGSPGGNRYPPQGGGGWGQPHGGGWGQPHGGGWGQPHGGGWGQPHGGGGWGQGGSHSQWNKPSKPKTNMKHVAGAAAAGAVVGGLGGYMLGSVMSRPLIHFGNDYEDRYYRENMYRYPNQVYYRPVDQYSNQNNFVHDCVNITVKQHTVTTTTKGENFTETDIKIMERVVEQMCITQYQRESQAYYQRGAS;0
NRYPPQGGG;NRYPPQGGG;SKKRPKPGGGWNTGGSRYPGQGSPGGNRYPPQGGGGWGQPHGGGWGQPHGGGWGQPHGGGWGQPHGGGGWGQGGSHSQWNKPSKPKTNMKHVAGAAAAGAVVGGLGGYMLGSVMSRPLIHFGNDYEDRYYRENMYRYPNQVYYRPVDQYSNQNNFVHDCVNITVKQHTVTTTTKGENFTETDIKIMERVVEQMCITQYQRESQAYYQRGAS;0
RYPPQGGGG;RYPPQGGGG;SKKRPKPGGGWNTGGSRYPGQGSPGGNRYPPQGGGGWGQPHGGGWGQPHGGGWGQPHGGGWGQPHGGGGWGQGGSHSQWNKPSKPKTNMKHVAGAAAAGAVVGGLGGYMLGSVMSRPLIHFGNDYEDRYYRENMYRYPNQVYYRPVDQYSNQNNFVHDCVNITVKQHTVTTTTKGENFTETDIKIMERVVEQMCITQYQRESQAYYQRGAS;1
YPPQGGGGW;YPPQGGGGW;SKKRPKPGGGWNTGGSRYPGQGSPGGNRYPPQGGGGWGQPHGGGWGQPHGGGWGQPHGGGWGQPHGGGGWGQGGSHSQWNKPSKPKTNMKHVAGAAAAGAVVGGLGGYMLGSVMSRPLIHFGNDYEDRYYRENMYRYPNQVYYRPVDQYSNQNNFVHDCVNITVKQHTVTTTTKGENFTETDIKIMERVVEQMCITQYQRESQAYYQRGAS;0
PPQGGGGWG;PPQGGGGWG;SKKRPKPGGGWNTGGSRYPGQGSPGGNRYPPQGGGGWGQPHGGGWGQPHGGGWGQPHGGGWGQPHGGGGWGQGGSHSQWNKPSKPKTNMKHVAGAAAAGAVVGGLGGYMLGSVMSRPLIHFGNDYEDRYYRENMYRYPNQVYYRPVDQYSNQNNFVHDCVNITVKQHTVTTTTKGENFTETDIKIMERVVEQMCITQYQRESQAYYQRGAS;0
PQGGGGWGQ;PQGGGGWGQ;SKKRPKPGGGWNTGGSRYPGQGSPGGNRYPPQGGGGWGQPHGGGWGQPHGGGWGQPHGGGWGQPHGGGGWGQGGSHSQWNKPSKPKTNMKHVAGAAAAGAVVGGLGGYMLGSVMSRPLIHFGNDYEDRYYRENMYRYPNQVYYRPVDQYSNQNNFVHDCVNITVKQHTVTTTTKGENFTETDIKIMERVVEQMCITQYQRESQAYYQRGAS;0
QGGGGWGQP;QGGGGWGQP;SKKRPKPGGGWNTGGSRYPGQGSPGGNRYPPQGGGGWGQPHGGGWGQPHGGGWGQPHGGGWGQPHGGGGWGQGGSHSQWNKPSKPKTNMKHVAGAAAAGAVVGGLGGYMLGSVMSRPLIHFGNDYEDRYYRENMYRYPNQVYYRPVDQYSNQNNFVHDCVNITVKQHTVTTTTKGENFTETDIKIMERVVEQMCITQYQRESQAYYQRGAS;0
GGGGWGQPH;GGGGWGQPH;SKKRPKPGGGWNTGGSRYPGQGSPGGNRYPPQGGGGWGQPHGGGWGQPHGGGWGQPHGGGWGQPHGGGGWGQGGSHSQWNKPSKPKTNMKHVAGAAAAGAVVGGLGGYMLGSVMSRPLIHFGNDYEDRYYRENMYRYPNQVYYRPVDQYSNQNNFVHDCVNITVKQHTVTTTTKGENFTETDIKIMERVVEQMCITQYQRESQAYYQRGAS;1
GGGWGQPHG;GGGWGQPHG;SKKRPKPGGGWNTGGSRYPGQGSPGGNRYPPQGGGGWGQPHGGGWGQPHGGGWGQPHGGGWGQPHGGGGWGQGGSHSQWNKPSKPKTNMKHVAGAAAAGAVVGGLGGYMLGSVMSRPLIHFGNDYEDRYYRENMYRYPNQVYYRPVDQYSNQNNFVHDCVNITVKQHTVTTTTKGENFTETDIKIMERVVEQMCITQYQRESQAYYQRGAS;0
GGWGQPHGG;GGWGQPHGG;SKKRPKPGGGWNTGGSRYPGQGSPGGNRYPPQGGGGWGQPHGGGWGQPHGGGWGQPHGGGWGQPHGGGGWGQGGSHSQWNKPSKPKTNMKHVAGAAAAGAVVGGLGGYMLGSVMSRPLIHFGNDYEDRYYRENMYRYPNQVYYRPVDQYSNQNNFVHDCVNITVKQHTVTTTTKGENFTETDIKIMERVVEQMCITQYQRESQAYYQRGAS;0
GWGQPHGGG;GWGQPHGGG;SKKRPKPGGGWNTGGSRYPGQGSPGGNRYPPQGGGGWGQPHGGGWGQPHGGGWGQPHGGGWGQPHGGGGWGQGGSHSQWNKPSKPKTNMKHVAGAAAAGAVVGGLGGYMLGSVMSRPLIHFGNDYEDRYYRENMYRYPNQVYYRPVDQYSNQNNFVHDCVNITVKQHTVTTTTKGENFTETDIKIMERVVEQMCITQYQRESQAYYQRGAS;0
WGQPHGGGW;WGQPHGGGW;SKKRPKPGGGWNTGGSRYPGQGSPGGNRYPPQGGGGWGQPHGGGWGQPHGGGWGQPHGGGWGQPHGGGGWGQGGSHSQWNKPSKPKTNMKHVAGAAAAGAVVGGLGGYMLGSVMSRPLIHFGNDYEDRYYRENMYRYPNQVYYRPVDQYSNQNNFVHDCVNITVKQHTVTTTTKGENFTETDIKIMERVVEQMCITQYQRESQAYYQRGAS;0
GQPHGGGWG;GQPHGGGWG;SKKRPKPGGGWNTGGSRYPGQGSPGGNRYPPQGGGGWGQPHGGGWGQPHGGGWGQPHGGGWGQPHGGGGWGQGGSHSQWNKPSKPKTNMKHVAGAAAAGAVVGGLGGYMLGSVMSRPLIHFGNDYEDRYYRENMYRYPNQVYYRPVDQYSNQNNFVHDCVNITVKQHTVTTTTKGENFTETDIKIMERVVEQMCITQYQRESQAYYQRGAS;0
QPHGGGWGQ;QPHGGGWGQ;SKKRPKPGGGWNTGGSRYPGQGSPGGNRYPPQGGGGWGQPHGGGWGQPHGGGWGQPHGGGWGQPHGGGGWGQGGSHSQWNKPSKPKTNMKHVAGAAAAGAVVGGLGGYMLGSVMSRPLIHFGNDYEDRYYRENMYRYPNQVYYRPVDQYSNQNNFVHDCVNITVKQHTVTTTTKGENFTETDIKIMERVVEQMCITQYQRESQAYYQRGAS;0
PHGGGWGQP;PHGGGWGQP;SKKRPKPGGGWNTGGSRYPGQGSPGGNRYPPQGGGGWGQPHGGGWGQPHGGGWGQPHGGGWGQPHGGGGWGQGGSHSQWNKPSKPKTNMKHVAGAAAAGAVVGGLGGYMLGSVMSRPLIHFGNDYEDRYYRENMYRYPNQVYYRPVDQYSNQNNFVHDCVNITVKQHTVTTTTKGENFTETDIKIMERVVEQMCITQYQRESQAYYQRGAS;0
HGGGWGQPH;HGGGWGQPH;SKKRPKPGGGWNTGGSRYPGQGSPGGNRYPPQGGGGWGQPHGGGWGQPHGGGWGQPHGGGWGQPHGGGGWGQGGSHSQWNKPSKPKTNMKHVAGAAAAGAVVGGLGGYMLGSVMSRPLIHFGNDYEDRYYRENMYRYPNQVYYRPVDQYSNQNNFVHDCVNITVKQHTVTTTTKGENFTETDIKIMERVVEQMCITQYQRESQAYYQRGAS;1
GGGWGQPHG;GGGWGQPHG;SKKRPKPGGGWNTGGSRYPGQGSPGGNRYPPQGGGGWGQPHGGGWGQPHGGGWGQPHGGGWGQPHGGGGWGQGGSHSQWNKPSKPKTNMKHVAGAAAAGAVVGGLGGYMLGSVMSRPLIHFGNDYEDRYYRENMYRYPNQVYYRPVDQYSNQNNFVHDCVNITVKQHTVTTTTKGENFTETDIKIMERVVEQMCITQYQRESQAYYQRGAS;1
GGWGQPHGG;GGWGQPHGG;SKKRPKPGGGWNTGGSRYPGQGSPGGNRYPPQGGGGWGQPHGGGWGQPHGGGWGQPHGGGWGQPHGGGGWGQGGSHSQWNKPSKPKTNMKHVAGAAAAGAVVGGLGGYMLGSVMSRPLIHFGNDYEDRYYRENMYRYPNQVYYRPVDQYSNQNNFVHDCVNITVKQHTVTTTTKGENFTETDIKIMERVVEQMCITQYQRESQAYYQRGAS;0
GWGQPHGGG;GWGQPHGGG;SKKRPKPGGGWNTGGSRYPGQGSPGGNRYPPQGGGGWGQPHGGGWGQPHGGGWGQPHGGGWGQPHGGGGWGQGGSHSQWNKPSKPKTNMKHVAGAAAAGAVVGGLGGYMLGSVMSRPLIHFGNDYEDRYYRENMYRYPNQVYYRPVDQYSNQNNFVHDCVNITVKQHTVTTTTKGENFTETDIKIMERVVEQMCITQYQRESQAYYQRGAS;0
WGQPHGGGW;WGQPHGGGW;SKKRPKPGGGWNTGGSRYPGQGSPGGNRYPPQGGGGWGQPHGGGWGQPHGGGWGQPHGGGWGQPHGGGGWGQGGSHSQWNKPSKPKTNMKHVAGAAAAGAVVGGLGGYMLGSVMSRPLIHFGNDYEDRYYRENMYRYPNQVYYRPVDQYSNQNNFVHDCVNITVKQHTVTTTTKGENFTETDIKIMERVVEQMCITQYQRESQAYYQRGAS;0
GQPHGGGWG;GQPHGGGWG;SKKRPKPGGGWNTGGSRYPGQGSPGGNRYPPQGGGGWGQPHGGGWGQPHGGGWGQPHGGGWGQPHGGGGWGQGGSHSQWNKPSKPKTNMKHVAGAAAAGAVVGGLGGYMLGSVMSRPLIHFGNDYEDRYYRENMYRYPNQVYYRPVDQYSNQNNFVHDCVNITVKQHTVTTTTKGENFTETDIKIMERVVEQMCITQYQRESQAYYQRGAS;0
QPHGGGWGQ;QPHGGGWGQ;SKKRPKPGGGWNTGGSRYPGQGSPGGNRYPPQGGGGWGQPHGGGWGQPHGGGWGQPHGGGWGQPHGGGGWGQGGSHSQWNKPSKPKTNMKHVAGAAAAGAVVGGLGGYMLGSVMSRPLIHFGNDYEDRYYRENMYRYPNQVYYRPVDQYSNQNNFVHDCVNITVKQHTVTTTTKGENFTETDIKIMERVVEQMCITQYQRESQAYYQRGAS;0
PHGGGWGQP;PHGGGWGQP;SKKRPKPGGGWNTGGSRYPGQGSPGGNRYPPQGGGGWGQPHGGGWGQPHGGGWGQPHGGGWGQPHGGGGWGQGGSHSQWNKPSKPKTNMKHVAGAAAAGAVVGGLGGYMLGSVMSRPLIHFGNDYEDRYYRENMYRYPNQVYYRPVDQYSNQNNFVHDCVNITVKQHTVTTTTKGENFTETDIKIMERVVEQMCITQYQRESQAYYQRGAS;0
HGGGWGQPH;HGGGWGQPH;SKKRPKPGGGWNTGGSRYPGQGSPGGNRYPPQGGGGWGQPHGGGWGQPHGGGWGQPHGGGWGQPHGGGGWGQGGSHSQWNKPSKPKTNMKHVAGAAAAGAVVGGLGGYMLGSVMSRPLIHFGNDYEDRYYRENMYRYPNQVYYRPVDQYSNQNNFVHDCVNITVKQHTVTTTTKGENFTETDIKIMERVVEQMCITQYQRESQAYYQRGAS;1
GGGWGQPHG;GGGWGQPHG;SKKRPKPGGGWNTGGSRYPGQGSPGGNRYPPQGGGGWGQPHGGGWGQPHGGGWGQPHGGGWGQPHGGGGWGQGGSHSQWNKPSKPKTNMKHVAGAAAAGAVVGGLGGYMLGSVMSRPLIHFGNDYEDRYYRENMYRYPNQVYYRPVDQYSNQNNFVHDCVNITVKQHTVTTTTKGENFTETDIKIMERVVEQMCITQYQRESQAYYQRGAS;0
GGWGQPHGG;GGWGQPHGG;SKKRPKPGGGWNTGGSRYPGQGSPGGNRYPPQGGGGWGQPHGGGWGQPHGGGWGQPHGGGWGQPHGGGGWGQGGSHSQWNKPSKPKTNMKHVAGAAAAGAVVGGLGGYMLGSVMSRPLIHFGNDYEDRYYRENMYRYPNQVYYRPVDQYSNQNNFVHDCVNITVKQHTVTTTTKGENFTETDIKIMERVVEQMCITQYQRESQAYYQRGAS;0
GWGQPHGGG;GWGQPHGGG;SKKRPKPGGGWNTGGSRYPGQGSPGGNRYPPQGGGGWGQPHGGGWGQPHGGGWGQPHGGGWGQPHGGGGWGQGGSHSQWNKPSKPKTNMKHVAGAAAAGAVVGGLGGYMLGSVMSRPLIHFGNDYEDRYYRENMYRYPNQVYYRPVDQYSNQNNFVHDCVNITVKQHTVTTTTKGENFTETDIKIMERVVEQMCITQYQRESQAYYQRGAS;0
WGQPHGGGW;WGQPHGGGW;SKKRPKPGGGWNTGGSRYPGQGSPGGNRYPPQGGGGWGQPHGGGWGQPHGGGWGQPHGGGWGQPHGGGGWGQGGSHSQWNKPSKPKTNMKHVAGAAAAGAVVGGLGGYMLGSVMSRPLIHFGNDYEDRYYRENMYRYPNQVYYRPVDQYSNQNNFVHDCVNITVKQHTVTTTTKGENFTETDIKIMERVVEQMCITQYQRESQAYYQRGAS;0
GQPHGGGWG;GQPHGGGWG;SKKRPKPGGGWNTGGSRYPGQGSPGGNRYPPQGGGGWGQPHGGGWGQPHGGGWGQPHGGGWGQPHGGGGWGQGGSHSQWNKPSKPKTNMKHVAGAAAAGAVVGGLGGYMLGSVMSRPLIHFGNDYEDRYYRENMYRYPNQVYYRPVDQYSNQNNFVHDCVNITVKQHTVTTTTKGENFTETDIKIMERVVEQMCITQYQRESQAYYQRGAS;0
QPHGGGWGQ;QPHGGGWGQ;SKKRPKPGGGWNTGGSRYPGQGSPGGNRYPPQGGGGWGQPHGGGWGQPHGGGWGQPHGGGWGQPHGGGGWGQGGSHSQWNKPSKPKTNMKHVAGAAAAGAVVGGLGGYMLGSVMSRPLIHFGNDYEDRYYRENMYRYPNQVYYRPVDQYSNQNNFVHDCVNITVKQHTVTTTTKGENFTETDIKIMERVVEQMCITQYQRESQAYYQRGAS;0
PHGGGWGQP;PHGGGWGQP;SKKRPKPGGGWNTGGSRYPGQGSPGGNRYPPQGGGGWGQPHGGGWGQPHGGGWGQPHGGGWGQPHGGGGWGQGGSHSQWNKPSKPKTNMKHVAGAAAAGAVVGGLGGYMLGSVMSRPLIHFGNDYEDRYYRENMYRYPNQVYYRPVDQYSNQNNFVHDCVNITVKQHTVTTTTKGENFTETDIKIMERVVEQMCITQYQRESQAYYQRGAS;0
HGGGWGQPH;HGGGWGQPH;SKKRPKPGGGWNTGGSRYPGQGSPGGNRYPPQGGGGWGQPHGGGWGQPHGGGWGQPHGGGWGQPHGGGGWGQGGSHSQWNKPSKPKTNMKHVAGAAAAGAVVGGLGGYMLGSVMSRPLIHFGNDYEDRYYRENMYRYPNQVYYRPVDQYSNQNNFVHDCVNITVKQHTVTTTTKGENFTETDIKIMERVVEQMCITQYQRESQAYYQRGAS;1
GGGWGQPHG;GGGWGQPHG;SKKRPKPGGGWNTGGSRYPGQGSPGGNRYPPQGGGGWGQPHGGGWGQPHGGGWGQPHGGGWGQPHGGGGWGQGGSHSQWNKPSKPKTNMKHVAGAAAAGAVVGGLGGYMLGSVMSRPLIHFGNDYEDRYYRENMYRYPNQVYYRPVDQYSNQNNFVHDCVNITVKQHTVTTTTKGENFTETDIKIMERVVEQMCITQYQRESQAYYQRGAS;0
GGWGQPHGG;GGWGQPHGG;SKKRPKPGGGWNTGGSRYPGQGSPGGNRYPPQGGGGWGQPHGGGWGQPHGGGWGQPHGGGWGQPHGGGGWGQGGSHSQWNKPSKPKTNMKHVAGAAAAGAVVGGLGGYMLGSVMSRPLIHFGNDYEDRYYRENMYRYPNQVYYRPVDQYSNQNNFVHDCVNITVKQHTVTTTTKGENFTETDIKIMERVVEQMCITQYQRESQAYYQRGAS;0
GWGQPHGGG;GWGQPHGGG;SKKRPKPGGGWNTGGSRYPGQGSPGGNRYPPQGGGGWGQPHGGGWGQPHGGGWGQPHGGGWGQPHGGGGWGQGGSHSQWNKPSKPKTNMKHVAGAAAAGAVVGGLGGYMLGSVMSRPLIHFGNDYEDRYYRENMYRYPNQVYYRPVDQYSNQNNFVHDCVNITVKQHTVTTTTKGENFTETDIKIMERVVEQMCITQYQRESQAYYQRGAS;0
WGQPHGGGG;WGQPHGGGG;SKKRPKPGGGWNTGGSRYPGQGSPGGNRYPPQGGGGWGQPHGGGWGQPHGGGWGQPHGGGWGQPHGGGGWGQGGSHSQWNKPSKPKTNMKHVAGAAAAGAVVGGLGGYMLGSVMSRPLIHFGNDYEDRYYRENMYRYPNQVYYRPVDQYSNQNNFVHDCVNITVKQHTVTTTTKGENFTETDIKIMERVVEQMCITQYQRESQAYYQRGAS;0
GQPHGGGGW;GQPHGGGGW;SKKRPKPGGGWNTGGSRYPGQGSPGGNRYPPQGGGGWGQPHGGGWGQPHGGGWGQPHGGGWGQPHGGGGWGQGGSHSQWNKPSKPKTNMKHVAGAAAAGAVVGGLGGYMLGSVMSRPLIHFGNDYEDRYYRENMYRYPNQVYYRPVDQYSNQNNFVHDCVNITVKQHTVTTTTKGENFTETDIKIMERVVEQMCITQYQRESQAYYQRGAS;0
QPHGGGGWG;QPHGGGGWG;SKKRPKPGGGWNTGGSRYPGQGSPGGNRYPPQGGGGWGQPHGGGWGQPHGGGWGQPHGGGWGQPHGGGGWGQGGSHSQWNKPSKPKTNMKHVAGAAAAGAVVGGLGGYMLGSVMSRPLIHFGNDYEDRYYRENMYRYPNQVYYRPVDQYSNQNNFVHDCVNITVKQHTVTTTTKGENFTETDIKIMERVVEQMCITQYQRESQAYYQRGAS;0
PHGGGGWGQ;PHGGGGWGQ;SKKRPKPGGGWNTGGSRYPGQGSPGGNRYPPQGGGGWGQPHGGGWGQPHGGGWGQPHGGGWGQPHGGGGWGQGGSHSQWNKPSKPKTNMKHVAGAAAAGAVVGGLGGYMLGSVMSRPLIHFGNDYEDRYYRENMYRYPNQVYYRPVDQYSNQNNFVHDCVNITVKQHTVTTTTKGENFTETDIKIMERVVEQMCITQYQRESQAYYQRGAS;0
HGGGGWGQG;HGGGGWGQG;SKKRPKPGGGWNTGGSRYPGQGSPGGNRYPPQGGGGWGQPHGGGWGQPHGGGWGQPHGGGWGQPHGGGGWGQGGSHSQWNKPSKPKTNMKHVAGAAAAGAVVGGLGGYMLGSVMSRPLIHFGNDYEDRYYRENMYRYPNQVYYRPVDQYSNQNNFVHDCVNITVKQHTVTTTTKGENFTETDIKIMERVVEQMCITQYQRESQAYYQRGAS;0
GGGGWGQGG;GGGGWGQGG;SKKRPKPGGGWNTGGSRYPGQGSPGGNRYPPQGGGGWGQPHGGGWGQPHGGGWGQPHGGGWGQPHGGGGWGQGGSHSQWNKPSKPKTNMKHVAGAAAAGAVVGGLGGYMLGSVMSRPLIHFGNDYEDRYYRENMYRYPNQVYYRPVDQYSNQNNFVHDCVNITVKQHTVTTTTKGENFTETDIKIMERVVEQMCITQYQRESQAYYQRGAS;1
GGGWGQGGS;GGGWGQGGS;SKKRPKPGGGWNTGGSRYPGQGSPGGNRYPPQGGGGWGQPHGGGWGQPHGGGWGQPHGGGWGQPHGGGGWGQGGSHSQWNKPSKPKTNMKHVAGAAAAGAVVGGLGGYMLGSVMSRPLIHFGNDYEDRYYRENMYRYPNQVYYRPVDQYSNQNNFVHDCVNITVKQHTVTTTTKGENFTETDIKIMERVVEQMCITQYQRESQAYYQRGAS;0
GGWGQGGSH;GGWGQGGSH;SKKRPKPGGGWNTGGSRYPGQGSPGGNRYPPQGGGGWGQPHGGGWGQPHGGGWGQPHGGGWGQPHGGGGWGQGGSHSQWNKPSKPKTNMKHVAGAAAAGAVVGGLGGYMLGSVMSRPLIHFGNDYEDRYYRENMYRYPNQVYYRPVDQYSNQNNFVHDCVNITVKQHTVTTTTKGENFTETDIKIMERVVEQMCITQYQRESQAYYQRGAS;0
GWGQGGSHS;GWGQGGSHS;SKKRPKPGGGWNTGGSRYPGQGSPGGNRYPPQGGGGWGQPHGGGWGQPHGGGWGQPHGGGWGQPHGGGGWGQGGSHSQWNKPSKPKTNMKHVAGAAAAGAVVGGLGGYMLGSVMSRPLIHFGNDYEDRYYRENMYRYPNQVYYRPVDQYSNQNNFVHDCVNITVKQHTVTTTTKGENFTETDIKIMERVVEQMCITQYQRESQAYYQRGAS;1
WGQGGSHSQ;WGQGGSHSQ;SKKRPKPGGGWNTGGSRYPGQGSPGGNRYPPQGGGGWGQPHGGGWGQPHGGGWGQPHGGGWGQPHGGGGWGQGGSHSQWNKPSKPKTNMKHVAGAAAAGAVVGGLGGYMLGSVMSRPLIHFGNDYEDRYYRENMYRYPNQVYYRPVDQYSNQNNFVHDCVNITVKQHTVTTTTKGENFTETDIKIMERVVEQMCITQYQRESQAYYQRGAS;0
GQGGSHSQW;GQGGSHSQW;SKKRPKPGGGWNTGGSRYPGQGSPGGNRYPPQGGGGWGQPHGGGWGQPHGGGWGQPHGGGWGQPHGGGGWGQGGSHSQWNKPSKPKTNMKHVAGAAAAGAVVGGLGGYMLGSVMSRPLIHFGNDYEDRYYRENMYRYPNQVYYRPVDQYSNQNNFVHDCVNITVKQHTVTTTTKGENFTETDIKIMERVVEQMCITQYQRESQAYYQRGAS;0
QGGSHSQWN;QGGSHSQWN;SKKRPKPGGGWNTGGSRYPGQGSPGGNRYPPQGGGGWGQPHGGGWGQPHGGGWGQPHGGGWGQPHGGGGWGQGGSHSQWNKPSKPKTNMKHVAGAAAAGAVVGGLGGYMLGSVMSRPLIHFGNDYEDRYYRENMYRYPNQVYYRPVDQYSNQNNFVHDCVNITVKQHTVTTTTKGENFTETDIKIMERVVEQMCITQYQRESQAYYQRGAS;0
GGSHSQWNK;GGSHSQWNK;SKKRPKPGGGWNTGGSRYPGQGSPGGNRYPPQGGGGWGQPHGGGWGQPHGGGWGQPHGGGWGQPHGGGGWGQGGSHSQWNKPSKPKTNMKHVAGAAAAGAVVGGLGGYMLGSVMSRPLIHFGNDYEDRYYRENMYRYPNQVYYRPVDQYSNQNNFVHDCVNITVKQHTVTTTTKGENFTETDIKIMERVVEQMCITQYQRESQAYYQRGAS;0
GSHSQWNKP;GSHSQWNKP;SKKRPKPGGGWNTGGSRYPGQGSPGGNRYPPQGGGGWGQPHGGGWGQPHGGGWGQPHGGGWGQPHGGGGWGQGGSHSQWNKPSKPKTNMKHVAGAAAAGAVVGGLGGYMLGSVMSRPLIHFGNDYEDRYYRENMYRYPNQVYYRPVDQYSNQNNFVHDCVNITVKQHTVTTTTKGENFTETDIKIMERVVEQMCITQYQRESQAYYQRGAS;1
SHSQWNKPS;SHSQWNKPS;SKKRPKPGGGWNTGGSRYPGQGSPGGNRYPPQGGGGWGQPHGGGWGQPHGGGWGQPHGGGWGQPHGGGGWGQGGSHSQWNKPSKPKTNMKHVAGAAAAGAVVGGLGGYMLGSVMSRPLIHFGNDYEDRYYRENMYRYPNQVYYRPVDQYSNQNNFVHDCVNITVKQHTVTTTTKGENFTETDIKIMERVVEQMCITQYQRESQAYYQRGAS;1
HSQWNKPSK;HSQWNKPSK;SKKRPKPGGGWNTGGSRYPGQGSPGGNRYPPQGGGGWGQPHGGGWGQPHGGGWGQPHGGGWGQPHGGGGWGQGGSHSQWNKPSKPKTNMKHVAGAAAAGAVVGGLGGYMLGSVMSRPLIHFGNDYEDRYYRENMYRYPNQVYYRPVDQYSNQNNFVHDCVNITVKQHTVTTTTKGENFTETDIKIMERVVEQMCITQYQRESQAYYQRGAS;0
SQWNKPSKP;SQWNKPSKP;SKKRPKPGGGWNTGGSRYPGQGSPGGNRYPPQGGGGWGQPHGGGWGQPHGGGWGQPHGGGWGQPHGGGGWGQGGSHSQWNKPSKPKTNMKHVAGAAAAGAVVGGLGGYMLGSVMSRPLIHFGNDYEDRYYRENMYRYPNQVYYRPVDQYSNQNNFVHDCVNITVKQHTVTTTTKGENFTETDIKIMERVVEQMCITQYQRESQAYYQRGAS;0
QWNKPSKPK;QWNKPSKPK;SKKRPKPGGGWNTGGSRYPGQGSPGGNRYPPQGGGGWGQPHGGGWGQPHGGGWGQPHGGGWGQPHGGGGWGQGGSHSQWNKPSKPKTNMKHVAGAAAAGAVVGGLGGYMLGSVMSRPLIHFGNDYEDRYYRENMYRYPNQVYYRPVDQYSNQNNFVHDCVNITVKQHTVTTTTKGENFTETDIKIMERVVEQMCITQYQRESQAYYQRGAS;0
WNKPSKPKT;WNKPSKPKT;SKKRPKPGGGWNTGGSRYPGQGSPGGNRYPPQGGGGWGQPHGGGWGQPHGGGWGQPHGGGWGQPHGGGGWGQGGSHSQWNKPSKPKTNMKHVAGAAAAGAVVGGLGGYMLGSVMSRPLIHFGNDYEDRYYRENMYRYPNQVYYRPVDQYSNQNNFVHDCVNITVKQHTVTTTTKGENFTETDIKIMERVVEQMCITQYQRESQAYYQRGAS;0
NKPSKPKTN;NKPSKPKTN;SKKRPKPGGGWNTGGSRYPGQGSPGGNRYPPQGGGGWGQPHGGGWGQPHGGGWGQPHGGGWGQPHGGGGWGQGGSHSQWNKPSKPKTNMKHVAGAAAAGAVVGGLGGYMLGSVMSRPLIHFGNDYEDRYYRENMYRYPNQVYYRPVDQYSNQNNFVHDCVNITVKQHTVTTTTKGENFTETDIKIMERVVEQMCITQYQRESQAYYQRGAS;0
KPSKPKTNM;KPSKPKTNM;SKKRPKPGGGWNTGGSRYPGQGSPGGNRYPPQGGGGWGQPHGGGWGQPHGGGWGQPHGGGWGQPHGGGGWGQGGSHSQWNKPSKPKTNMKHVAGAAAAGAVVGGLGGYMLGSVMSRPLIHFGNDYEDRYYRENMYRYPNQVYYRPVDQYSNQNNFVHDCVNITVKQHTVTTTTKGENFTETDIKIMERVVEQMCITQYQRESQAYYQRGAS;0
PSKPKTNMK;PSKPKTNMK;SKKRPKPGGGWNTGGSRYPGQGSPGGNRYPPQGGGGWGQPHGGGWGQPHGGGWGQPHGGGWGQPHGGGGWGQGGSHSQWNKPSKPKTNMKHVAGAAAAGAVVGGLGGYMLGSVMSRPLIHFGNDYEDRYYRENMYRYPNQVYYRPVDQYSNQNNFVHDCVNITVKQHTVTTTTKGENFTETDIKIMERVVEQMCITQYQRESQAYYQRGAS;1
SKPKTNMKH;SKPKTNMKH;SKKRPKPGGGWNTGGSRYPGQGSPGGNRYPPQGGGGWGQPHGGGWGQPHGGGWGQPHGGGWGQPHGGGGWGQGGSHSQWNKPSKPKTNMKHVAGAAAAGAVVGGLGGYMLGSVMSRPLIHFGNDYEDRYYRENMYRYPNQVYYRPVDQYSNQNNFVHDCVNITVKQHTVTTTTKGENFTETDIKIMERVVEQMCITQYQRESQAYYQRGAS;0
KPKTNMKHV;KPKTNMKHV;SKKRPKPGGGWNTGGSRYPGQGSPGGNRYPPQGGGGWGQPHGGGWGQPHGGGWGQPHGGGWGQPHGGGGWGQGGSHSQWNKPSKPKTNMKHVAGAAAAGAVVGGLGGYMLGSVMSRPLIHFGNDYEDRYYRENMYRYPNQVYYRPVDQYSNQNNFVHDCVNITVKQHTVTTTTKGENFTETDIKIMERVVEQMCITQYQRESQAYYQRGAS;1
PKTNMKHVA;PKTNMKHVA;SKKRPKPGGGWNTGGSRYPGQGSPGGNRYPPQGGGGWGQPHGGGWGQPHGGGWGQPHGGGWGQPHGGGGWGQGGSHSQWNKPSKPKTNMKHVAGAAAAGAVVGGLGGYMLGSVMSRPLIHFGNDYEDRYYRENMYRYPNQVYYRPVDQYSNQNNFVHDCVNITVKQHTVTTTTKGENFTETDIKIMERVVEQMCITQYQRESQAYYQRGAS;1
KTNMKHVAG;KTNMKHVAG;SKKRPKPGGGWNTGGSRYPGQGSPGGNRYPPQGGGGWGQPHGGGWGQPHGGGWGQPHGGGWGQPHGGGGWGQGGSHSQWNKPSKPKTNMKHVAGAAAAGAVVGGLGGYMLGSVMSRPLIHFGNDYEDRYYRENMYRYPNQVYYRPVDQYSNQNNFVHDCVNITVKQHTVTTTTKGENFTETDIKIMERVVEQMCITQYQRESQAYYQRGAS;1
TNMKHVAGA;TNMKHVAGA;SKKRPKPGGGWNTGGSRYPGQGSPGGNRYPPQGGGGWGQPHGGGWGQPHGGGWGQPHGGGWGQPHGGGGWGQGGSHSQWNKPSKPKTNMKHVAGAAAAGAVVGGLGGYMLGSVMSRPLIHFGNDYEDRYYRENMYRYPNQVYYRPVDQYSNQNNFVHDCVNITVKQHTVTTTTKGENFTETDIKIMERVVEQMCITQYQRESQAYYQRGAS;0
NMKHVAGAA;NMKHVAGAA;SKKRPKPGGGWNTGGSRYPGQGSPGGNRYPPQGGGGWGQPHGGGWGQPHGGGWGQPHGGGWGQPHGGGGWGQGGSHSQWNKPSKPKTNMKHVAGAAAAGAVVGGLGGYMLGSVMSRPLIHFGNDYEDRYYRENMYRYPNQVYYRPVDQYSNQNNFVHDCVNITVKQHTVTTTTKGENFTETDIKIMERVVEQMCITQYQRESQAYYQRGAS;1
MKHVAGAAA;MKHVAGAAA;SKKRPKPGGGWNTGGSRYPGQGSPGGNRYPPQGGGGWGQPHGGGWGQPHGGGWGQPHGGGWGQPHGGGGWGQGGSHSQWNKPSKPKTNMKHVAGAAAAGAVVGGLGGYMLGSVMSRPLIHFGNDYEDRYYRENMYRYPNQVYYRPVDQYSNQNNFVHDCVNITVKQHTVTTTTKGENFTETDIKIMERVVEQMCITQYQRESQAYYQRGAS;0
KHVAGAAAA;KHVAGAAAA;SKKRPKPGGGWNTGGSRYPGQGSPGGNRYPPQGGGGWGQPHGGGWGQPHGGGWGQPHGGGWGQPHGGGGWGQGGSHSQWNKPSKPKTNMKHVAGAAAAGAVVGGLGGYMLGSVMSRPLIHFGNDYEDRYYRENMYRYPNQVYYRPVDQYSNQNNFVHDCVNITVKQHTVTTTTKGENFTETDIKIMERVVEQMCITQYQRESQAYYQRGAS;0
HVAGAAAAG;HVAGAAAAG;SKKRPKPGGGWNTGGSRYPGQGSPGGNRYPPQGGGGWGQPHGGGWGQPHGGGWGQPHGGGWGQPHGGGGWGQGGSHSQWNKPSKPKTNMKHVAGAAAAGAVVGGLGGYMLGSVMSRPLIHFGNDYEDRYYRENMYRYPNQVYYRPVDQYSNQNNFVHDCVNITVKQHTVTTTTKGENFTETDIKIMERVVEQMCITQYQRESQAYYQRGAS;1
VAGAAAAGA;VAGAAAAGA;SKKRPKPGGGWNTGGSRYPGQGSPGGNRYPPQGGGGWGQPHGGGWGQPHGGGWGQPHGGGWGQPHGGGGWGQGGSHSQWNKPSKPKTNMKHVAGAAAAGAVVGGLGGYMLGSVMSRPLIHFGNDYEDRYYRENMYRYPNQVYYRPVDQYSNQNNFVHDCVNITVKQHTVTTTTKGENFTETDIKIMERVVEQMCITQYQRESQAYYQRGAS;0
AGAAAAGAV;AGAAAAGAV;SKKRPKPGGGWNTGGSRYPGQGSPGGNRYPPQGGGGWGQPHGGGWGQPHGGGWGQPHGGGWGQPHGGGGWGQGGSHSQWNKPSKPKTNMKHVAGAAAAGAVVGGLGGYMLGSVMSRPLIHFGNDYEDRYYRENMYRYPNQVYYRPVDQYSNQNNFVHDCVNITVKQHTVTTTTKGENFTETDIKIMERVVEQMCITQYQRESQAYYQRGAS;1
GAAAAGAVV;GAAAAGAVV;SKKRPKPGGGWNTGGSRYPGQGSPGGNRYPPQGGGGWGQPHGGGWGQPHGGGWGQPHGGGWGQPHGGGGWGQGGSHSQWNKPSKPKTNMKHVAGAAAAGAVVGGLGGYMLGSVMSRPLIHFGNDYEDRYYRENMYRYPNQVYYRPVDQYSNQNNFVHDCVNITVKQHTVTTTTKGENFTETDIKIMERVVEQMCITQYQRESQAYYQRGAS;0
AAAAGAVVG;AAAAGAVVG;SKKRPKPGGGWNTGGSRYPGQGSPGGNRYPPQGGGGWGQPHGGGWGQPHGGGWGQPHGGGWGQPHGGGGWGQGGSHSQWNKPSKPKTNMKHVAGAAAAGAVVGGLGGYMLGSVMSRPLIHFGNDYEDRYYRENMYRYPNQVYYRPVDQYSNQNNFVHDCVNITVKQHTVTTTTKGENFTETDIKIMERVVEQMCITQYQRESQAYYQRGAS;1
AAAGAVVGG;AAAGAVVGG;SKKRPKPGGGWNTGGSRYPGQGSPGGNRYPPQGGGGWGQPHGGGWGQPHGGGWGQPHGGGWGQPHGGGGWGQGGSHSQWNKPSKPKTNMKHVAGAAAAGAVVGGLGGYMLGSVMSRPLIHFGNDYEDRYYRENMYRYPNQVYYRPVDQYSNQNNFVHDCVNITVKQHTVTTTTKGENFTETDIKIMERVVEQMCITQYQRESQAYYQRGAS;1
AAGAVVGGL;AAGAVVGGL;SKKRPKPGGGWNTGGSRYPGQGSPGGNRYPPQGGGGWGQPHGGGWGQPHGGGWGQPHGGGWGQPHGGGGWGQGGSHSQWNKPSKPKTNMKHVAGAAAAGAVVGGLGGYMLGSVMSRPLIHFGNDYEDRYYRENMYRYPNQVYYRPVDQYSNQNNFVHDCVNITVKQHTVTTTTKGENFTETDIKIMERVVEQMCITQYQRESQAYYQRGAS;0
AGAVVGGLG;AGAVVGGLG;SKKRPKPGGGWNTGGSRYPGQGSPGGNRYPPQGGGGWGQPHGGGWGQPHGGGWGQPHGGGWGQPHGGGGWGQGGSHSQWNKPSKPKTNMKHVAGAAAAGAVVGGLGGYMLGSVMSRPLIHFGNDYEDRYYRENMYRYPNQVYYRPVDQYSNQNNFVHDCVNITVKQHTVTTTTKGENFTETDIKIMERVVEQMCITQYQRESQAYYQRGAS;0
GAVVGGLGG;GAVVGGLGG;SKKRPKPGGGWNTGGSRYPGQGSPGGNRYPPQGGGGWGQPHGGGWGQPHGGGWGQPHGGGWGQPHGGGGWGQGGSHSQWNKPSKPKTNMKHVAGAAAAGAVVGGLGGYMLGSVMSRPLIHFGNDYEDRYYRENMYRYPNQVYYRPVDQYSNQNNFVHDCVNITVKQHTVTTTTKGENFTETDIKIMERVVEQMCITQYQRESQAYYQRGAS;0
AVVGGLGGY;AVVGGLGGY;SKKRPKPGGGWNTGGSRYPGQGSPGGNRYPPQGGGGWGQPHGGGWGQPHGGGWGQPHGGGWGQPHGGGGWGQGGSHSQWNKPSKPKTNMKHVAGAAAAGAVVGGLGGYMLGSVMSRPLIHFGNDYEDRYYRENMYRYPNQVYYRPVDQYSNQNNFVHDCVNITVKQHTVTTTTKGENFTETDIKIMERVVEQMCITQYQRESQAYYQRGAS;0
VVGGLGGYM;VVGGLGGYM;SKKRPKPGGGWNTGGSRYPGQGSPGGNRYPPQGGGGWGQPHGGGWGQPHGGGWGQPHGGGWGQPHGGGGWGQGGSHSQWNKPSKPKTNMKHVAGAAAAGAVVGGLGGYMLGSVMSRPLIHFGNDYEDRYYRENMYRYPNQVYYRPVDQYSNQNNFVHDCVNITVKQHTVTTTTKGENFTETDIKIMERVVEQMCITQYQRESQAYYQRGAS;0
VGGLGGYML;VGGLGGYML;SKKRPKPGGGWNTGGSRYPGQGSPGGNRYPPQGGGGWGQPHGGGWGQPHGGGWGQPHGGGWGQPHGGGGWGQGGSHSQWNKPSKPKTNMKHVAGAAAAGAVVGGLGGYMLGSVMSRPLIHFGNDYEDRYYRENMYRYPNQVYYRPVDQYSNQNNFVHDCVNITVKQHTVTTTTKGENFTETDIKIMERVVEQMCITQYQRESQAYYQRGAS;1
GGLGGYMLG;GGLGGYMLG;SKKRPKPGGGWNTGGSRYPGQGSPGGNRYPPQGGGGWGQPHGGGWGQPHGGGWGQPHGGGWGQPHGGGGWGQGGSHSQWNKPSKPKTNMKHVAGAAAAGAVVGGLGGYMLGSVMSRPLIHFGNDYEDRYYRENMYRYPNQVYYRPVDQYSNQNNFVHDCVNITVKQHTVTTTTKGENFTETDIKIMERVVEQMCITQYQRESQAYYQRGAS;0
GLGGYMLGS;GLGGYMLGS;SKKRPKPGGGWNTGGSRYPGQGSPGGNRYPPQGGGGWGQPHGGGWGQPHGGGWGQPHGGGWGQPHGGGGWGQGGSHSQWNKPSKPKTNMKHVAGAAAAGAVVGGLGGYMLGSVMSRPLIHFGNDYEDRYYRENMYRYPNQVYYRPVDQYSNQNNFVHDCVNITVKQHTVTTTTKGENFTETDIKIMERVVEQMCITQYQRESQAYYQRGAS;1
LGGYMLGSV;LGGYMLGSV;SKKRPKPGGGWNTGGSRYPGQGSPGGNRYPPQGGGGWGQPHGGGWGQPHGGGWGQPHGGGWGQPHGGGGWGQGGSHSQWNKPSKPKTNMKHVAGAAAAGAVVGGLGGYMLGSVMSRPLIHFGNDYEDRYYRENMYRYPNQVYYRPVDQYSNQNNFVHDCVNITVKQHTVTTTTKGENFTETDIKIMERVVEQMCITQYQRESQAYYQRGAS;0
GGYMLGSVM;GGYMLGSVM;SKKRPKPGGGWNTGGSRYPGQGSPGGNRYPPQGGGGWGQPHGGGWGQPHGGGWGQPHGGGWGQPHGGGGWGQGGSHSQWNKPSKPKTNMKHVAGAAAAGAVVGGLGGYMLGSVMSRPLIHFGNDYEDRYYRENMYRYPNQVYYRPVDQYSNQNNFVHDCVNITVKQHTVTTTTKGENFTETDIKIMERVVEQMCITQYQRESQAYYQRGAS;1
GYMLGSVMS;GYMLGSVMS;SKKRPKPGGGWNTGGSRYPGQGSPGGNRYPPQGGGGWGQPHGGGWGQPHGGGWGQPHGGGWGQPHGGGGWGQGGSHSQWNKPSKPKTNMKHVAGAAAAGAVVGGLGGYMLGSVMSRPLIHFGNDYEDRYYRENMYRYPNQVYYRPVDQYSNQNNFVHDCVNITVKQHTVTTTTKGENFTETDIKIMERVVEQMCITQYQRESQAYYQRGAS;1
YMLGSVMSR;YMLGSVMSR;SKKRPKPGGGWNTGGSRYPGQGSPGGNRYPPQGGGGWGQPHGGGWGQPHGGGWGQPHGGGWGQPHGGGGWGQGGSHSQWNKPSKPKTNMKHVAGAAAAGAVVGGLGGYMLGSVMSRPLIHFGNDYEDRYYRENMYRYPNQVYYRPVDQYSNQNNFVHDCVNITVKQHTVTTTTKGENFTETDIKIMERVVEQMCITQYQRESQAYYQRGAS;0
MLGSVMSRP;MLGSVMSRP;SKKRPKPGGGWNTGGSRYPGQGSPGGNRYPPQGGGGWGQPHGGGWGQPHGGGWGQPHGGGWGQPHGGGGWGQGGSHSQWNKPSKPKTNMKHVAGAAAAGAVVGGLGGYMLGSVMSRPLIHFGNDYEDRYYRENMYRYPNQVYYRPVDQYSNQNNFVHDCVNITVKQHTVTTTTKGENFTETDIKIMERVVEQMCITQYQRESQAYYQRGAS;0
LGSVMSRPL;LGSVMSRPL;SKKRPKPGGGWNTGGSRYPGQGSPGGNRYPPQGGGGWGQPHGGGWGQPHGGGWGQPHGGGWGQPHGGGGWGQGGSHSQWNKPSKPKTNMKHVAGAAAAGAVVGGLGGYMLGSVMSRPLIHFGNDYEDRYYRENMYRYPNQVYYRPVDQYSNQNNFVHDCVNITVKQHTVTTTTKGENFTETDIKIMERVVEQMCITQYQRESQAYYQRGAS;1
GSVMSRPLI;GSVMSRPLI;SKKRPKPGGGWNTGGSRYPGQGSPGGNRYPPQGGGGWGQPHGGGWGQPHGGGWGQPHGGGWGQPHGGGGWGQGGSHSQWNKPSKPKTNMKHVAGAAAAGAVVGGLGGYMLGSVMSRPLIHFGNDYEDRYYRENMYRYPNQVYYRPVDQYSNQNNFVHDCVNITVKQHTVTTTTKGENFTETDIKIMERVVEQMCITQYQRESQAYYQRGAS;0
SVMSRPLIH;SVMSRPLIH;SKKRPKPGGGWNTGGSRYPGQGSPGGNRYPPQGGGGWGQPHGGGWGQPHGGGWGQPHGGGWGQPHGGGGWGQGGSHSQWNKPSKPKTNMKHVAGAAAAGAVVGGLGGYMLGSVMSRPLIHFGNDYEDRYYRENMYRYPNQVYYRPVDQYSNQNNFVHDCVNITVKQHTVTTTTKGENFTETDIKIMERVVEQMCITQYQRESQAYYQRGAS;1
VMSRPLIHF;VMSRPLIHF;SKKRPKPGGGWNTGGSRYPGQGSPGGNRYPPQGGGGWGQPHGGGWGQPHGGGWGQPHGGGWGQPHGGGGWGQGGSHSQWNKPSKPKTNMKHVAGAAAAGAVVGGLGGYMLGSVMSRPLIHFGNDYEDRYYRENMYRYPNQVYYRPVDQYSNQNNFVHDCVNITVKQHTVTTTTKGENFTETDIKIMERVVEQMCITQYQRESQAYYQRGAS;0
MSRPLIHFG;MSRPLIHFG;SKKRPKPGGGWNTGGSRYPGQGSPGGNRYPPQGGGGWGQPHGGGWGQPHGGGWGQPHGGGWGQPHGGGGWGQGGSHSQWNKPSKPKTNMKHVAGAAAAGAVVGGLGGYMLGSVMSRPLIHFGNDYEDRYYRENMYRYPNQVYYRPVDQYSNQNNFVHDCVNITVKQHTVTTTTKGENFTETDIKIMERVVEQMCITQYQRESQAYYQRGAS;0
SRPLIHFGN;SRPLIHFGN;SKKRPKPGGGWNTGGSRYPGQGSPGGNRYPPQGGGGWGQPHGGGWGQPHGGGWGQPHGGGWGQPHGGGGWGQGGSHSQWNKPSKPKTNMKHVAGAAAAGAVVGGLGGYMLGSVMSRPLIHFGNDYEDRYYRENMYRYPNQVYYRPVDQYSNQNNFVHDCVNITVKQHTVTTTTKGENFTETDIKIMERVVEQMCITQYQRESQAYYQRGAS;0
RPLIHFGND;RPLIHFGND;SKKRPKPGGGWNTGGSRYPGQGSPGGNRYPPQGGGGWGQPHGGGWGQPHGGGWGQPHGGGWGQPHGGGGWGQGGSHSQWNKPSKPKTNMKHVAGAAAAGAVVGGLGGYMLGSVMSRPLIHFGNDYEDRYYRENMYRYPNQVYYRPVDQYSNQNNFVHDCVNITVKQHTVTTTTKGENFTETDIKIMERVVEQMCITQYQRESQAYYQRGAS;0
PLIHFGNDY;PLIHFGNDY;SKKRPKPGGGWNTGGSRYPGQGSPGGNRYPPQGGGGWGQPHGGGWGQPHGGGWGQPHGGGWGQPHGGGGWGQGGSHSQWNKPSKPKTNMKHVAGAAAAGAVVGGLGGYMLGSVMSRPLIHFGNDYEDRYYRENMYRYPNQVYYRPVDQYSNQNNFVHDCVNITVKQHTVTTTTKGENFTETDIKIMERVVEQMCITQYQRESQAYYQRGAS;1
LIHFGNDYE;LIHFGNDYE;SKKRPKPGGGWNTGGSRYPGQGSPGGNRYPPQGGGGWGQPHGGGWGQPHGGGWGQPHGGGWGQPHGGGGWGQGGSHSQWNKPSKPKTNMKHVAGAAAAGAVVGGLGGYMLGSVMSRPLIHFGNDYEDRYYRENMYRYPNQVYYRPVDQYSNQNNFVHDCVNITVKQHTVTTTTKGENFTETDIKIMERVVEQMCITQYQRESQAYYQRGAS;0
IHFGNDYED;IHFGNDYED;SKKRPKPGGGWNTGGSRYPGQGSPGGNRYPPQGGGGWGQPHGGGWGQPHGGGWGQPHGGGWGQPHGGGGWGQGGSHSQWNKPSKPKTNMKHVAGAAAAGAVVGGLGGYMLGSVMSRPLIHFGNDYEDRYYRENMYRYPNQVYYRPVDQYSNQNNFVHDCVNITVKQHTVTTTTKGENFTETDIKIMERVVEQMCITQYQRESQAYYQRGAS;0
HFGNDYEDR;HFGNDYEDR;SKKRPKPGGGWNTGGSRYPGQGSPGGNRYPPQGGGGWGQPHGGGWGQPHGGGWGQPHGGGWGQPHGGGGWGQGGSHSQWNKPSKPKTNMKHVAGAAAAGAVVGGLGGYMLGSVMSRPLIHFGNDYEDRYYRENMYRYPNQVYYRPVDQYSNQNNFVHDCVNITVKQHTVTTTTKGENFTETDIKIMERVVEQMCITQYQRESQAYYQRGAS;1
FGNDYEDRY;FGNDYEDRY;SKKRPKPGGGWNTGGSRYPGQGSPGGNRYPPQGGGGWGQPHGGGWGQPHGGGWGQPHGGGWGQPHGGGGWGQGGSHSQWNKPSKPKTNMKHVAGAAAAGAVVGGLGGYMLGSVMSRPLIHFGNDYEDRYYRENMYRYPNQVYYRPVDQYSNQNNFVHDCVNITVKQHTVTTTTKGENFTETDIKIMERVVEQMCITQYQRESQAYYQRGAS;1
GNDYEDRYY;GNDYEDRYY;SKKRPKPGGGWNTGGSRYPGQGSPGGNRYPPQGGGGWGQPHGGGWGQPHGGGWGQPHGGGWGQPHGGGGWGQGGSHSQWNKPSKPKTNMKHVAGAAAAGAVVGGLGGYMLGSVMSRPLIHFGNDYEDRYYRENMYRYPNQVYYRPVDQYSNQNNFVHDCVNITVKQHTVTTTTKGENFTETDIKIMERVVEQMCITQYQRESQAYYQRGAS;0
NDYEDRYYR;NDYEDRYYR;SKKRPKPGGGWNTGGSRYPGQGSPGGNRYPPQGGGGWGQPHGGGWGQPHGGGWGQPHGGGWGQPHGGGGWGQGGSHSQWNKPSKPKTNMKHVAGAAAAGAVVGGLGGYMLGSVMSRPLIHFGNDYEDRYYRENMYRYPNQVYYRPVDQYSNQNNFVHDCVNITVKQHTVTTTTKGENFTETDIKIMERVVEQMCITQYQRESQAYYQRGAS;0
DYEDRYYRE;DYEDRYYRE;SKKRPKPGGGWNTGGSRYPGQGSPGGNRYPPQGGGGWGQPHGGGWGQPHGGGWGQPHGGGWGQPHGGGGWGQGGSHSQWNKPSKPKTNMKHVAGAAAAGAVVGGLGGYMLGSVMSRPLIHFGNDYEDRYYRENMYRYPNQVYYRPVDQYSNQNNFVHDCVNITVKQHTVTTTTKGENFTETDIKIMERVVEQMCITQYQRESQAYYQRGAS;0
YEDRYYREN;YEDRYYREN;SKKRPKPGGGWNTGGSRYPGQGSPGGNRYPPQGGGGWGQPHGGGWGQPHGGGWGQPHGGGWGQPHGGGGWGQGGSHSQWNKPSKPKTNMKHVAGAAAAGAVVGGLGGYMLGSVMSRPLIHFGNDYEDRYYRENMYRYPNQVYYRPVDQYSNQNNFVHDCVNITVKQHTVTTTTKGENFTETDIKIMERVVEQMCITQYQRESQAYYQRGAS;0
EDRYYRENM;EDRYYRENM;SKKRPKPGGGWNTGGSRYPGQGSPGGNRYPPQGGGGWGQPHGGGWGQPHGGGWGQPHGGGWGQPHGGGGWGQGGSHSQWNKPSKPKTNMKHVAGAAAAGAVVGGLGGYMLGSVMSRPLIHFGNDYEDRYYRENMYRYPNQVYYRPVDQYSNQNNFVHDCVNITVKQHTVTTTTKGENFTETDIKIMERVVEQMCITQYQRESQAYYQRGAS;1
DRYYRENMY;DRYYRENMY;SKKRPKPGGGWNTGGSRYPGQGSPGGNRYPPQGGGGWGQPHGGGWGQPHGGGWGQPHGGGWGQPHGGGGWGQGGSHSQWNKPSKPKTNMKHVAGAAAAGAVVGGLGGYMLGSVMSRPLIHFGNDYEDRYYRENMYRYPNQVYYRPVDQYSNQNNFVHDCVNITVKQHTVTTTTKGENFTETDIKIMERVVEQMCITQYQRESQAYYQRGAS;0
RYYRENMYR;RYYRENMYR;SKKRPKPGGGWNTGGSRYPGQGSPGGNRYPPQGGGGWGQPHGGGWGQPHGGGWGQPHGGGWGQPHGGGGWGQGGSHSQWNKPSKPKTNMKHVAGAAAAGAVVGGLGGYMLGSVMSRPLIHFGNDYEDRYYRENMYRYPNQVYYRPVDQYSNQNNFVHDCVNITVKQHTVTTTTKGENFTETDIKIMERVVEQMCITQYQRESQAYYQRGAS;0
YYRENMYRY;YYRENMYRY;SKKRPKPGGGWNTGGSRYPGQGSPGGNRYPPQGGGGWGQPHGGGWGQPHGGGWGQPHGGGWGQPHGGGGWGQGGSHSQWNKPSKPKTNMKHVAGAAAAGAVVGGLGGYMLGSVMSRPLIHFGNDYEDRYYRENMYRYPNQVYYRPVDQYSNQNNFVHDCVNITVKQHTVTTTTKGENFTETDIKIMERVVEQMCITQYQRESQAYYQRGAS;1
YRENMYRYP;YRENMYRYP;SKKRPKPGGGWNTGGSRYPGQGSPGGNRYPPQGGGGWGQPHGGGWGQPHGGGWGQPHGGGWGQPHGGGGWGQGGSHSQWNKPSKPKTNMKHVAGAAAAGAVVGGLGGYMLGSVMSRPLIHFGNDYEDRYYRENMYRYPNQVYYRPVDQYSNQNNFVHDCVNITVKQHTVTTTTKGENFTETDIKIMERVVEQMCITQYQRESQAYYQRGAS;1
RENMYRYPN;RENMYRYPN;SKKRPKPGGGWNTGGSRYPGQGSPGGNRYPPQGGGGWGQPHGGGWGQPHGGGWGQPHGGGWGQPHGGGGWGQGGSHSQWNKPSKPKTNMKHVAGAAAAGAVVGGLGGYMLGSVMSRPLIHFGNDYEDRYYRENMYRYPNQVYYRPVDQYSNQNNFVHDCVNITVKQHTVTTTTKGENFTETDIKIMERVVEQMCITQYQRESQAYYQRGAS;1
ENMYRYPNQ;ENMYRYPNQ;SKKRPKPGGGWNTGGSRYPGQGSPGGNRYPPQGGGGWGQPHGGGWGQPHGGGWGQPHGGGWGQPHGGGGWGQGGSHSQWNKPSKPKTNMKHVAGAAAAGAVVGGLGGYMLGSVMSRPLIHFGNDYEDRYYRENMYRYPNQVYYRPVDQYSNQNNFVHDCVNITVKQHTVTTTTKGENFTETDIKIMERVVEQMCITQYQRESQAYYQRGAS;1
NMYRYPNQV;NMYRYPNQV;SKKRPKPGGGWNTGGSRYPGQGSPGGNRYPPQGGGGWGQPHGGGWGQPHGGGWGQPHGGGWGQPHGGGGWGQGGSHSQWNKPSKPKTNMKHVAGAAAAGAVVGGLGGYMLGSVMSRPLIHFGNDYEDRYYRENMYRYPNQVYYRPVDQYSNQNNFVHDCVNITVKQHTVTTTTKGENFTETDIKIMERVVEQMCITQYQRESQAYYQRGAS;1
MYRYPNQVY;MYRYPNQVY;SKKRPKPGGGWNTGGSRYPGQGSPGGNRYPPQGGGGWGQPHGGGWGQPHGGGWGQPHGGGWGQPHGGGGWGQGGSHSQWNKPSKPKTNMKHVAGAAAAGAVVGGLGGYMLGSVMSRPLIHFGNDYEDRYYRENMYRYPNQVYYRPVDQYSNQNNFVHDCVNITVKQHTVTTTTKGENFTETDIKIMERVVEQMCITQYQRESQAYYQRGAS;0
YRYPNQVYY;YRYPNQVYY;SKKRPKPGGGWNTGGSRYPGQGSPGGNRYPPQGGGGWGQPHGGGWGQPHGGGWGQPHGGGWGQPHGGGGWGQGGSHSQWNKPSKPKTNMKHVAGAAAAGAVVGGLGGYMLGSVMSRPLIHFGNDYEDRYYRENMYRYPNQVYYRPVDQYSNQNNFVHDCVNITVKQHTVTTTTKGENFTETDIKIMERVVEQMCITQYQRESQAYYQRGAS;0
RYPNQVYYR;RYPNQVYYR;SKKRPKPGGGWNTGGSRYPGQGSPGGNRYPPQGGGGWGQPHGGGWGQPHGGGWGQPHGGGWGQPHGGGGWGQGGSHSQWNKPSKPKTNMKHVAGAAAAGAVVGGLGGYMLGSVMSRPLIHFGNDYEDRYYRENMYRYPNQVYYRPVDQYSNQNNFVHDCVNITVKQHTVTTTTKGENFTETDIKIMERVVEQMCITQYQRESQAYYQRGAS;0
YPNQVYYRP;YPNQVYYRP;SKKRPKPGGGWNTGGSRYPGQGSPGGNRYPPQGGGGWGQPHGGGWGQPHGGGWGQPHGGGWGQPHGGGGWGQGGSHSQWNKPSKPKTNMKHVAGAAAAGAVVGGLGGYMLGSVMSRPLIHFGNDYEDRYYRENMYRYPNQVYYRPVDQYSNQNNFVHDCVNITVKQHTVTTTTKGENFTETDIKIMERVVEQMCITQYQRESQAYYQRGAS;1
PNQVYYRPV;PNQVYYRPV;SKKRPKPGGGWNTGGSRYPGQGSPGGNRYPPQGGGGWGQPHGGGWGQPHGGGWGQPHGGGWGQPHGGGGWGQGGSHSQWNKPSKPKTNMKHVAGAAAAGAVVGGLGGYMLGSVMSRPLIHFGNDYEDRYYRENMYRYPNQVYYRPVDQYSNQNNFVHDCVNITVKQHTVTTTTKGENFTETDIKIMERVVEQMCITQYQRESQAYYQRGAS;1
NQVYYRPVD;NQVYYRPVD;SKKRPKPGGGWNTGGSRYPGQGSPGGNRYPPQGGGGWGQPHGGGWGQPHGGGWGQPHGGGWGQPHGGGGWGQGGSHSQWNKPSKPKTNMKHVAGAAAAGAVVGGLGGYMLGSVMSRPLIHFGNDYEDRYYRENMYRYPNQVYYRPVDQYSNQNNFVHDCVNITVKQHTVTTTTKGENFTETDIKIMERVVEQMCITQYQRESQAYYQRGAS;1
QVYYRPVDQ;QVYYRPVDQ;SKKRPKPGGGWNTGGSRYPGQGSPGGNRYPPQGGGGWGQPHGGGWGQPHGGGWGQPHGGGWGQPHGGGGWGQGGSHSQWNKPSKPKTNMKHVAGAAAAGAVVGGLGGYMLGSVMSRPLIHFGNDYEDRYYRENMYRYPNQVYYRPVDQYSNQNNFVHDCVNITVKQHTVTTTTKGENFTETDIKIMERVVEQMCITQYQRESQAYYQRGAS;1
VYYRPVDQY;VYYRPVDQY;SKKRPKPGGGWNTGGSRYPGQGSPGGNRYPPQGGGGWGQPHGGGWGQPHGGGWGQPHGGGWGQPHGGGGWGQGGSHSQWNKPSKPKTNMKHVAGAAAAGAVVGGLGGYMLGSVMSRPLIHFGNDYEDRYYRENMYRYPNQVYYRPVDQYSNQNNFVHDCVNITVKQHTVTTTTKGENFTETDIKIMERVVEQMCITQYQRESQAYYQRGAS;0
YYRPVDQYS;YYRPVDQYS;SKKRPKPGGGWNTGGSRYPGQGSPGGNRYPPQGGGGWGQPHGGGWGQPHGGGWGQPHGGGWGQPHGGGGWGQGGSHSQWNKPSKPKTNMKHVAGAAAAGAVVGGLGGYMLGSVMSRPLIHFGNDYEDRYYRENMYRYPNQVYYRPVDQYSNQNNFVHDCVNITVKQHTVTTTTKGENFTETDIKIMERVVEQMCITQYQRESQAYYQRGAS;0
YRPVDQYSN;YRPVDQYSN;SKKRPKPGGGWNTGGSRYPGQGSPGGNRYPPQGGGGWGQPHGGGWGQPHGGGWGQPHGGGWGQPHGGGGWGQGGSHSQWNKPSKPKTNMKHVAGAAAAGAVVGGLGGYMLGSVMSRPLIHFGNDYEDRYYRENMYRYPNQVYYRPVDQYSNQNNFVHDCVNITVKQHTVTTTTKGENFTETDIKIMERVVEQMCITQYQRESQAYYQRGAS;0
RPVDQYSNQ;RPVDQYSNQ;SKKRPKPGGGWNTGGSRYPGQGSPGGNRYPPQGGGGWGQPHGGGWGQPHGGGWGQPHGGGWGQPHGGGGWGQGGSHSQWNKPSKPKTNMKHVAGAAAAGAVVGGLGGYMLGSVMSRPLIHFGNDYEDRYYRENMYRYPNQVYYRPVDQYSNQNNFVHDCVNITVKQHTVTTTTKGENFTETDIKIMERVVEQMCITQYQRESQAYYQRGAS;0
PVDQYSNQN;PVDQYSNQN;SKKRPKPGGGWNTGGSRYPGQGSPGGNRYPPQGGGGWGQPHGGGWGQPHGGGWGQPHGGGWGQPHGGGGWGQGGSHSQWNKPSKPKTNMKHVAGAAAAGAVVGGLGGYMLGSVMSRPLIHFGNDYEDRYYRENMYRYPNQVYYRPVDQYSNQNNFVHDCVNITVKQHTVTTTTKGENFTETDIKIMERVVEQMCITQYQRESQAYYQRGAS;1
VDQYSNQNN;VDQYSNQNN;SKKRPKPGGGWNTGGSRYPGQGSPGGNRYPPQGGGGWGQPHGGGWGQPHGGGWGQPHGGGWGQPHGGGGWGQGGSHSQWNKPSKPKTNMKHVAGAAAAGAVVGGLGGYMLGSVMSRPLIHFGNDYEDRYYRENMYRYPNQVYYRPVDQYSNQNNFVHDCVNITVKQHTVTTTTKGENFTETDIKIMERVVEQMCITQYQRESQAYYQRGAS;0
DQYSNQNNF;DQYSNQNNF;SKKRPKPGGGWNTGGSRYPGQGSPGGNRYPPQGGGGWGQPHGGGWGQPHGGGWGQPHGGGWGQPHGGGGWGQGGSHSQWNKPSKPKTNMKHVAGAAAAGAVVGGLGGYMLGSVMSRPLIHFGNDYEDRYYRENMYRYPNQVYYRPVDQYSNQNNFVHDCVNITVKQHTVTTTTKGENFTETDIKIMERVVEQMCITQYQRESQAYYQRGAS;0
QYSNQNNFV;QYSNQNNFV;SKKRPKPGGGWNTGGSRYPGQGSPGGNRYPPQGGGGWGQPHGGGWGQPHGGGWGQPHGGGWGQPHGGGGWGQGGSHSQWNKPSKPKTNMKHVAGAAAAGAVVGGLGGYMLGSVMSRPLIHFGNDYEDRYYRENMYRYPNQVYYRPVDQYSNQNNFVHDCVNITVKQHTVTTTTKGENFTETDIKIMERVVEQMCITQYQRESQAYYQRGAS;0
YSNQNNFVH;YSNQNNFVH;SKKRPKPGGGWNTGGSRYPGQGSPGGNRYPPQGGGGWGQPHGGGWGQPHGGGWGQPHGGGWGQPHGGGGWGQGGSHSQWNKPSKPKTNMKHVAGAAAAGAVVGGLGGYMLGSVMSRPLIHFGNDYEDRYYRENMYRYPNQVYYRPVDQYSNQNNFVHDCVNITVKQHTVTTTTKGENFTETDIKIMERVVEQMCITQYQRESQAYYQRGAS;0
SNQNNFVHD;SNQNNFVHD;SKKRPKPGGGWNTGGSRYPGQGSPGGNRYPPQGGGGWGQPHGGGWGQPHGGGWGQPHGGGWGQPHGGGGWGQGGSHSQWNKPSKPKTNMKHVAGAAAAGAVVGGLGGYMLGSVMSRPLIHFGNDYEDRYYRENMYRYPNQVYYRPVDQYSNQNNFVHDCVNITVKQHTVTTTTKGENFTETDIKIMERVVEQMCITQYQRESQAYYQRGAS;0
NQNNFVHDC;NQNNFVHDC;SKKRPKPGGGWNTGGSRYPGQGSPGGNRYPPQGGGGWGQPHGGGWGQPHGGGWGQPHGGGWGQPHGGGGWGQGGSHSQWNKPSKPKTNMKHVAGAAAAGAVVGGLGGYMLGSVMSRPLIHFGNDYEDRYYRENMYRYPNQVYYRPVDQYSNQNNFVHDCVNITVKQHTVTTTTKGENFTETDIKIMERVVEQMCITQYQRESQAYYQRGAS;0
QNNFVHDCV;QNNFVHDCV;SKKRPKPGGGWNTGGSRYPGQGSPGGNRYPPQGGGGWGQPHGGGWGQPHGGGWGQPHGGGWGQPHGGGGWGQGGSHSQWNKPSKPKTNMKHVAGAAAAGAVVGGLGGYMLGSVMSRPLIHFGNDYEDRYYRENMYRYPNQVYYRPVDQYSNQNNFVHDCVNITVKQHTVTTTTKGENFTETDIKIMERVVEQMCITQYQRESQAYYQRGAS;1
NNFVHDCVN;NNFVHDCVN;SKKRPKPGGGWNTGGSRYPGQGSPGGNRYPPQGGGGWGQPHGGGWGQPHGGGWGQPHGGGWGQPHGGGGWGQGGSHSQWNKPSKPKTNMKHVAGAAAAGAVVGGLGGYMLGSVMSRPLIHFGNDYEDRYYRENMYRYPNQVYYRPVDQYSNQNNFVHDCVNITVKQHTVTTTTKGENFTETDIKIMERVVEQMCITQYQRESQAYYQRGAS;0
NFVHDCVNI;NFVHDCVNI;SKKRPKPGGGWNTGGSRYPGQGSPGGNRYPPQGGGGWGQPHGGGWGQPHGGGWGQPHGGGWGQPHGGGGWGQGGSHSQWNKPSKPKTNMKHVAGAAAAGAVVGGLGGYMLGSVMSRPLIHFGNDYEDRYYRENMYRYPNQVYYRPVDQYSNQNNFVHDCVNITVKQHTVTTTTKGENFTETDIKIMERVVEQMCITQYQRESQAYYQRGAS;1
FVHDCVNIT;FVHDCVNIT;SKKRPKPGGGWNTGGSRYPGQGSPGGNRYPPQGGGGWGQPHGGGWGQPHGGGWGQPHGGGWGQPHGGGGWGQGGSHSQWNKPSKPKTNMKHVAGAAAAGAVVGGLGGYMLGSVMSRPLIHFGNDYEDRYYRENMYRYPNQVYYRPVDQYSNQNNFVHDCVNITVKQHTVTTTTKGENFTETDIKIMERVVEQMCITQYQRESQAYYQRGAS;0
VHDCVNITV;VHDCVNITV;SKKRPKPGGGWNTGGSRYPGQGSPGGNRYPPQGGGGWGQPHGGGWGQPHGGGWGQPHGGGWGQPHGGGGWGQGGSHSQWNKPSKPKTNMKHVAGAAAAGAVVGGLGGYMLGSVMSRPLIHFGNDYEDRYYRENMYRYPNQVYYRPVDQYSNQNNFVHDCVNITVKQHTVTTTTKGENFTETDIKIMERVVEQMCITQYQRESQAYYQRGAS;0
HDCVNITVK;HDCVNITVK;SKKRPKPGGGWNTGGSRYPGQGSPGGNRYPPQGGGGWGQPHGGGWGQPHGGGWGQPHGGGWGQPHGGGGWGQGGSHSQWNKPSKPKTNMKHVAGAAAAGAVVGGLGGYMLGSVMSRPLIHFGNDYEDRYYRENMYRYPNQVYYRPVDQYSNQNNFVHDCVNITVKQHTVTTTTKGENFTETDIKIMERVVEQMCITQYQRESQAYYQRGAS;0
DCVNITVKQ;DCVNITVKQ;SKKRPKPGGGWNTGGSRYPGQGSPGGNRYPPQGGGGWGQPHGGGWGQPHGGGWGQPHGGGWGQPHGGGGWGQGGSHSQWNKPSKPKTNMKHVAGAAAAGAVVGGLGGYMLGSVMSRPLIHFGNDYEDRYYRENMYRYPNQVYYRPVDQYSNQNNFVHDCVNITVKQHTVTTTTKGENFTETDIKIMERVVEQMCITQYQRESQAYYQRGAS;0
CVNITVKQH;CVNITVKQH;SKKRPKPGGGWNTGGSRYPGQGSPGGNRYPPQGGGGWGQPHGGGWGQPHGGGWGQPHGGGWGQPHGGGGWGQGGSHSQWNKPSKPKTNMKHVAGAAAAGAVVGGLGGYMLGSVMSRPLIHFGNDYEDRYYRENMYRYPNQVYYRPVDQYSNQNNFVHDCVNITVKQHTVTTTTKGENFTETDIKIMERVVEQMCITQYQRESQAYYQRGAS;1
VNITVKQHT;VNITVKQHT;SKKRPKPGGGWNTGGSRYPGQGSPGGNRYPPQGGGGWGQPHGGGWGQPHGGGWGQPHGGGWGQPHGGGGWGQGGSHSQWNKPSKPKTNMKHVAGAAAAGAVVGGLGGYMLGSVMSRPLIHFGNDYEDRYYRENMYRYPNQVYYRPVDQYSNQNNFVHDCVNITVKQHTVTTTTKGENFTETDIKIMERVVEQMCITQYQRESQAYYQRGAS;0
NITVKQHTV;NITVKQHTV;SKKRPKPGGGWNTGGSRYPGQGSPGGNRYPPQGGGGWGQPHGGGWGQPHGGGWGQPHGGGWGQPHGGGGWGQGGSHSQWNKPSKPKTNMKHVAGAAAAGAVVGGLGGYMLGSVMSRPLIHFGNDYEDRYYRENMYRYPNQVYYRPVDQYSNQNNFVHDCVNITVKQHTVTTTTKGENFTETDIKIMERVVEQMCITQYQRESQAYYQRGAS;0
ITVKQHTVT;ITVKQHTVT;SKKRPKPGGGWNTGGSRYPGQGSPGGNRYPPQGGGGWGQPHGGGWGQPHGGGWGQPHGGGWGQPHGGGGWGQGGSHSQWNKPSKPKTNMKHVAGAAAAGAVVGGLGGYMLGSVMSRPLIHFGNDYEDRYYRENMYRYPNQVYYRPVDQYSNQNNFVHDCVNITVKQHTVTTTTKGENFTETDIKIMERVVEQMCITQYQRESQAYYQRGAS;0
TVKQHTVTT;TVKQHTVTT;SKKRPKPGGGWNTGGSRYPGQGSPGGNRYPPQGGGGWGQPHGGGWGQPHGGGWGQPHGGGWGQPHGGGGWGQGGSHSQWNKPSKPKTNMKHVAGAAAAGAVVGGLGGYMLGSVMSRPLIHFGNDYEDRYYRENMYRYPNQVYYRPVDQYSNQNNFVHDCVNITVKQHTVTTTTKGENFTETDIKIMERVVEQMCITQYQRESQAYYQRGAS;1
VKQHTVTTT;VKQHTVTTT;SKKRPKPGGGWNTGGSRYPGQGSPGGNRYPPQGGGGWGQPHGGGWGQPHGGGWGQPHGGGWGQPHGGGGWGQGGSHSQWNKPSKPKTNMKHVAGAAAAGAVVGGLGGYMLGSVMSRPLIHFGNDYEDRYYRENMYRYPNQVYYRPVDQYSNQNNFVHDCVNITVKQHTVTTTTKGENFTETDIKIMERVVEQMCITQYQRESQAYYQRGAS;0
KQHTVTTTT;KQHTVTTTT;SKKRPKPGGGWNTGGSRYPGQGSPGGNRYPPQGGGGWGQPHGGGWGQPHGGGWGQPHGGGWGQPHGGGGWGQGGSHSQWNKPSKPKTNMKHVAGAAAAGAVVGGLGGYMLGSVMSRPLIHFGNDYEDRYYRENMYRYPNQVYYRPVDQYSNQNNFVHDCVNITVKQHTVTTTTKGENFTETDIKIMERVVEQMCITQYQRESQAYYQRGAS;0
QHTVTTTTK;QHTVTTTTK;SKKRPKPGGGWNTGGSRYPGQGSPGGNRYPPQGGGGWGQPHGGGWGQPHGGGWGQPHGGGWGQPHGGGGWGQGGSHSQWNKPSKPKTNMKHVAGAAAAGAVVGGLGGYMLGSVMSRPLIHFGNDYEDRYYRENMYRYPNQVYYRPVDQYSNQNNFVHDCVNITVKQHTVTTTTKGENFTETDIKIMERVVEQMCITQYQRESQAYYQRGAS;0
HTVTTTTKG;HTVTTTTKG;SKKRPKPGGGWNTGGSRYPGQGSPGGNRYPPQGGGGWGQPHGGGWGQPHGGGWGQPHGGGWGQPHGGGGWGQGGSHSQWNKPSKPKTNMKHVAGAAAAGAVVGGLGGYMLGSVMSRPLIHFGNDYEDRYYRENMYRYPNQVYYRPVDQYSNQNNFVHDCVNITVKQHTVTTTTKGENFTETDIKIMERVVEQMCITQYQRESQAYYQRGAS;1
TVTTTTKGE;TVTTTTKGE;SKKRPKPGGGWNTGGSRYPGQGSPGGNRYPPQGGGGWGQPHGGGWGQPHGGGWGQPHGGGWGQPHGGGGWGQGGSHSQWNKPSKPKTNMKHVAGAAAAGAVVGGLGGYMLGSVMSRPLIHFGNDYEDRYYRENMYRYPNQVYYRPVDQYSNQNNFVHDCVNITVKQHTVTTTTKGENFTETDIKIMERVVEQMCITQYQRESQAYYQRGAS;0
VTTTTKGEN;VTTTTKGEN;SKKRPKPGGGWNTGGSRYPGQGSPGGNRYPPQGGGGWGQPHGGGWGQPHGGGWGQPHGGGWGQPHGGGGWGQGGSHSQWNKPSKPKTNMKHVAGAAAAGAVVGGLGGYMLGSVMSRPLIHFGNDYEDRYYRENMYRYPNQVYYRPVDQYSNQNNFVHDCVNITVKQHTVTTTTKGENFTETDIKIMERVVEQMCITQYQRESQAYYQRGAS;0
TTTTKGENF;TTTTKGENF;SKKRPKPGGGWNTGGSRYPGQGSPGGNRYPPQGGGGWGQPHGGGWGQPHGGGWGQPHGGGWGQPHGGGGWGQGGSHSQWNKPSKPKTNMKHVAGAAAAGAVVGGLGGYMLGSVMSRPLIHFGNDYEDRYYRENMYRYPNQVYYRPVDQYSNQNNFVHDCVNITVKQHTVTTTTKGENFTETDIKIMERVVEQMCITQYQRESQAYYQRGAS;0
TTTKGENFT;TTTKGENFT;SKKRPKPGGGWNTGGSRYPGQGSPGGNRYPPQGGGGWGQPHGGGWGQPHGGGWGQPHGGGWGQPHGGGGWGQGGSHSQWNKPSKPKTNMKHVAGAAAAGAVVGGLGGYMLGSVMSRPLIHFGNDYEDRYYRENMYRYPNQVYYRPVDQYSNQNNFVHDCVNITVKQHTVTTTTKGENFTETDIKIMERVVEQMCITQYQRESQAYYQRGAS;0
TTKGENFTE;TTKGENFTE;SKKRPKPGGGWNTGGSRYPGQGSPGGNRYPPQGGGGWGQPHGGGWGQPHGGGWGQPHGGGWGQPHGGGGWGQGGSHSQWNKPSKPKTNMKHVAGAAAAGAVVGGLGGYMLGSVMSRPLIHFGNDYEDRYYRENMYRYPNQVYYRPVDQYSNQNNFVHDCVNITVKQHTVTTTTKGENFTETDIKIMERVVEQMCITQYQRESQAYYQRGAS;0
TKGENFTET;TKGENFTET;SKKRPKPGGGWNTGGSRYPGQGSPGGNRYPPQGGGGWGQPHGGGWGQPHGGGWGQPHGGGWGQPHGGGGWGQGGSHSQWNKPSKPKTNMKHVAGAAAAGAVVGGLGGYMLGSVMSRPLIHFGNDYEDRYYRENMYRYPNQVYYRPVDQYSNQNNFVHDCVNITVKQHTVTTTTKGENFTETDIKIMERVVEQMCITQYQRESQAYYQRGAS;1
KGENFTETD;KGENFTETD;SKKRPKPGGGWNTGGSRYPGQGSPGGNRYPPQGGGGWGQPHGGGWGQPHGGGWGQPHGGGWGQPHGGGGWGQGGSHSQWNKPSKPKTNMKHVAGAAAAGAVVGGLGGYMLGSVMSRPLIHFGNDYEDRYYRENMYRYPNQVYYRPVDQYSNQNNFVHDCVNITVKQHTVTTTTKGENFTETDIKIMERVVEQMCITQYQRESQAYYQRGAS;1
GENFTETDI;GENFTETDI;SKKRPKPGGGWNTGGSRYPGQGSPGGNRYPPQGGGGWGQPHGGGWGQPHGGGWGQPHGGGWGQPHGGGGWGQGGSHSQWNKPSKPKTNMKHVAGAAAAGAVVGGLGGYMLGSVMSRPLIHFGNDYEDRYYRENMYRYPNQVYYRPVDQYSNQNNFVHDCVNITVKQHTVTTTTKGENFTETDIKIMERVVEQMCITQYQRESQAYYQRGAS;0
ENFTETDIK;ENFTETDIK;SKKRPKPGGGWNTGGSRYPGQGSPGGNRYPPQGGGGWGQPHGGGWGQPHGGGWGQPHGGGWGQPHGGGGWGQGGSHSQWNKPSKPKTNMKHVAGAAAAGAVVGGLGGYMLGSVMSRPLIHFGNDYEDRYYRENMYRYPNQVYYRPVDQYSNQNNFVHDCVNITVKQHTVTTTTKGENFTETDIKIMERVVEQMCITQYQRESQAYYQRGAS;1
NFTETDIKI;NFTETDIKI;SKKRPKPGGGWNTGGSRYPGQGSPGGNRYPPQGGGGWGQPHGGGWGQPHGGGWGQPHGGGWGQPHGGGGWGQGGSHSQWNKPSKPKTNMKHVAGAAAAGAVVGGLGGYMLGSVMSRPLIHFGNDYEDRYYRENMYRYPNQVYYRPVDQYSNQNNFVHDCVNITVKQHTVTTTTKGENFTETDIKIMERVVEQMCITQYQRESQAYYQRGAS;0
FTETDIKIM;FTETDIKIM;SKKRPKPGGGWNTGGSRYPGQGSPGGNRYPPQGGGGWGQPHGGGWGQPHGGGWGQPHGGGWGQPHGGGGWGQGGSHSQWNKPSKPKTNMKHVAGAAAAGAVVGGLGGYMLGSVMSRPLIHFGNDYEDRYYRENMYRYPNQVYYRPVDQYSNQNNFVHDCVNITVKQHTVTTTTKGENFTETDIKIMERVVEQMCITQYQRESQAYYQRGAS;0
TETDIKIME;TETDIKIME;SKKRPKPGGGWNTGGSRYPGQGSPGGNRYPPQGGGGWGQPHGGGWGQPHGGGWGQPHGGGWGQPHGGGGWGQGGSHSQWNKPSKPKTNMKHVAGAAAAGAVVGGLGGYMLGSVMSRPLIHFGNDYEDRYYRENMYRYPNQVYYRPVDQYSNQNNFVHDCVNITVKQHTVTTTTKGENFTETDIKIMERVVEQMCITQYQRESQAYYQRGAS;0
ETDIKIMER;ETDIKIMER;SKKRPKPGGGWNTGGSRYPGQGSPGGNRYPPQGGGGWGQPHGGGWGQPHGGGWGQPHGGGWGQPHGGGGWGQGGSHSQWNKPSKPKTNMKHVAGAAAAGAVVGGLGGYMLGSVMSRPLIHFGNDYEDRYYRENMYRYPNQVYYRPVDQYSNQNNFVHDCVNITVKQHTVTTTTKGENFTETDIKIMERVVEQMCITQYQRESQAYYQRGAS;0
TDIKIMERV;TDIKIMERV;SKKRPKPGGGWNTGGSRYPGQGSPGGNRYPPQGGGGWGQPHGGGWGQPHGGGWGQPHGGGWGQPHGGGGWGQGGSHSQWNKPSKPKTNMKHVAGAAAAGAVVGGLGGYMLGSVMSRPLIHFGNDYEDRYYRENMYRYPNQVYYRPVDQYSNQNNFVHDCVNITVKQHTVTTTTKGENFTETDIKIMERVVEQMCITQYQRESQAYYQRGAS;0
DIKIMERVV;DIKIMERVV;SKKRPKPGGGWNTGGSRYPGQGSPGGNRYPPQGGGGWGQPHGGGWGQPHGGGWGQPHGGGWGQPHGGGGWGQGGSHSQWNKPSKPKTNMKHVAGAAAAGAVVGGLGGYMLGSVMSRPLIHFGNDYEDRYYRENMYRYPNQVYYRPVDQYSNQNNFVHDCVNITVKQHTVTTTTKGENFTETDIKIMERVVEQMCITQYQRESQAYYQRGAS;0
IKIMERVVE;IKIMERVVE;SKKRPKPGGGWNTGGSRYPGQGSPGGNRYPPQGGGGWGQPHGGGWGQPHGGGWGQPHGGGWGQPHGGGGWGQGGSHSQWNKPSKPKTNMKHVAGAAAAGAVVGGLGGYMLGSVMSRPLIHFGNDYEDRYYRENMYRYPNQVYYRPVDQYSNQNNFVHDCVNITVKQHTVTTTTKGENFTETDIKIMERVVEQMCITQYQRESQAYYQRGAS;1
KIMERVVEQ;KIMERVVEQ;SKKRPKPGGGWNTGGSRYPGQGSPGGNRYPPQGGGGWGQPHGGGWGQPHGGGWGQPHGGGWGQPHGGGGWGQGGSHSQWNKPSKPKTNMKHVAGAAAAGAVVGGLGGYMLGSVMSRPLIHFGNDYEDRYYRENMYRYPNQVYYRPVDQYSNQNNFVHDCVNITVKQHTVTTTTKGENFTETDIKIMERVVEQMCITQYQRESQAYYQRGAS;0
IMERVVEQM;IMERVVEQM;SKKRPKPGGGWNTGGSRYPGQGSPGGNRYPPQGGGGWGQPHGGGWGQPHGGGWGQPHGGGWGQPHGGGGWGQGGSHSQWNKPSKPKTNMKHVAGAAAAGAVVGGLGGYMLGSVMSRPLIHFGNDYEDRYYRENMYRYPNQVYYRPVDQYSNQNNFVHDCVNITVKQHTVTTTTKGENFTETDIKIMERVVEQMCITQYQRESQAYYQRGAS;0
MERVVEQMC;MERVVEQMC;SKKRPKPGGGWNTGGSRYPGQGSPGGNRYPPQGGGGWGQPHGGGWGQPHGGGWGQPHGGGWGQPHGGGGWGQGGSHSQWNKPSKPKTNMKHVAGAAAAGAVVGGLGGYMLGSVMSRPLIHFGNDYEDRYYRENMYRYPNQVYYRPVDQYSNQNNFVHDCVNITVKQHTVTTTTKGENFTETDIKIMERVVEQMCITQYQRESQAYYQRGAS;0
ERVVEQMCI;ERVVEQMCI;SKKRPKPGGGWNTGGSRYPGQGSPGGNRYPPQGGGGWGQPHGGGWGQPHGGGWGQPHGGGWGQPHGGGGWGQGGSHSQWNKPSKPKTNMKHVAGAAAAGAVVGGLGGYMLGSVMSRPLIHFGNDYEDRYYRENMYRYPNQVYYRPVDQYSNQNNFVHDCVNITVKQHTVTTTTKGENFTETDIKIMERVVEQMCITQYQRESQAYYQRGAS;0
RVVEQMCIT;RVVEQMCIT;SKKRPKPGGGWNTGGSRYPGQGSPGGNRYPPQGGGGWGQPHGGGWGQPHGGGWGQPHGGGWGQPHGGGGWGQGGSHSQWNKPSKPKTNMKHVAGAAAAGAVVGGLGGYMLGSVMSRPLIHFGNDYEDRYYRENMYRYPNQVYYRPVDQYSNQNNFVHDCVNITVKQHTVTTTTKGENFTETDIKIMERVVEQMCITQYQRESQAYYQRGAS;0
VVEQMCITQ;VVEQMCITQ;SKKRPKPGGGWNTGGSRYPGQGSPGGNRYPPQGGGGWGQPHGGGWGQPHGGGWGQPHGGGWGQPHGGGGWGQGGSHSQWNKPSKPKTNMKHVAGAAAAGAVVGGLGGYMLGSVMSRPLIHFGNDYEDRYYRENMYRYPNQVYYRPVDQYSNQNNFVHDCVNITVKQHTVTTTTKGENFTETDIKIMERVVEQMCITQYQRESQAYYQRGAS;0
VEQMCITQY;VEQMCITQY;SKKRPKPGGGWNTGGSRYPGQGSPGGNRYPPQGGGGWGQPHGGGWGQPHGGGWGQPHGGGWGQPHGGGGWGQGGSHSQWNKPSKPKTNMKHVAGAAAAGAVVGGLGGYMLGSVMSRPLIHFGNDYEDRYYRENMYRYPNQVYYRPVDQYSNQNNFVHDCVNITVKQHTVTTTTKGENFTETDIKIMERVVEQMCITQYQRESQAYYQRGAS;0
EQMCITQYQ;EQMCITQYQ;SKKRPKPGGGWNTGGSRYPGQGSPGGNRYPPQGGGGWGQPHGGGWGQPHGGGWGQPHGGGWGQPHGGGGWGQGGSHSQWNKPSKPKTNMKHVAGAAAAGAVVGGLGGYMLGSVMSRPLIHFGNDYEDRYYRENMYRYPNQVYYRPVDQYSNQNNFVHDCVNITVKQHTVTTTTKGENFTETDIKIMERVVEQMCITQYQRESQAYYQRGAS;0
QMCITQYQR;QMCITQYQR;SKKRPKPGGGWNTGGSRYPGQGSPGGNRYPPQGGGGWGQPHGGGWGQPHGGGWGQPHGGGWGQPHGGGGWGQGGSHSQWNKPSKPKTNMKHVAGAAAAGAVVGGLGGYMLGSVMSRPLIHFGNDYEDRYYRENMYRYPNQVYYRPVDQYSNQNNFVHDCVNITVKQHTVTTTTKGENFTETDIKIMERVVEQMCITQYQRESQAYYQRGAS;0
MCITQYQRE;MCITQYQRE;SKKRPKPGGGWNTGGSRYPGQGSPGGNRYPPQGGGGWGQPHGGGWGQPHGGGWGQPHGGGWGQPHGGGGWGQGGSHSQWNKPSKPKTNMKHVAGAAAAGAVVGGLGGYMLGSVMSRPLIHFGNDYEDRYYRENMYRYPNQVYYRPVDQYSNQNNFVHDCVNITVKQHTVTTTTKGENFTETDIKIMERVVEQMCITQYQRESQAYYQRGAS;0
CITQYQRES;CITQYQRES;SKKRPKPGGGWNTGGSRYPGQGSPGGNRYPPQGGGGWGQPHGGGWGQPHGGGWGQPHGGGWGQPHGGGGWGQGGSHSQWNKPSKPKTNMKHVAGAAAAGAVVGGLGGYMLGSVMSRPLIHFGNDYEDRYYRENMYRYPNQVYYRPVDQYSNQNNFVHDCVNITVKQHTVTTTTKGENFTETDIKIMERVVEQMCITQYQRESQAYYQRGAS;0
ITQYQRESQ;ITQYQRESQ;SKKRPKPGGGWNTGGSRYPGQGSPGGNRYPPQGGGGWGQPHGGGWGQPHGGGWGQPHGGGWGQPHGGGGWGQGGSHSQWNKPSKPKTNMKHVAGAAAAGAVVGGLGGYMLGSVMSRPLIHFGNDYEDRYYRENMYRYPNQVYYRPVDQYSNQNNFVHDCVNITVKQHTVTTTTKGENFTETDIKIMERVVEQMCITQYQRESQAYYQRGAS;1
TQYQRESQA;TQYQRESQA;SKKRPKPGGGWNTGGSRYPGQGSPGGNRYPPQGGGGWGQPHGGGWGQPHGGGWGQPHGGGWGQPHGGGGWGQGGSHSQWNKPSKPKTNMKHVAGAAAAGAVVGGLGGYMLGSVMSRPLIHFGNDYEDRYYRENMYRYPNQVYYRPVDQYSNQNNFVHDCVNITVKQHTVTTTTKGENFTETDIKIMERVVEQMCITQYQRESQAYYQRGAS;0
QYQRESQAY;QYQRESQAY;SKKRPKPGGGWNTGGSRYPGQGSPGGNRYPPQGGGGWGQPHGGGWGQPHGGGWGQPHGGGWGQPHGGGGWGQGGSHSQWNKPSKPKTNMKHVAGAAAAGAVVGGLGGYMLGSVMSRPLIHFGNDYEDRYYRENMYRYPNQVYYRPVDQYSNQNNFVHDCVNITVKQHTVTTTTKGENFTETDIKIMERVVEQMCITQYQRESQAYYQRGAS;1
YQRESQAYY;YQRESQAYY;SKKRPKPGGGWNTGGSRYPGQGSPGGNRYPPQGGGGWGQPHGGGWGQPHGGGWGQPHGGGWGQPHGGGGWGQGGSHSQWNKPSKPKTNMKHVAGAAAAGAVVGGLGGYMLGSVMSRPLIHFGNDYEDRYYRENMYRYPNQVYYRPVDQYSNQNNFVHDCVNITVKQHTVTTTTKGENFTETDIKIMERVVEQMCITQYQRESQAYYQRGAS;0
QRESQAYYQ;QRESQAYYQ;SKKRPKPGGGWNTGGSRYPGQGSPGGNRYPPQGGGGWGQPHGGGWGQPHGGGWGQPHGGGWGQPHGGGGWGQGGSHSQWNKPSKPKTNMKHVAGAAAAGAVVGGLGGYMLGSVMSRPLIHFGNDYEDRYYRENMYRYPNQVYYRPVDQYSNQNNFVHDCVNITVKQHTVTTTTKGENFTETDIKIMERVVEQMCITQYQRESQAYYQRGAS;0
RESQAYYQR;RESQAYYQR;SKKRPKPGGGWNTGGSRYPGQGSPGGNRYPPQGGGGWGQPHGGGWGQPHGGGWGQPHGGGWGQPHGGGGWGQGGSHSQWNKPSKPKTNMKHVAGAAAAGAVVGGLGGYMLGSVMSRPLIHFGNDYEDRYYRENMYRYPNQVYYRPVDQYSNQNNFVHDCVNITVKQHTVTTTTKGENFTETDIKIMERVVEQMCITQYQRESQAYYQRGAS;0
ESQAYYQRG;ESQAYYQRG;SKKRPKPGGGWNTGGSRYPGQGSPGGNRYPPQGGGGWGQPHGGGWGQPHGGGWGQPHGGGWGQPHGGGGWGQGGSHSQWNKPSKPKTNMKHVAGAAAAGAVVGGLGGYMLGSVMSRPLIHFGNDYEDRYYRENMYRYPNQVYYRPVDQYSNQNNFVHDCVNITVKQHTVTTTTKGENFTETDIKIMERVVEQMCITQYQRESQAYYQRGAS;0
SQAYYQRGA;SQAYYQRGA;SKKRPKPGGGWNTGGSRYPGQGSPGGNRYPPQGGGGWGQPHGGGWGQPHGGGWGQPHGGGWGQPHGGGGWGQGGSHSQWNKPSKPKTNMKHVAGAAAAGAVVGGLGGYMLGSVMSRPLIHFGNDYEDRYYRENMYRYPNQVYYRPVDQYSNQNNFVHDCVNITVKQHTVTTTTKGENFTETDIKIMERVVEQMCITQYQRESQAYYQRGAS;0
QAYYQRGAS;QAYYQRGAS;SKKRPKPGGGWNTGGSRYPGQGSPGGNRYPPQGGGGWGQPHGGGWGQPHGGGWGQPHGGGWGQPHGGGGWGQGGSHSQWNKPSKPKTNMKHVAGAAAAGAVVGGLGGYMLGSVMSRPLIHFGNDYEDRYYRENMYRYPNQVYYRPVDQYSNQNNFVHDCVNITVKQHTVTTTTKGENFTETDIKIMERVVEQMCITQYQRESQAYYQRGAS;0
GNSISISAL;GNSISISAL;GNSISISALQSLLQHLIGLSNLTHVLY;0
NSISISALQ;NSISISALQ;GNSISISALQSLLQHLIGLSNLTHVLY;1
SISISALQS;SISISALQS;GNSISISALQSLLQHLIGLSNLTHVLY;1
ISISALQSL;ISISALQSL;GNSISISALQSLLQHLIGLSNLTHVLY;0
SISALQSLL;SISALQSLL;GNSISISALQSLLQHLIGLSNLTHVLY;1
ISALQSLLQ;ISALQSLLQ;GNSISISALQSLLQHLIGLSNLTHVLY;1
SALQSLLQH;SALQSLLQH;GNSISISALQSLLQHLIGLSNLTHVLY;0
ALQSLLQHL;ALQSLLQHL;GNSISISALQSLLQHLIGLSNLTHVLY;0
LQSLLQHLI;LQSLLQHLI;GNSISISALQSLLQHLIGLSNLTHVLY;1
QSLLQHLIG;QSLLQHLIG;GNSISISALQSLLQHLIGLSNLTHVLY;0
SLLQHLIGL;SLLQHLIGL;GNSISISALQSLLQHLIGLSNLTHVLY;0
LLQHLIGLS;LLQHLIGLS;GNSISISALQSLLQHLIGLSNLTHVLY;0
LQHLIGLSN;LQHLIGLSN;GNSISISALQSLLQHLIGLSNLTHVLY;1
QHLIGLSNL;QHLIGLSNL;GNSISISALQSLLQHLIGLSNLTHVLY;0
HLIGLSNLT;HLIGLSNLT;GNSISISALQSLLQHLIGLSNLTHVLY;1
LIGLSNLTH;LIGLSNLTH;GNSISISALQSLLQHLIGLSNLTHVLY;0
IGLSNLTHV;IGLSNLTHV;GNSISISALQSLLQHLIGLSNLTHVLY;0
GLSNLTHVL;GLSNLTHVL;GNSISISALQSLLQHLIGLSNLTHVLY;0
LSNLTHVLY;LSNLTHVLY;GNSISISALQSLLQHLIGLSNLTHVLY;0
FVNQHLCGS;FVNQHLCGS;FVNQHLCGSHLVEALYLVCGERGFFYTPKA;1
VNQHLCGSH;VNQHLCGSH;FVNQHLCGSHLVEALYLVCGERGFFYTPKA;1
NQHLCGSHL;NQHLCGSHL;FVNQHLCGSHLVEALYLVCGERGFFYTPKA;1
QHLCGSHLV;QHLCGSHLV;FVNQHLCGSHLVEALYLVCGERGFFYTPKA;0
HLCGSHLVE;HLCGSHLVE;FVNQHLCGSHLVEALYLVCGERGFFYTPKA;1
LCGSHLVEA;LCGSHLVEA;FVNQHLCGSHLVEALYLVCGERGFFYTPKA;0
CGSHLVEAL;CGSHLVEAL;FVNQHLCGSHLVEALYLVCGERGFFYTPKA;1
GSHLVEALY;GSHLVEALY;FVNQHLCGSHLVEALYLVCGERGFFYTPKA;0
SHLVEALYL;SHLVEALYL;FVNQHLCGSHLVEALYLVCGERGFFYTPKA;1
HLVEALYLV;HLVEALYLV;FVNQHLCGSHLVEALYLVCGERGFFYTPKA;1
LVEALYLVC;LVEALYLVC;FVNQHLCGSHLVEALYLVCGERGFFYTPKA;1
VEALYLVCG;VEALYLVCG;FVNQHLCGSHLVEALYLVCGERGFFYTPKA;0
EALYLVCGE;EALYLVCGE;FVNQHLCGSHLVEALYLVCGERGFFYTPKA;1
ALYLVCGER;ALYLVCGER;FVNQHLCGSHLVEALYLVCGERGFFYTPKA;1
LYLVCGERG;LYLVCGERG;FVNQHLCGSHLVEALYLVCGERGFFYTPKA;1
YLVCGERGF;YLVCGERGF;FVNQHLCGSHLVEALYLVCGERGFFYTPKA;1
LVCGERGFF;LVCGERGFF;FVNQHLCGSHLVEALYLVCGERGFFYTPKA;0
VCGERGFFY;VCGERGFFY;FVNQHLCGSHLVEALYLVCGERGFFYTPKA;0
CGERGFFYT;CGERGFFYT;FVNQHLCGSHLVEALYLVCGERGFFYTPKA;0
GERGFFYTP;GERGFFYTP;FVNQHLCGSHLVEALYLVCGERGFFYTPKA;1
ERGFFYTPK;ERGFFYTPK;FVNQHLCGSHLVEALYLVCGERGFFYTPKA;0
RGFFYTPKA;RGFFYTPKA;FVNQHLCGSHLVEALYLVCGERGFFYTPKA;1
SSAFTITDQ;SSAFTITDQ;SSAFTITDQVPFSVSVSQL;1
SAFTITDQV;SAFTITDQV;SSAFTITDQVPFSVSVSQL;1
AFTITDQVP;AFTITDQVP;SSAFTITDQVPFSVSVSQL;1
FTITDQVPF;FTITDQVPF;SSAFTITDQVPFSVSVSQL;1
TITDQVPFS;TITDQVPFS;SSAFTITDQVPFSVSVSQL;0
ITDQVPFSV;ITDQVPFSV;SSAFTITDQVPFSVSVSQL;1
TDQVPFSVS;TDQVPFSVS;SSAFTITDQVPFSVSVSQL;0
DQVPFSVSV;DQVPFSVSV;SSAFTITDQVPFSVSVSQL;0
QVPFSVSVS;QVPFSVSVS;SSAFTITDQVPFSVSVSQL;0
VPFSVSVSQ;VPFSVSVSQ;SSAFTITDQVPFSVSVSQL;1
PFSVSVSQL;PFSVSVSQL;SSAFTITDQVPFSVSVSQL;0
QHLHLETFK;QHLHLETFK;QHLHLETFKAVLDGLDVLLAQEVRPRR;1
HLHLETFKA;HLHLETFKA;QHLHLETFKAVLDGLDVLLAQEVRPRR;0
LHLETFKAV;LHLETFKAV;QHLHLETFKAVLDGLDVLLAQEVRPRR;0
HLETFKAVL;HLETFKAVL;QHLHLETFKAVLDGLDVLLAQEVRPRR;1
LETFKAVLD;LETFKAVLD;QHLHLETFKAVLDGLDVLLAQEVRPRR;0
ETFKAVLDG;ETFKAVLDG;QHLHLETFKAVLDGLDVLLAQEVRPRR;1
TFKAVLDGL;TFKAVLDGL;QHLHLETFKAVLDGLDVLLAQEVRPRR;0
FKAVLDGLD;FKAVLDGLD;QHLHLETFKAVLDGLDVLLAQEVRPRR;1
KAVLDGLDV;KAVLDGLDV;QHLHLETFKAVLDGLDVLLAQEVRPRR;1
AVLDGLDVL;AVLDGLDVL;QHLHLETFKAVLDGLDVLLAQEVRPRR;0
VLDGLDVLL;VLDGLDVLL;QHLHLETFKAVLDGLDVLLAQEVRPRR;0
LDGLDVLLA;LDGLDVLLA;QHLHLETFKAVLDGLDVLLAQEVRPRR;0
DGLDVLLAQ;DGLDVLLAQ;QHLHLETFKAVLDGLDVLLAQEVRPRR;0
GLDVLLAQE;GLDVLLAQE;QHLHLETFKAVLDGLDVLLAQEVRPRR;0
LDVLLAQEV;LDVLLAQEV;QHLHLETFKAVLDGLDVLLAQEVRPRR;1
DVLLAQEVR;DVLLAQEVR;QHLHLETFKAVLDGLDVLLAQEVRPRR;0
VLLAQEVRP;VLLAQEVRP;QHLHLETFKAVLDGLDVLLAQEVRPRR;0
LLAQEVRPR;LLAQEVRPR;QHLHLETFKAVLDGLDVLLAQEVRPRR;0
LAQEVRPRR;LAQEVRPRR;QHLHLETFKAVLDGLDVLLAQEVRPRR;0
SWYKDALKD;SWYKDALKD;SWYKDALKDVEERVQATID;1
WYKDALKDV;WYKDALKDV;SWYKDALKDVEERVQATID;1
YKDALKDVE;YKDALKDVE;SWYKDALKDVEERVQATID;1
KDALKDVEE;KDALKDVEE;SWYKDALKDVEERVQATID;0
DALKDVEER;DALKDVEER;SWYKDALKDVEERVQATID;1
ALKDVEERV;ALKDVEERV;SWYKDALKDVEERVQATID;0
LKDVEERVQ;LKDVEERVQ;SWYKDALKDVEERVQATID;0
KDVEERVQA;KDVEERVQA;SWYKDALKDVEERVQATID;1
DVEERVQAT;DVEERVQAT;SWYKDALKDVEERVQATID;0
VEERVQATI;VEERVQATI;SWYKDALKDVEERVQATID;1
EERVQATID;EERVQATID;SWYKDALKDVEERVQATID;0
KGHGHSYTT;KGHGHSYTT;KGHGHSYTTAEEAAGIGILTVILGVL;0
GHGHSYTTA;GHGHSYTTA;KGHGHSYTTAEEAAGIGILTVILGVL;0
HGHSYTTAE;HGHSYTTAE;KGHGHSYTTAEEAAGIGILTVILGVL;0
GHSYTTAEE;GHSYTTAEE;KGHGHSYTTAEEAAGIGILTVILGVL;0
HSYTTAEEA;HSYTTAEEA;KGHGHSYTTAEEAAGIGILTVILGVL;0
SYTTAEEAA;SYTTAEEAA;KGHGHSYTTAEEAAGIGILTVILGVL;0
YTTAEEAAG;YTTAEEAAG;KGHGHSYTTAEEAAGIGILTVILGVL;1
TTAEEAAGI;TTAEEAAGI;KGHGHSYTTAEEAAGIGILTVILGVL;0
TAEEAAGIG;TAEEAAGIG;KGHGHSYTTAEEAAGIGILTVILGVL;0
AEEAAGIGI;AEEAAGIGI;KGHGHSYTTAEEAAGIGILTVILGVL;0
EEAAGIGIL;EEAAGIGIL;KGHGHSYTTAEEAAGIGILTVILGVL;0
EAAGIGILT;EAAGIGILT;KGHGHSYTTAEEAAGIGILTVILGVL;1
AAGIGILTV;AAGIGILTV;KGHGHSYTTAEEAAGIGILTVILGVL;0
AGIGILTVI;AGIGILTVI;KGHGHSYTTAEEAAGIGILTVILGVL;0
GIGILTVIL;GIGILTVIL;KGHGHSYTTAEEAAGIGILTVILGVL;1
IGILTVILG;IGILTVILG;KGHGHSYTTAEEAAGIGILTVILGVL;0
GILTVILGV;GILTVILGV;KGHGHSYTTAEEAAGIGILTVILGVL;1
ILTVILGVL;ILTVILGVL;KGHGHSYTTAEEAAGIGILTVILGVL;0
NALHIYMDG;NALHIYMDG;NALHIYMDGTMSQVQGSAN;1
ALHIYMDGT;ALHIYMDGT;NALHIYMDGTMSQVQGSAN;1
LHIYMDGTM;LHIYMDGTM;NALHIYMDGTMSQVQGSAN;1
HIYMDGTMS;HIYMDGTMS;NALHIYMDGTMSQVQGSAN;1
IYMDGTMSQ;IYMDGTMSQ;NALHIYMDGTMSQVQGSAN;0
YMDGTMSQV;YMDGTMSQV;NALHIYMDGTMSQVQGSAN;1
MDGTMSQVQ;MDGTMSQVQ;NALHIYMDGTMSQVQGSAN;1
DGTMSQVQG;DGTMSQVQG;NALHIYMDGTMSQVQGSAN;0
GTMSQVQGS;GTMSQVQGS;NALHIYMDGTMSQVQGSAN;0
TMSQVQGSA;TMSQVQGSA;NALHIYMDGTMSQVQGSAN;1
MSQVQGSAN;MSQVQGSAN;NALHIYMDGTMSQVQGSAN;0
FVNQHLCGS;FVNQHLCGS;FVNQHLCGSHLVEALYLVCGERGFFYTPKTRREAEDLQVGQVELGGGPGAGSLQPLALEGSLQKRGIVEQCCTSICSLYQLENYCN;0
VNQHLCGSH;VNQHLCGSH;FVNQHLCGSHLVEALYLVCGERGFFYTPKTRREAEDLQVGQVELGGGPGAGSLQPLALEGSLQKRGIVEQCCTSICSLYQLENYCN;0
NQHLCGSHL;NQHLCGSHL;FVNQHLCGSHLVEALYLVCGERGFFYTPKTRREAEDLQVGQVELGGGPGAGSLQPLALEGSLQKRGIVEQCCTSICSLYQLENYCN;0
QHLCGSHLV;QHLCGSHLV;FVNQHLCGSHLVEALYLVCGERGFFYTPKTRREAEDLQVGQVELGGGPGAGSLQPLALEGSLQKRGIVEQCCTSICSLYQLENYCN;0
HLCGSHLVE;HLCGSHLVE;FVNQHLCGSHLVEALYLVCGERGFFYTPKTRREAEDLQVGQVELGGGPGAGSLQPLALEGSLQKRGIVEQCCTSICSLYQLENYCN;0
LCGSHLVEA;LCGSHLVEA;FVNQHLCGSHLVEALYLVCGERGFFYTPKTRREAEDLQVGQVELGGGPGAGSLQPLALEGSLQKRGIVEQCCTSICSLYQLENYCN;0
CGSHLVEAL;CGSHLVEAL;FVNQHLCGSHLVEALYLVCGERGFFYTPKTRREAEDLQVGQVELGGGPGAGSLQPLALEGSLQKRGIVEQCCTSICSLYQLENYCN;1
GSHLVEALY;GSHLVEALY;FVNQHLCGSHLVEALYLVCGERGFFYTPKTRREAEDLQVGQVELGGGPGAGSLQPLALEGSLQKRGIVEQCCTSICSLYQLENYCN;0
SHLVEALYL;SHLVEALYL;FVNQHLCGSHLVEALYLVCGERGFFYTPKTRREAEDLQVGQVELGGGPGAGSLQPLALEGSLQKRGIVEQCCTSICSLYQLENYCN;1
HLVEALYLV;HLVEALYLV;FVNQHLCGSHLVEALYLVCGERGFFYTPKTRREAEDLQVGQVELGGGPGAGSLQPLALEGSLQKRGIVEQCCTSICSLYQLENYCN;1
LVEALYLVC;LVEALYLVC;FVNQHLCGSHLVEALYLVCGERGFFYTPKTRREAEDLQVGQVELGGGPGAGSLQPLALEGSLQKRGIVEQCCTSICSLYQLENYCN;1
VEALYLVCG;VEALYLVCG;FVNQHLCGSHLVEALYLVCGERGFFYTPKTRREAEDLQVGQVELGGGPGAGSLQPLALEGSLQKRGIVEQCCTSICSLYQLENYCN;1
EALYLVCGE;EALYLVCGE;FVNQHLCGSHLVEALYLVCGERGFFYTPKTRREAEDLQVGQVELGGGPGAGSLQPLALEGSLQKRGIVEQCCTSICSLYQLENYCN;1
ALYLVCGER;ALYLVCGER;FVNQHLCGSHLVEALYLVCGERGFFYTPKTRREAEDLQVGQVELGGGPGAGSLQPLALEGSLQKRGIVEQCCTSICSLYQLENYCN;1
LYLVCGERG;LYLVCGERG;FVNQHLCGSHLVEALYLVCGERGFFYTPKTRREAEDLQVGQVELGGGPGAGSLQPLALEGSLQKRGIVEQCCTSICSLYQLENYCN;1
YLVCGERGF;YLVCGERGF;FVNQHLCGSHLVEALYLVCGERGFFYTPKTRREAEDLQVGQVELGGGPGAGSLQPLALEGSLQKRGIVEQCCTSICSLYQLENYCN;1
LVCGERGFF;LVCGERGFF;FVNQHLCGSHLVEALYLVCGERGFFYTPKTRREAEDLQVGQVELGGGPGAGSLQPLALEGSLQKRGIVEQCCTSICSLYQLENYCN;0
VCGERGFFY;VCGERGFFY;FVNQHLCGSHLVEALYLVCGERGFFYTPKTRREAEDLQVGQVELGGGPGAGSLQPLALEGSLQKRGIVEQCCTSICSLYQLENYCN;1
CGERGFFYT;CGERGFFYT;FVNQHLCGSHLVEALYLVCGERGFFYTPKTRREAEDLQVGQVELGGGPGAGSLQPLALEGSLQKRGIVEQCCTSICSLYQLENYCN;0
GERGFFYTP;GERGFFYTP;FVNQHLCGSHLVEALYLVCGERGFFYTPKTRREAEDLQVGQVELGGGPGAGSLQPLALEGSLQKRGIVEQCCTSICSLYQLENYCN;0
ERGFFYTPK;ERGFFYTPK;FVNQHLCGSHLVEALYLVCGERGFFYTPKTRREAEDLQVGQVELGGGPGAGSLQPLALEGSLQKRGIVEQCCTSICSLYQLENYCN;1
RGFFYTPKT;RGFFYTPKT;FVNQHLCGSHLVEALYLVCGERGFFYTPKTRREAEDLQVGQVELGGGPGAGSLQPLALEGSLQKRGIVEQCCTSICSLYQLENYCN;1
GFFYTPKTR;GFFYTPKTR;FVNQHLCGSHLVEALYLVCGERGFFYTPKTRREAEDLQVGQVELGGGPGAGSLQPLALEGSLQKRGIVEQCCTSICSLYQLENYCN;1
FFYTPKTRR;FFYTPKTRR;FVNQHLCGSHLVEALYLVCGERGFFYTPKTRREAEDLQVGQVELGGGPGAGSLQPLALEGSLQKRGIVEQCCTSICSLYQLENYCN;1
FYTPKTRRE;FYTPKTRRE;FVNQHLCGSHLVEALYLVCGERGFFYTPKTRREAEDLQVGQVELGGGPGAGSLQPLALEGSLQKRGIVEQCCTSICSLYQLENYCN;1
YTPKTRREA;YTPKTRREA;FVNQHLCGSHLVEALYLVCGERGFFYTPKTRREAEDLQVGQVELGGGPGAGSLQPLALEGSLQKRGIVEQCCTSICSLYQLENYCN;1
TPKTRREAE;TPKTRREAE;FVNQHLCGSHLVEALYLVCGERGFFYTPKTRREAEDLQVGQVELGGGPGAGSLQPLALEGSLQKRGIVEQCCTSICSLYQLENYCN;1
PKTRREAED;PKTRREAED;FVNQHLCGSHLVEALYLVCGERGFFYTPKTRREAEDLQVGQVELGGGPGAGSLQPLALEGSLQKRGIVEQCCTSICSLYQLENYCN;0
KTRREAEDL;KTRREAEDL;FVNQHLCGSHLVEALYLVCGERGFFYTPKTRREAEDLQVGQVELGGGPGAGSLQPLALEGSLQKRGIVEQCCTSICSLYQLENYCN;1
TRREAEDLQ;TRREAEDLQ;FVNQHLCGSHLVEALYLVCGERGFFYTPKTRREAEDLQVGQVELGGGPGAGSLQPLALEGSLQKRGIVEQCCTSICSLYQLENYCN;1
RREAEDLQV;RREAEDLQV;FVNQHLCGSHLVEALYLVCGERGFFYTPKTRREAEDLQVGQVELGGGPGAGSLQPLALEGSLQKRGIVEQCCTSICSLYQLENYCN;1
REAEDLQVG;REAEDLQVG;FVNQHLCGSHLVEALYLVCGERGFFYTPKTRREAEDLQVGQVELGGGPGAGSLQPLALEGSLQKRGIVEQCCTSICSLYQLENYCN;0
EAEDLQVGQ;EAEDLQVGQ;FVNQHLCGSHLVEALYLVCGERGFFYTPKTRREAEDLQVGQVELGGGPGAGSLQPLALEGSLQKRGIVEQCCTSICSLYQLENYCN;0
AEDLQVGQV;AEDLQVGQV;FVNQHLCGSHLVEALYLVCGERGFFYTPKTRREAEDLQVGQVELGGGPGAGSLQPLALEGSLQKRGIVEQCCTSICSLYQLENYCN;1
EDLQVGQVE;EDLQVGQVE;FVNQHLCGSHLVEALYLVCGERGFFYTPKTRREAEDLQVGQVELGGGPGAGSLQPLALEGSLQKRGIVEQCCTSICSLYQLENYCN;0
DLQVGQVEL;DLQVGQVEL;FVNQHLCGSHLVEALYLVCGERGFFYTPKTRREAEDLQVGQVELGGGPGAGSLQPLALEGSLQKRGIVEQCCTSICSLYQLENYCN;0
LQVGQVELG;LQVGQVELG;FVNQHLCGSHLVEALYLVCGERGFFYTPKTRREAEDLQVGQVELGGGPGAGSLQPLALEGSLQKRGIVEQCCTSICSLYQLENYCN;0
QVGQVELGG;QVGQVELGG;FVNQHLCGSHLVEALYLVCGERGFFYTPKTRREAEDLQVGQVELGGGPGAGSLQPLALEGSLQKRGIVEQCCTSICSLYQLENYCN;0
VGQVELGGG;VGQVELGGG;FVNQHLCGSHLVEALYLVCGERGFFYTPKTRREAEDLQVGQVELGGGPGAGSLQPLALEGSLQKRGIVEQCCTSICSLYQLENYCN;0
GQVELGGGP;GQVELGGGP;FVNQHLCGSHLVEALYLVCGERGFFYTPKTRREAEDLQVGQVELGGGPGAGSLQPLALEGSLQKRGIVEQCCTSICSLYQLENYCN;1
QVELGGGPG;QVELGGGPG;FVNQHLCGSHLVEALYLVCGERGFFYTPKTRREAEDLQVGQVELGGGPGAGSLQPLALEGSLQKRGIVEQCCTSICSLYQLENYCN;0
VELGGGPGA;VELGGGPGA;FVNQHLCGSHLVEALYLVCGERGFFYTPKTRREAEDLQVGQVELGGGPGAGSLQPLALEGSLQKRGIVEQCCTSICSLYQLENYCN;0
ELGGGPGAG;ELGGGPGAG;FVNQHLCGSHLVEALYLVCGERGFFYTPKTRREAEDLQVGQVELGGGPGAGSLQPLALEGSLQKRGIVEQCCTSICSLYQLENYCN;0
LGGGPGAGS;LGGGPGAGS;FVNQHLCGSHLVEALYLVCGERGFFYTPKTRREAEDLQVGQVELGGGPGAGSLQPLALEGSLQKRGIVEQCCTSICSLYQLENYCN;0
GGGPGAGSL;GGGPGAGSL;FVNQHLCGSHLVEALYLVCGERGFFYTPKTRREAEDLQVGQVELGGGPGAGSLQPLALEGSLQKRGIVEQCCTSICSLYQLENYCN;1
GGPGAGSLQ;GGPGAGSLQ;FVNQHLCGSHLVEALYLVCGERGFFYTPKTRREAEDLQVGQVELGGGPGAGSLQPLALEGSLQKRGIVEQCCTSICSLYQLENYCN;0
GPGAGSLQP;GPGAGSLQP;FVNQHLCGSHLVEALYLVCGERGFFYTPKTRREAEDLQVGQVELGGGPGAGSLQPLALEGSLQKRGIVEQCCTSICSLYQLENYCN;0
PGAGSLQPL;PGAGSLQPL;FVNQHLCGSHLVEALYLVCGERGFFYTPKTRREAEDLQVGQVELGGGPGAGSLQPLALEGSLQKRGIVEQCCTSICSLYQLENYCN;0
GAGSLQPLA;GAGSLQPLA;FVNQHLCGSHLVEALYLVCGERGFFYTPKTRREAEDLQVGQVELGGGPGAGSLQPLALEGSLQKRGIVEQCCTSICSLYQLENYCN;0
AGSLQPLAL;AGSLQPLAL;FVNQHLCGSHLVEALYLVCGERGFFYTPKTRREAEDLQVGQVELGGGPGAGSLQPLALEGSLQKRGIVEQCCTSICSLYQLENYCN;0
GSLQPLALE;GSLQPLALE;FVNQHLCGSHLVEALYLVCGERGFFYTPKTRREAEDLQVGQVELGGGPGAGSLQPLALEGSLQKRGIVEQCCTSICSLYQLENYCN;1
SLQPLALEG;SLQPLALEG;FVNQHLCGSHLVEALYLVCGERGFFYTPKTRREAEDLQVGQVELGGGPGAGSLQPLALEGSLQKRGIVEQCCTSICSLYQLENYCN;1
LQPLALEGS;LQPLALEGS;FVNQHLCGSHLVEALYLVCGERGFFYTPKTRREAEDLQVGQVELGGGPGAGSLQPLALEGSLQKRGIVEQCCTSICSLYQLENYCN;0
QPLALEGSL;QPLALEGSL;FVNQHLCGSHLVEALYLVCGERGFFYTPKTRREAEDLQVGQVELGGGPGAGSLQPLALEGSLQKRGIVEQCCTSICSLYQLENYCN;1
PLALEGSLQ;PLALEGSLQ;FVNQHLCGSHLVEALYLVCGERGFFYTPKTRREAEDLQVGQVELGGGPGAGSLQPLALEGSLQKRGIVEQCCTSICSLYQLENYCN;0
LALEGSLQK;LALEGSLQK;FVNQHLCGSHLVEALYLVCGERGFFYTPKTRREAEDLQVGQVELGGGPGAGSLQPLALEGSLQKRGIVEQCCTSICSLYQLENYCN;1
ALEGSLQKR;ALEGSLQKR;FVNQHLCGSHLVEALYLVCGERGFFYTPKTRREAEDLQVGQVELGGGPGAGSLQPLALEGSLQKRGIVEQCCTSICSLYQLENYCN;0
LEGSLQKRG;LEGSLQKRG;FVNQHLCGSHLVEALYLVCGERGFFYTPKTRREAEDLQVGQVELGGGPGAGSLQPLALEGSLQKRGIVEQCCTSICSLYQLENYCN;0
EGSLQKRGI;EGSLQKRGI;FVNQHLCGSHLVEALYLVCGERGFFYTPKTRREAEDLQVGQVELGGGPGAGSLQPLALEGSLQKRGIVEQCCTSICSLYQLENYCN;0
GSLQKRGIV;GSLQKRGIV;FVNQHLCGSHLVEALYLVCGERGFFYTPKTRREAEDLQVGQVELGGGPGAGSLQPLALEGSLQKRGIVEQCCTSICSLYQLENYCN;1
SLQKRGIVE;SLQKRGIVE;FVNQHLCGSHLVEALYLVCGERGFFYTPKTRREAEDLQVGQVELGGGPGAGSLQPLALEGSLQKRGIVEQCCTSICSLYQLENYCN;1
LQKRGIVEQ;LQKRGIVEQ;FVNQHLCGSHLVEALYLVCGERGFFYTPKTRREAEDLQVGQVELGGGPGAGSLQPLALEGSLQKRGIVEQCCTSICSLYQLENYCN;0
QKRGIVEQC;QKRGIVEQC;FVNQHLCGSHLVEALYLVCGERGFFYTPKTRREAEDLQVGQVELGGGPGAGSLQPLALEGSLQKRGIVEQCCTSICSLYQLENYCN;0
KRGIVEQCC;KRGIVEQCC;FVNQHLCGSHLVEALYLVCGERGFFYTPKTRREAEDLQVGQVELGGGPGAGSLQPLALEGSLQKRGIVEQCCTSICSLYQLENYCN;0
RGIVEQCCT;RGIVEQCCT;FVNQHLCGSHLVEALYLVCGERGFFYTPKTRREAEDLQVGQVELGGGPGAGSLQPLALEGSLQKRGIVEQCCTSICSLYQLENYCN;1
GIVEQCCTS;GIVEQCCTS;FVNQHLCGSHLVEALYLVCGERGFFYTPKTRREAEDLQVGQVELGGGPGAGSLQPLALEGSLQKRGIVEQCCTSICSLYQLENYCN;1
IVEQCCTSI;IVEQCCTSI;FVNQHLCGSHLVEALYLVCGERGFFYTPKTRREAEDLQVGQVELGGGPGAGSLQPLALEGSLQKRGIVEQCCTSICSLYQLENYCN;0
VEQCCTSIC;VEQCCTSIC;FVNQHLCGSHLVEALYLVCGERGFFYTPKTRREAEDLQVGQVELGGGPGAGSLQPLALEGSLQKRGIVEQCCTSICSLYQLENYCN;0
EQCCTSICS;EQCCTSICS;FVNQHLCGSHLVEALYLVCGERGFFYTPKTRREAEDLQVGQVELGGGPGAGSLQPLALEGSLQKRGIVEQCCTSICSLYQLENYCN;1
QCCTSICSL;QCCTSICSL;FVNQHLCGSHLVEALYLVCGERGFFYTPKTRREAEDLQVGQVELGGGPGAGSLQPLALEGSLQKRGIVEQCCTSICSLYQLENYCN;0
CCTSICSLY;CCTSICSLY;FVNQHLCGSHLVEALYLVCGERGFFYTPKTRREAEDLQVGQVELGGGPGAGSLQPLALEGSLQKRGIVEQCCTSICSLYQLENYCN;1
CTSICSLYQ;CTSICSLYQ;FVNQHLCGSHLVEALYLVCGERGFFYTPKTRREAEDLQVGQVELGGGPGAGSLQPLALEGSLQKRGIVEQCCTSICSLYQLENYCN;0
TSICSLYQL;TSICSLYQL;FVNQHLCGSHLVEALYLVCGERGFFYTPKTRREAEDLQVGQVELGGGPGAGSLQPLALEGSLQKRGIVEQCCTSICSLYQLENYCN;0
SICSLYQLE;SICSLYQLE;FVNQHLCGSHLVEALYLVCGERGFFYTPKTRREAEDLQVGQVELGGGPGAGSLQPLALEGSLQKRGIVEQCCTSICSLYQLENYCN;0
ICSLYQLEN;ICSLYQLEN;FVNQHLCGSHLVEALYLVCGERGFFYTPKTRREAEDLQVGQVELGGGPGAGSLQPLALEGSLQKRGIVEQCCTSICSLYQLENYCN;1
CSLYQLENY;CSLYQLENY;FVNQHLCGSHLVEALYLVCGERGFFYTPKTRREAEDLQVGQVELGGGPGAGSLQPLALEGSLQKRGIVEQCCTSICSLYQLENYCN;0
SLYQLENYC;SLYQLENYC;FVNQHLCGSHLVEALYLVCGERGFFYTPKTRREAEDLQVGQVELGGGPGAGSLQPLALEGSLQKRGIVEQCCTSICSLYQLENYCN;0
LYQLENYCN;LYQLENYCN;FVNQHLCGSHLVEALYLVCGERGFFYTPKTRREAEDLQVGQVELGGGPGAGSLQPLALEGSLQKRGIVEQCCTSICSLYQLENYCN;0
SASETSEKR;SASETSEKR;SASETSEKRPFMCAYPGCNKRYFK;0
ASETSEKRP;ASETSEKRP;SASETSEKRPFMCAYPGCNKRYFK;0
SETSEKRPF;SETSEKRPF;SASETSEKRPFMCAYPGCNKRYFK;0
ETSEKRPFM;ETSEKRPFM;SASETSEKRPFMCAYPGCNKRYFK;0
TSEKRPFMC;TSEKRPFMC;SASETSEKRPFMCAYPGCNKRYFK;0
SEKRPFMCA;SEKRPFMCA;SASETSEKRPFMCAYPGCNKRYFK;0
EKRPFMCAY;EKRPFMCAY;SASETSEKRPFMCAYPGCNKRYFK;0
KRPFMCAYP;KRPFMCAYP;SASETSEKRPFMCAYPGCNKRYFK;1
RPFMCAYPG;RPFMCAYPG;SASETSEKRPFMCAYPGCNKRYFK;1
PFMCAYPGC;PFMCAYPGC;SASETSEKRPFMCAYPGCNKRYFK;0
FMCAYPGCN;FMCAYPGCN;SASETSEKRPFMCAYPGCNKRYFK;1
MCAYPGCNK;MCAYPGCNK;SASETSEKRPFMCAYPGCNKRYFK;0
CAYPGCNKR;CAYPGCNKR;SASETSEKRPFMCAYPGCNKRYFK;0
AYPGCNKRY;AYPGCNKRY;SASETSEKRPFMCAYPGCNKRYFK;0
YPGCNKRYF;YPGCNKRYF;SASETSEKRPFMCAYPGCNKRYFK;0
PGCNKRYFK;PGCNKRYFK;SASETSEKRPFMCAYPGCNKRYFK;0
LSRKVAELV;LSRKVAELV;LSRKVAELVHFLLLKYRAR;1
SRKVAELVH;SRKVAELVH;LSRKVAELVHFLLLKYRAR;0
RKVAELVHF;RKVAELVHF;LSRKVAELVHFLLLKYRAR;0
KVAELVHFL;KVAELVHFL;LSRKVAELVHFLLLKYRAR;0
VAELVHFLL;VAELVHFLL;LSRKVAELVHFLLLKYRAR;0
AELVHFLLL;AELVHFLLL;LSRKVAELVHFLLLKYRAR;0
ELVHFLLLK;ELVHFLLLK;LSRKVAELVHFLLLKYRAR;1
LVHFLLLKY;LVHFLLLKY;LSRKVAELVHFLLLKYRAR;1
VHFLLLKYR;VHFLLLKYR;LSRKVAELVHFLLLKYRAR;1
HFLLLKYRA;HFLLLKYRA;LSRKVAELVHFLLLKYRAR;1
FLLLKYRAR;FLLLKYRAR;LSRKVAELVHFLLLKYRAR;0
MVSVSPPEE;MVSVSPPEE;MVSVSPPEEHAMPIGRIAECILGMNPSRDV;1
VSVSPPEEH;VSVSPPEEH;MVSVSPPEEHAMPIGRIAECILGMNPSRDV;0
SVSPPEEHA;SVSPPEEHA;MVSVSPPEEHAMPIGRIAECILGMNPSRDV;0
VSPPEEHAM;VSPPEEHAM;MVSVSPPEEHAMPIGRIAECILGMNPSRDV;0
SPPEEHAMP;SPPEEHAMP;MVSVSPPEEHAMPIGRIAECILGMNPSRDV;0
PPEEHAMPI;PPEEHAMPI;MVSVSPPEEHAMPIGRIAECILGMNPSRDV;0
PEEHAMPIG;PEEHAMPIG;MVSVSPPEEHAMPIGRIAECILGMNPSRDV;0
EEHAMPIGR;EEHAMPIGR;MVSVSPPEEHAMPIGRIAECILGMNPSRDV;1
EHAMPIGRI;EHAMPIGRI;MVSVSPPEEHAMPIGRIAECILGMNPSRDV;0
HAMPIGRIA;HAMPIGRIA;MVSVSPPEEHAMPIGRIAECILGMNPSRDV;0
AMPIGRIAE;AMPIGRIAE;MVSVSPPEEHAMPIGRIAECILGMNPSRDV;0
MPIGRIAEC;MPIGRIAEC;MVSVSPPEEHAMPIGRIAECILGMNPSRDV;1
PIGRIAECI;PIGRIAECI;MVSVSPPEEHAMPIGRIAECILGMNPSRDV;1
IGRIAECIL;IGRIAECIL;MVSVSPPEEHAMPIGRIAECILGMNPSRDV;0
GRIAECILG;GRIAECILG;MVSVSPPEEHAMPIGRIAECILGMNPSRDV;1
RIAECILGM;RIAECILGM;MVSVSPPEEHAMPIGRIAECILGMNPSRDV;1
IAECILGMN;IAECILGMN;MVSVSPPEEHAMPIGRIAECILGMNPSRDV;1
AECILGMNP;AECILGMNP;MVSVSPPEEHAMPIGRIAECILGMNPSRDV;1
ECILGMNPS;ECILGMNPS;MVSVSPPEEHAMPIGRIAECILGMNPSRDV;0
CILGMNPSR;CILGMNPSR;MVSVSPPEEHAMPIGRIAECILGMNPSRDV;1
ILGMNPSRD;ILGMNPSRD;MVSVSPPEEHAMPIGRIAECILGMNPSRDV;0
LGMNPSRDV;LGMNPSRDV;MVSVSPPEEHAMPIGRIAECILGMNPSRDV;0
WTVWSGNRA;WTVWSGNRA;WTVWSGNRASLYSFPEPEAAQPMTKKR;0
TVWSGNRAS;TVWSGNRAS;WTVWSGNRASLYSFPEPEAAQPMTKKR;0
VWSGNRASL;VWSGNRASL;WTVWSGNRASLYSFPEPEAAQPMTKKR;0
WSGNRASLY;WSGNRASLY;WTVWSGNRASLYSFPEPEAAQPMTKKR;0
SGNRASLYS;SGNRASLYS;WTVWSGNRASLYSFPEPEAAQPMTKKR;1
GNRASLYSF;GNRASLYSF;WTVWSGNRASLYSFPEPEAAQPMTKKR;1
NRASLYSFP;NRASLYSFP;WTVWSGNRASLYSFPEPEAAQPMTKKR;1
RASLYSFPE;RASLYSFPE;WTVWSGNRASLYSFPEPEAAQPMTKKR;0
ASLYSFPEP;ASLYSFPEP;WTVWSGNRASLYSFPEPEAAQPMTKKR;0
SLYSFPEPE;SLYSFPEPE;WTVWSGNRASLYSFPEPEAAQPMTKKR;0
LYSFPEPEA;LYSFPEPEA;WTVWSGNRASLYSFPEPEAAQPMTKKR;0
YSFPEPEAA;YSFPEPEAA;WTVWSGNRASLYSFPEPEAAQPMTKKR;0
SFPEPEAAQ;SFPEPEAAQ;WTVWSGNRASLYSFPEPEAAQPMTKKR;0
FPEPEAAQP;FPEPEAAQP;WTVWSGNRASLYSFPEPEAAQPMTKKR;0
PEPEAAQPM;PEPEAAQPM;WTVWSGNRASLYSFPEPEAAQPMTKKR;1
EPEAAQPMT;EPEAAQPMT;WTVWSGNRASLYSFPEPEAAQPMTKKR;0
PEAAQPMTK;PEAAQPMTK;WTVWSGNRASLYSFPEPEAAQPMTKKR;0
EAAQPMTKK;EAAQPMTKK;WTVWSGNRASLYSFPEPEAAQPMTKKR;0
AAQPMTKKR;AAQPMTKKR;WTVWSGNRASLYSFPEPEAAQPMTKKR;0
SQFLSLQCL;SQFLSLQCL;SQFLSLQCLQALYVDSLFFLRGRLDQL;0
QFLSLQCLQ;QFLSLQCLQ;SQFLSLQCLQALYVDSLFFLRGRLDQL;1
FLSLQCLQA;FLSLQCLQA;SQFLSLQCLQALYVDSLFFLRGRLDQL;0
LSLQCLQAL;LSLQCLQAL;SQFLSLQCLQALYVDSLFFLRGRLDQL;1
SLQCLQALY;SLQCLQALY;SQFLSLQCLQALYVDSLFFLRGRLDQL;1
LQCLQALYV;LQCLQALYV;SQFLSLQCLQALYVDSLFFLRGRLDQL;1
QCLQALYVD;QCLQALYVD;SQFLSLQCLQALYVDSLFFLRGRLDQL;1
CLQALYVDS;CLQALYVDS;SQFLSLQCLQALYVDSLFFLRGRLDQL;0
LQALYVDSL;LQALYVDSL;SQFLSLQCLQALYVDSLFFLRGRLDQL;0
QALYVDSLF;QALYVDSLF;SQFLSLQCLQALYVDSLFFLRGRLDQL;1
ALYVDSLFF;ALYVDSLFF;SQFLSLQCLQALYVDSLFFLRGRLDQL;1
LYVDSLFFL;LYVDSLFFL;SQFLSLQCLQALYVDSLFFLRGRLDQL;0
YVDSLFFLR;YVDSLFFLR;SQFLSLQCLQALYVDSLFFLRGRLDQL;1
VDSLFFLRG;VDSLFFLRG;SQFLSLQCLQALYVDSLFFLRGRLDQL;0
DSLFFLRGR;DSLFFLRGR;SQFLSLQCLQALYVDSLFFLRGRLDQL;0
SLFFLRGRL;SLFFLRGRL;SQFLSLQCLQALYVDSLFFLRGRLDQL;1
LFFLRGRLD;LFFLRGRLD;SQFLSLQCLQALYVDSLFFLRGRLDQL;0
FFLRGRLDQ;FFLRGRLDQ;SQFLSLQCLQALYVDSLFFLRGRLDQL;0
FLRGRLDQL;FLRGRLDQL;SQFLSLQCLQALYVDSLFFLRGRLDQL;0
EEASSASST;EEASSASST;EEASSASSTLYLVFSPSSF;1
EASSASSTL;EASSASSTL;EEASSASSTLYLVFSPSSF;0
ASSASSTLY;ASSASSTLY;EEASSASSTLYLVFSPSSF;0
SSASSTLYL;SSASSTLYL;EEASSASSTLYLVFSPSSF;0
SASSTLYLV;SASSTLYLV;EEASSASSTLYLVFSPSSF;0
ASSTLYLVF;ASSTLYLVF;EEASSASSTLYLVFSPSSF;0
SSTLYLVFS;SSTLYLVFS;EEASSASSTLYLVFSPSSF;0
STLYLVFSP;STLYLVFSP;EEASSASSTLYLVFSPSSF;1
TLYLVFSPS;TLYLVFSPS;EEASSASSTLYLVFSPSSF;0
LYLVFSPSS;LYLVFSPSS;EEASSASSTLYLVFSPSSF;1
YLVFSPSSF;YLVFSPSSF;EEASSASSTLYLVFSPSSF;0
LKRAREFME;LKRAREFME;LKRAREFMELLFGLALIEVGPDHF;0
KRAREFMEL;KRAREFMEL;LKRAREFMELLFGLALIEVGPDHF;0
RAREFMELL;RAREFMELL;LKRAREFMELLFGLALIEVGPDHF;0
AREFMELLF;AREFMELLF;LKRAREFMELLFGLALIEVGPDHF;0
REFMELLFG;REFMELLFG;LKRAREFMELLFGLALIEVGPDHF;0
EFMELLFGL;EFMELLFGL;LKRAREFMELLFGLALIEVGPDHF;0
FMELLFGLA;FMELLFGLA;LKRAREFMELLFGLALIEVGPDHF;1
MELLFGLAL;MELLFGLAL;LKRAREFMELLFGLALIEVGPDHF;1
ELLFGLALI;ELLFGLALI;LKRAREFMELLFGLALIEVGPDHF;0
LLFGLALIE;LLFGLALIE;LKRAREFMELLFGLALIEVGPDHF;1
LFGLALIEV;LFGLALIEV;LKRAREFMELLFGLALIEVGPDHF;0
FGLALIEVG;FGLALIEVG;LKRAREFMELLFGLALIEVGPDHF;1
GLALIEVGP;GLALIEVGP;LKRAREFMELLFGLALIEVGPDHF;0
LALIEVGPD;LALIEVGPD;LKRAREFMELLFGLALIEVGPDHF;0
ALIEVGPDH;ALIEVGPDH;LKRAREFMELLFGLALIEVGPDHF;1
LIEVGPDHF;LIEVGPDHF;LKRAREFMELLFGLALIEVGPDHF;0
AYISSVAYG;AYISSVAYG;AYISSVAYGRQVYLKLSTNSHSTKVKA;1
YISSVAYGR;YISSVAYGR;AYISSVAYGRQVYLKLSTNSHSTKVKA;0
ISSVAYGRQ;ISSVAYGRQ;AYISSVAYGRQVYLKLSTNSHSTKVKA;0
SSVAYGRQV;SSVAYGRQV;AYISSVAYGRQVYLKLSTNSHSTKVKA;0
SVAYGRQVY;SVAYGRQVY;AYISSVAYGRQVYLKLSTNSHSTKVKA;0
VAYGRQVYL;VAYGRQVYL;AYISSVAYGRQVYLKLSTNSHSTKVKA;0
AYGRQVYLK;AYGRQVYLK;AYISSVAYGRQVYLKLSTNSHSTKVKA;0
YGRQVYLKL;YGRQVYLKL;AYISSVAYGRQVYLKLSTNSHSTKVKA;1
GRQVYLKLS;GRQVYLKLS;AYISSVAYGRQVYLKLSTNSHSTKVKA;0
RQVYLKLST;RQVYLKLST;AYISSVAYGRQVYLKLSTNSHSTKVKA;1
QVYLKLSTN;QVYLKLSTN;AYISSVAYGRQVYLKLSTNSHSTKVKA;0
VYLKLSTNS;VYLKLSTNS;AYISSVAYGRQVYLKLSTNSHSTKVKA;0
YLKLSTNSH;YLKLSTNSH;AYISSVAYGRQVYLKLSTNSHSTKVKA;0
LKLSTNSHS;LKLSTNSHS;AYISSVAYGRQVYLKLSTNSHSTKVKA;0
KLSTNSHST;KLSTNSHST;AYISSVAYGRQVYLKLSTNSHSTKVKA;0
LSTNSHSTK;LSTNSHSTK;AYISSVAYGRQVYLKLSTNSHSTKVKA;0
STNSHSTKV;STNSHSTKV;AYISSVAYGRQVYLKLSTNSHSTKVKA;0
TNSHSTKVK;TNSHSTKVK;AYISSVAYGRQVYLKLSTNSHSTKVKA;0
NSHSTKVKA;NSHSTKVKA;AYISSVAYGRQVYLKLSTNSHSTKVKA;0
