protIsotype;fragment;substrate;name;Proteasome;start;end
20S immuno;SRQLRTKAWNR;VSRQLRTKAWNRQLYPEWTEAQR;P40967-2|PMEL[35-57];;0.0;11.0
20S immuno;SRQLRTKAW;VSRQLRTKAWNRQLYPEWTEAQR;P40967-2|PMEL[35-57];;0.0;9.0
20S immuno;RTKAWNRQL;VSRQLRTKAWNRQLYPEWTEAQR;P40967-2|PMEL[35-57];;4.0;13.0
20S immuno;VSRQLRTKAWNRQL;VSRQLRTKAWNRQLYPEWTEAQR;P40967-2|PMEL[35-57];;-1.0;13.0
20S immuno;RTKAWNRQLYPEW;VSRQLRTKAWNRQLYPEWTEAQR;P40967-2|PMEL[35-57];;4.0;17.0
20S immuno;YPEWTEA;VSRQLRTKAWNRQLYPEWTEAQR;P40967-2|PMEL[35-57];;13.0;20.0
20S immuno;VSRQLRTKAW;VSRQLRTKAWNRQLYPEWTEAQR;P40967-2|PMEL[35-57];;-1.0;9.0
20S immuno;KAWNRQLY;VSRQLRTKAWNRQLYPEWTEAQR;P40967-2|PMEL[35-57];;6.0;14.0
20S immuno;RTKAWNRQLY;VSRQLRTKAWNRQLYPEWTEAQR;P40967-2|PMEL[35-57];;4.0;14.0
20S immuno;KAWNRQLYPEWTEA;VSRQLRTKAWNRQLYPEWTEAQR;P40967-2|PMEL[35-57];;6.0;20.0
20S immuno;VSRQLRTKAWNR;VSRQLRTKAWNRQLYPEWTEAQR;P40967-2|PMEL[35-57];;-1.0;11.0
20S immuno;QLYPEW;VSRQLRTKAWNRQLYPEWTEAQR;P40967-2|PMEL[35-57];;11.0;17.0
20S immuno;WNRQLYPEWTEA;VSRQLRTKAWNRQLYPEWTEAQR;P40967-2|PMEL[35-57];;8.0;20.0
20S immuno;QLYPEWTEA;VSRQLRTKAWNRQLYPEWTEAQR;P40967-2|PMEL[35-57];;11.0;20.0
20S immuno;YPEWTEAQR;VSRQLRTKAWNRQLYPEWTEAQR;P40967-2|PMEL[35-57];;13.0;22.0
20S immuno;RTKAWNRQLYPEWTEA;VSRQLRTKAWNRQLYPEWTEAQR;P40967-2|PMEL[35-57];;4.0;20.0
20S immuno;AWNRQLYPEWTEA;VSRQLRTKAWNRQLYPEWTEAQR;P40967-2|PMEL[35-57];;7.0;20.0
20S immuno;NRQLYPEW;VSRQLRTKAWNRQLYPEWTEAQR;P40967-2|PMEL[35-57];;9.0;17.0
20S immuno;KAWNR;VSRQLRTKAWNRQLYPEWTEAQR;P40967-2|PMEL[35-57];;6.0;11.0
20S immuno;WNRQLYPEW;VSRQLRTKAWNRQLYPEWTEAQR;P40967-2|PMEL[35-57];;8.0;17.0
20S immuno;KAWNRQLYPEW;VSRQLRTKAWNRQLYPEWTEAQR;P40967-2|PMEL[35-57];;6.0;17.0
20S immuno;SRQLRTKAWNRQLYPEWTEA;VSRQLRTKAWNRQLYPEWTEAQR;P40967-2|PMEL[35-57];;0.0;20.0
20S immuno;LRTKAWNRQLYPEWTEA;VSRQLRTKAWNRQLYPEWTEAQR;P40967-2|PMEL[35-57];;3.0;20.0
20S immuno;AWNRQLYPEW;VSRQLRTKAWNRQLYPEWTEAQR;P40967-2|PMEL[35-57];;7.0;17.0
20S immuno;QLRTKAWNR;VSRQLRTKAWNRQLYPEWTEAQR;P40967-2|PMEL[35-57];;2.0;11.0
20S immuno;VSRQLRTKAWNRQLYPEWTEA;VSRQLRTKAWNRQLYPEWTEAQR;P40967-2|PMEL[35-57];;-1.0;20.0
20S immuno;RTKAWNRQLYPEWTEAQR;VSRQLRTKAWNRQLYPEWTEAQR;P40967-2|PMEL[35-57];;4.0;22.0
20S immuno;RTKAWNR;VSRQLRTKAWNRQLYPEWTEAQR;P40967-2|PMEL[35-57];;4.0;11.0
20S immuno;QLRTKAWNRQL;VSRQLRTKAWNRQLYPEWTEAQR;P40967-2|PMEL[35-57];;2.0;13.0
20S immuno;RTKAWNRQLYPEWT;VSRQLRTKAWNRQLYPEWTEAQR;P40967-2|PMEL[35-57];;4.0;18.0
20S immuno;VSRQLRTKAWNRQLY;VSRQLRTKAWNRQLYPEWTEAQR;P40967-2|PMEL[35-57];;-1.0;14.0
20S immuno;VSRQLRTKAWNRQ;VSRQLRTKAWNRQLYPEWTEAQR;P40967-2|PMEL[35-57];;-1.0;12.0
20S immuno;TKAWNRQLYPEW;VSRQLRTKAWNRQLYPEWTEAQR;P40967-2|PMEL[35-57];;5.0;17.0
20S immuno;QLRTKAWNRQ;VSRQLRTKAWNRQLYPEWTEAQR;P40967-2|PMEL[35-57];;2.0;12.0
20S immuno;AWNRQLY;VSRQLRTKAWNRQLYPEWTEAQR;P40967-2|PMEL[35-57];;7.0;14.0
20S immuno;TKAWNRQLYPEWTEA;VSRQLRTKAWNRQLYPEWTEAQR;P40967-2|PMEL[35-57];;5.0;20.0
20S immuno;RTKAWNRQLYPE;VSRQLRTKAWNRQLYPEWTEAQR;P40967-2|PMEL[35-57];;4.0;16.0
20S immuno;LRTKAWNR;VSRQLRTKAWNRQLYPEWTEAQR;P40967-2|PMEL[35-57];;3.0;11.0
20S immuno;QLRTKAWNRQLYPEW;VSRQLRTKAWNRQLYPEWTEAQR;P40967-2|PMEL[35-57];;2.0;17.0
20S immuno;RQLRTKAWNR;VSRQLRTKAWNRQLYPEWTEAQR;P40967-2|PMEL[35-57];;1.0;11.0
20S immuno;QLRTKAW;VSRQLRTKAWNRQLYPEWTEAQR;P40967-2|PMEL[35-57];;2.0;9.0
20S immuno;VSRQLRTKAWNRQLYPEW;VSRQLRTKAWNRQLYPEWTEAQR;P40967-2|PMEL[35-57];;-1.0;17.0
20S immuno;QLRTKAWNRQLYPEWTEA;VSRQLRTKAWNRQLYPEWTEAQR;P40967-2|PMEL[35-57];;2.0;20.0
20S immuno;TTNAFPGEY;LISYTTNAFPGEYIPTVFDNYSANV;P63000-2|RAC1[20-44];;3.0;12.0
20S immuno;PTVFDNY;LISYTTNAFPGEYIPTVFDNYSANV;P63000-2|RAC1[20-44];;13.0;20.0
20S immuno;PTVFDNYSA;LISYTTNAFPGEYIPTVFDNYSANV;P63000-2|RAC1[20-44];;13.0;22.0
20S immuno;TTNAFPGE;LISYTTNAFPGEYIPTVFDNYSANV;P63000-2|RAC1[20-44];;3.0;11.0
20S immuno;VSQLRAL;AHSSSAFTIMDQVPFSVSVSQLRALDGGNK;P40967-2|PMEL[201-230] T210M;;17.0;24.0
20S immuno;SVSQLRALDG;AHSSSAFTIMDQVPFSVSVSQLRALDGGNK;P40967-2|PMEL[201-230] T210M;;16.0;26.0
20S immuno;SVSVSQL;AHSSSAFTIMDQVPFSVSVSQLRALDGGNK;P40967-2|PMEL[201-230] T210M;;14.0;21.0
20S immuno;QLRALD;AHSSSAFTIMDQVPFSVSVSQLRALDGGNK;P40967-2|PMEL[201-230] T210M;;19.0;25.0
20S immuno;VSQLRALDGG;AHSSSAFTIMDQVPFSVSVSQLRALDGGNK;P40967-2|PMEL[201-230] T210M;;17.0;27.0
20S immuno;SQLRALDGG;AHSSSAFTIMDQVPFSVSVSQLRALDGGNK;P40967-2|PMEL[201-230] T210M;;18.0;27.0
20S immuno;VSQLRALD;AHSSSAFTIMDQVPFSVSVSQLRALDGGNK;P40967-2|PMEL[201-230] T210M;;17.0;25.0
20S immuno;SVSQLRALDGG;AHSSSAFTIMDQVPFSVSVSQLRALDGGNK;P40967-2|PMEL[201-230] T210M;;16.0;27.0
20S immuno;SQLRAL;AHSSSAFTIMDQVPFSVSVSQLRALDGGNK;P40967-2|PMEL[201-230] T210M;;18.0;24.0
20S immuno;SQLRALDG;AHSSSAFTIMDQVPFSVSVSQLRALDGGNK;P40967-2|PMEL[201-230] T210M;;18.0;26.0
20S immuno;SVSQLRAL;AHSSSAFTIMDQVPFSVSVSQLRALDGGNK;P40967-2|PMEL[201-230] T210M;;16.0;24.0
20S immuno;SVSVSQLRALDG;AHSSSAFTIMDQVPFSVSVSQLRALDGGNK;P40967-2|PMEL[201-230] T210M;;14.0;26.0
20S immuno;SVSVSQLRAL;AHSSSAFTIMDQVPFSVSVSQLRALDGGNK;P40967-2|PMEL[201-230] T210M;;14.0;24.0
20S immuno;PFSVSVS;AHSSSAFTIMDQVPFSVSVSQLRALDGGNK;P40967-2|PMEL[201-230] T210M;;12.0;19.0
20S immuno;FSVSVSQLRA;AHSSSAFTIMDQVPFSVSVSQLRALDGGNK;P40967-2|PMEL[201-230] T210M;;13.0;23.0
20S immuno;SVSVSQLRALDGGN;AHSSSAFTIMDQVPFSVSVSQLRALDGGNK;P40967-2|PMEL[201-230] T210M;;14.0;28.0
20S immuno;SQLRALDGGN;AHSSSAFTIMDQVPFSVSVSQLRALDGGNK;P40967-2|PMEL[201-230] T210M;;18.0;28.0
20S immuno;SVSVSQLRALD;AHSSSAFTIMDQVPFSVSVSQLRALDGGNK;P40967-2|PMEL[201-230] T210M;;14.0;25.0
20S immuno;PFSVSVSQLRA;AHSSSAFTIMDQVPFSVSVSQLRALDGGNK;P40967-2|PMEL[201-230] T210M;;12.0;23.0
20S immuno;PFSVSVSQLRAL;AHSSSAFTIMDQVPFSVSVSQLRALDGGNK;P40967-2|PMEL[201-230] T210M;;12.0;24.0
20S immuno;QVPFSVSVSQLRALD;AHSSSAFTIMDQVPFSVSVSQLRALDGGNK;P40967-2|PMEL[201-230] T210M;;10.0;25.0
20S immuno;PFSVSVSQLRALD;AHSSSAFTIMDQVPFSVSVSQLRALDGGNK;P40967-2|PMEL[201-230] T210M;;12.0;25.0
20S immuno;MDQVPFSV;AHSSSAFTIMDQVPFSVSVSQLRALDGGNK;P40967-2|PMEL[201-230] T210M;;8.0;16.0
20S immuno;VSVSQLRAL;AHSSSAFTIMDQVPFSVSVSQLRALDGGNK;P40967-2|PMEL[201-230] T210M;;15.0;24.0
20S immuno;PFSVSVSQL;AHSSSAFTIMDQVPFSVSVSQLRALDGGNK;P40967-2|PMEL[201-230] T210M;;12.0;21.0
20S immuno;MDQVPFSVSVSQL;AHSSSAFTIMDQVPFSVSVSQLRALDGGNK;P40967-2|PMEL[201-230] T210M;;8.0;21.0
20S immuno;SQLRALD;AHSSSAFTIMDQVPFSVSVSQLRALDGGNK;P40967-2|PMEL[201-230] T210M;;18.0;25.0
20S immuno;DQVPFSVSV;AHSSSAFTIMDQVPFSVSVSQLRALDGGNK;P40967-2|PMEL[201-230] T210M;;9.0;18.0
20S immuno;SVSQLRALD;AHSSSAFTIMDQVPFSVSVSQLRALDGGNK;P40967-2|PMEL[201-230] T210M;;16.0;25.0
20S immuno;MDQVPFSVSVSQLRALDGGNK;AHSSSAFTIMDQVPFSVSVSQLRALDGGNK;P40967-2|PMEL[201-230] T210M;;8.0;29.0
20S immuno;VSQLRALDG;AHSSSAFTIMDQVPFSVSVSQLRALDGGNK;P40967-2|PMEL[201-230] T210M;;17.0;26.0
20S immuno;VPFSV;AHSSSAFTIMDQVPFSVSVSQLRALDGGNK;P40967-2|PMEL[201-230] T210M;;11.0;16.0
20S immuno;VSVSQLRALDGG;AHSSSAFTIMDQVPFSVSVSQLRALDGGNK;P40967-2|PMEL[201-230] T210M;;15.0;27.0
20S immuno;PFSVSVSQLR;AHSSSAFTIMDQVPFSVSVSQLRALDGGNK;P40967-2|PMEL[201-230] T210M;;12.0;22.0
20S immuno;SVSVSQLRALDGG;AHSSSAFTIMDQVPFSVSVSQLRALDGGNK;P40967-2|PMEL[201-230] T210M;;14.0;27.0
20S immuno;MDQVPFSVSVSQLRAL;AHSSSAFTIMDQVPFSVSVSQLRALDGGNK;P40967-2|PMEL[201-230] T210M;;8.0;24.0
20S immuno;DQVPFSVSVSQLRAL;AHSSSAFTIMDQVPFSVSVSQLRALDGGNK;P40967-2|PMEL[201-230] T210M;;9.0;24.0
20S immuno;DQVPFSVSVSQLRALDGGNK;AHSSSAFTIMDQVPFSVSVSQLRALDGGNK;P40967-2|PMEL[201-230] T210M;;9.0;29.0
20S immuno;RTKAW;RTKAWNRQLYPEW;P40967-2|PMEL[40-52];;-1.0;4.0
20S immuno;WNRQLY;RTKAWNRQLYPEW;P40967-2|PMEL[40-52];;3.0;9.0
20S immuno;AWNRQLY;RTKAWNRQLYPEW;P40967-2|PMEL[40-52];;2.0;9.0
20S immuno;KAWNRQLY;RTKAWNRQLYPEW;P40967-2|PMEL[40-52];;1.0;9.0
20S immuno;WNRQLYPE;RTKAWNRQLYPEW;P40967-2|PMEL[40-52];;3.0;11.0
20S immuno;RTKAWNR;RTKAWNRQLYPEW;P40967-2|PMEL[40-52];;-1.0;6.0
20S immuno;AWNRQL;RTKAWNRQLYPEW;P40967-2|PMEL[40-52];;2.0;8.0
;FVNQHLCGSHL;FVNQHLCGSHLVEALYLVCGERGFFYTPKT;INSULIN-B-CHAIN_I;I;-1.0;10.0
;VEALYLVCGERGFFYTPKT;FVNQHLCGSHLVEALYLVCGERGFFYTPKT;INSULIN-B-CHAIN_I;I;10.0;29.0
;FVNQHLCGSHLVE;FVNQHLCGSHLVEALYLVCGERGFFYTPKT;INSULIN-B-CHAIN_I;I;-1.0;12.0
;ALYLVCGERGFFYTPKT;FVNQHLCGSHLVEALYLVCGERGFFYTPKT;INSULIN-B-CHAIN_I;I;12.0;29.0
;FVNQHLCGSHLVEAL;FVNQHLCGSHLVEALYLVCGERGFFYTPKT;INSULIN-B-CHAIN_I;I;-1.0;14.0
;YLVCGERGFFYTPKT;FVNQHLCGSHLVEALYLVCGERGFFYTPKT;INSULIN-B-CHAIN_I;I;14.0;29.0
;LCGSHLVEALY;FVNQHLCGSHLVEALYLVCGERGFFYTPKT;INSULIN-B-CHAIN_I;I;4.0;15.0
;SHLVEALYL;FVNQHLCGSHLVEALYLVCGERGFFYTPKT;INSULIN-B-CHAIN_I;I;7.0;16.0
;GSHLVEALYL;FVNQHLCGSHLVEALYLVCGERGFFYTPKT;INSULIN-B-CHAIN_I;I;6.0;16.0
;CGSHLVEALYL;FVNQHLCGSHLVEALYLVCGERGFFYTPKT;INSULIN-B-CHAIN_I;I;5.0;16.0
;LCGSHLVEALYL;FVNQHLCGSHLVEALYLVCGERGFFYTPKT;INSULIN-B-CHAIN_I;I;4.0;16.0
;HLCGSHLVEALYL;FVNQHLCGSHLVEALYLVCGERGFFYTPKT;INSULIN-B-CHAIN_I;I;3.0;16.0
;FVNQHLCGSHLVEALYL;FVNQHLCGSHLVEALYLVCGERGFFYTPKT;INSULIN-B-CHAIN_I;I;-1.0;16.0
;VCGERGFFYTPKT;FVNQHLCGSHLVEALYLVCGERGFFYTPKT;INSULIN-B-CHAIN_I;I;16.0;29.0
;SHLVEALYLV;FVNQHLCGSHLVEALYLVCGERGFFYTPKT;INSULIN-B-CHAIN_I;I;7.0;17.0
;GSHLVEALYLV;FVNQHLCGSHLVEALYLVCGERGFFYTPKT;INSULIN-B-CHAIN_I;I;6.0;17.0
;HLCGSHLVEALYLV;FVNQHLCGSHLVEALYLVCGERGFFYTPKT;INSULIN-B-CHAIN_I;I;3.0;17.0
;FVNQHLCGSHLVEALYLV;FVNQHLCGSHLVEALYLVCGERGFFYTPKT;INSULIN-B-CHAIN_I;I;-1.0;17.0
;CGERGFFYTPKT;FVNQHLCGSHLVEALYLVCGERGFFYTPKT;INSULIN-B-CHAIN_I;I;17.0;29.0
;LCGSHLVEALYLVC;FVNQHLCGSHLVEALYLVCGERGFFYTPKT;INSULIN-B-CHAIN_I;I;4.0;18.0
;FVNQHLCGSHLVEALYLVC;FVNQHLCGSHLVEALYLVCGERGFFYTPKT;INSULIN-B-CHAIN_I;I;-1.0;18.0
;GERGFFYTPKT;FVNQHLCGSHLVEALYLVCGERGFFYTPKT;INSULIN-B-CHAIN_I;I;18.0;29.0
;HLVEALYLVCG;FVNQHLCGSHLVEALYLVCGERGFFYTPKT;INSULIN-B-CHAIN_I;I;8.0;19.0
;LVEALYLVCGE;FVNQHLCGSHLVEALYLVCGERGFFYTPKT;INSULIN-B-CHAIN_I;I;9.0;20.0
;VEALYLVCGERGFFY;FVNQHLCGSHLVEALYLVCGERGFFYTPKT;INSULIN-B-CHAIN_I;I;10.0;25.0
;LCGSHLVEALYLVCGERGFFYTPK;FVNQHLCGSHLVEALYLVCGERGFFYTPKT;INSULIN-B-CHAIN_I;I;4.0;28.0
;ERGFFYTPKT;FVNQHLCGSHLVEALYLVCGERGFFYTPKT;INSULIN-B-CHAIN_I;I;19.0;29.0
;LYLVCGERGFFYTPKT;FVNQHLCGSHLVEALYLVCGERGFFYTPKT;INSULIN-B-CHAIN_I;I;13.0;29.0
;EALYLVCGERGFFYTPKT;FVNQHLCGSHLVEALYLVCGERGFFYTPKT;INSULIN-B-CHAIN_I;I;11.0;29.0
;CGSHLVEALYLVCGERGFFYTPKT;FVNQHLCGSHLVEALYLVCGERGFFYTPKT;INSULIN-B-CHAIN_I;I;5.0;29.0
;TGSTAVPYGSF;TGSTAVPYGSFKHVDTRLQ;RU1;I;-1.0;10.0
;TGSTAVPYGSFKHVDTRL;TGSTAVPYGSFKHVDTRLQ;RU1;I;-1.0;17.0
;TGSTAVPYGSFKH;TGSTAVPYGSFKHVDTRLQ;RU1;I;-1.0;12.0
;KHVDTRLQ;TGSTAVPYGSFKHVDTRLQ;RU1;I;10.0;18.0
;TETDIKIMERVVEQMCITQYQRESQAYYQRGAS;SKKRPKPGGGWNTGGSRYPGQGSPGGNRYPPQGGGGWGQPHGGGWGQPHGGGWGQPHGGGWGQPHGGGGWGQGGSHSQWNKPSKPKTNMKHVAGAAAAGAVVGGLGGYMLGSVMSRPLIHFGNDYEDRYYRENMYRYPNQVYYRPVDQYSNQNNFVHDCVNITVKQHTVTTTTKGENFTETDIKIMERVVEQMCITQYQRESQAYYQRGAS;PRP;I;177.0;210.0
;TTKGEN;SKKRPKPGGGWNTGGSRYPGQGSPGGNRYPPQGGGGWGQPHGGGWGQPHGGGWGQPHGGGWGQPHGGGGWGQGGSHSQWNKPSKPKTNMKHVAGAAAAGAVVGGLGGYMLGSVMSRPLIHFGNDYEDRYYRENMYRYPNQVYYRPVDQYSNQNNFVHDCVNITVKQHTVTTTTKGENFTETDIKIMERVVEQMCITQYQRESQAYYQRGAS;PRP;I;170.0;176.0
;HDCVNITVKQHTVTTTTKGENFTETDIKIMERVVEQMCITQYQRE;SKKRPKPGGGWNTGGSRYPGQGSPGGNRYPPQGGGGWGQPHGGGWGQPHGGGWGQPHGGGWGQPHGGGGWGQGGSHSQWNKPSKPKTNMKHVAGAAAAGAVVGGLGGYMLGSVMSRPLIHFGNDYEDRYYRENMYRYPNQVYYRPVDQYSNQNNFVHDCVNITVKQHTVTTTTKGENFTETDIKIMERVVEQMCITQYQRESQAYYQRGAS;PRP;I;155.0;200.0
;HDCVNITVKQHTVTTTTKGENF;SKKRPKPGGGWNTGGSRYPGQGSPGGNRYPPQGGGGWGQPHGGGWGQPHGGGWGQPHGGGWGQPHGGGGWGQGGSHSQWNKPSKPKTNMKHVAGAAAAGAVVGGLGGYMLGSVMSRPLIHFGNDYEDRYYRENMYRYPNQVYYRPVDQYSNQNNFVHDCVNITVKQHTVTTTTKGENFTETDIKIMERVVEQMCITQYQRESQAYYQRGAS;PRP;I;155.0;177.0
;SNQNNFVHDCVNITVKQHTVTTTTKGENFTETDIKIMERVVEQMCITQYQ;SKKRPKPGGGWNTGGSRYPGQGSPGGNRYPPQGGGGWGQPHGGGWGQPHGGGWGQPHGGGWGQPHGGGGWGQGGSHSQWNKPSKPKTNMKHVAGAAAAGAVVGGLGGYMLGSVMSRPLIHFGNDYEDRYYRENMYRYPNQVYYRPVDQYSNQNNFVHDCVNITVKQHTVTTTTKGENFTETDIKIMERVVEQMCITQYQRESQAYYQRGAS;PRP;I;148.0;198.0
;SNQNNFVHDCVNITVKQHTVTTTTKGENFTETDIKIME;SKKRPKPGGGWNTGGSRYPGQGSPGGNRYPPQGGGGWGQPHGGGWGQPHGGGWGQPHGGGWGQPHGGGGWGQGGSHSQWNKPSKPKTNMKHVAGAAAAGAVVGGLGGYMLGSVMSRPLIHFGNDYEDRYYRENMYRYPNQVYYRPVDQYSNQNNFVHDCVNITVKQHTVTTTTKGENFTETDIKIMERVVEQMCITQYQRESQAYYQRGAS;PRP;I;148.0;186.0
;SNQNNFVHDCVNITVKQHTVTTTTKGENFTE;SKKRPKPGGGWNTGGSRYPGQGSPGGNRYPPQGGGGWGQPHGGGWGQPHGGGWGQPHGGGWGQPHGGGGWGQGGSHSQWNKPSKPKTNMKHVAGAAAAGAVVGGLGGYMLGSVMSRPLIHFGNDYEDRYYRENMYRYPNQVYYRPVDQYSNQNNFVHDCVNITVKQHTVTTTTKGENFTETDIKIMERVVEQMCITQYQRESQAYYQRGAS;PRP;I;148.0;179.0
;SNQNNFVHDCVNITVKQH;SKKRPKPGGGWNTGGSRYPGQGSPGGNRYPPQGGGGWGQPHGGGWGQPHGGGWGQPHGGGWGQPHGGGGWGQGGSHSQWNKPSKPKTNMKHVAGAAAAGAVVGGLGGYMLGSVMSRPLIHFGNDYEDRYYRENMYRYPNQVYYRPVDQYSNQNNFVHDCVNITVKQHTVTTTTKGENFTETDIKIMERVVEQMCITQYQRESQAYYQRGAS;PRP;I;148.0;166.0
;SNQNNFVHD;SKKRPKPGGGWNTGGSRYPGQGSPGGNRYPPQGGGGWGQPHGGGWGQPHGGGWGQPHGGGWGQPHGGGGWGQGGSHSQWNKPSKPKTNMKHVAGAAAAGAVVGGLGGYMLGSVMSRPLIHFGNDYEDRYYRENMYRYPNQVYYRPVDQYSNQNNFVHDCVNITVKQHTVTTTTKGENFTETDIKIMERVVEQMCITQYQRESQAYYQRGAS;PRP;I;148.0;157.0
;RPVDQY;SKKRPKPGGGWNTGGSRYPGQGSPGGNRYPPQGGGGWGQPHGGGWGQPHGGGWGQPHGGGWGQPHGGGGWGQGGSHSQWNKPSKPKTNMKHVAGAAAAGAVVGGLGGYMLGSVMSRPLIHFGNDYEDRYYRENMYRYPNQVYYRPVDQYSNQNNFVHDCVNITVKQHTVTTTTKGENFTETDIKIMERVVEQMCITQYQRESQAYYQRGAS;PRP;I;142.0;148.0
;YRPVDQY;SKKRPKPGGGWNTGGSRYPGQGSPGGNRYPPQGGGGWGQPHGGGWGQPHGGGWGQPHGGGWGQPHGGGGWGQGGSHSQWNKPSKPKTNMKHVAGAAAAGAVVGGLGGYMLGSVMSRPLIHFGNDYEDRYYRENMYRYPNQVYYRPVDQYSNQNNFVHDCVNITVKQHTVTTTTKGENFTETDIKIMERVVEQMCITQYQRESQAYYQRGAS;PRP;I;141.0;148.0
;YYRPVDQY;SKKRPKPGGGWNTGGSRYPGQGSPGGNRYPPQGGGGWGQPHGGGWGQPHGGGWGQPHGGGWGQPHGGGGWGQGGSHSQWNKPSKPKTNMKHVAGAAAAGAVVGGLGGYMLGSVMSRPLIHFGNDYEDRYYRENMYRYPNQVYYRPVDQYSNQNNFVHDCVNITVKQHTVTTTTKGENFTETDIKIMERVVEQMCITQYQRESQAYYQRGAS;PRP;I;140.0;148.0
;PNQVYYRPVDQY;SKKRPKPGGGWNTGGSRYPGQGSPGGNRYPPQGGGGWGQPHGGGWGQPHGGGWGQPHGGGWGQPHGGGGWGQGGSHSQWNKPSKPKTNMKHVAGAAAAGAVVGGLGGYMLGSVMSRPLIHFGNDYEDRYYRENMYRYPNQVYYRPVDQYSNQNNFVHDCVNITVKQHTVTTTTKGENFTETDIKIMERVVEQMCITQYQRESQAYYQRGAS;PRP;I;136.0;148.0
;RYPNQVYYRPVDQY;SKKRPKPGGGWNTGGSRYPGQGSPGGNRYPPQGGGGWGQPHGGGWGQPHGGGWGQPHGGGWGQPHGGGGWGQGGSHSQWNKPSKPKTNMKHVAGAAAAGAVVGGLGGYMLGSVMSRPLIHFGNDYEDRYYRENMYRYPNQVYYRPVDQYSNQNNFVHDCVNITVKQHTVTTTTKGENFTETDIKIMERVVEQMCITQYQRESQAYYQRGAS;PRP;I;134.0;148.0
;YRYPNQVYYRPVDQY;SKKRPKPGGGWNTGGSRYPGQGSPGGNRYPPQGGGGWGQPHGGGWGQPHGGGWGQPHGGGWGQPHGGGGWGQGGSHSQWNKPSKPKTNMKHVAGAAAAGAVVGGLGGYMLGSVMSRPLIHFGNDYEDRYYRENMYRYPNQVYYRPVDQYSNQNNFVHDCVNITVKQHTVTTTTKGENFTETDIKIMERVVEQMCITQYQRESQAYYQRGAS;PRP;I;133.0;148.0
;MYRYPNQVYYRPVDQYSNQNNFVHDCVNIT;SKKRPKPGGGWNTGGSRYPGQGSPGGNRYPPQGGGGWGQPHGGGWGQPHGGGWGQPHGGGWGQPHGGGGWGQGGSHSQWNKPSKPKTNMKHVAGAAAAGAVVGGLGGYMLGSVMSRPLIHFGNDYEDRYYRENMYRYPNQVYYRPVDQYSNQNNFVHDCVNITVKQHTVTTTTKGENFTETDIKIMERVVEQMCITQYQRESQAYYQRGAS;PRP;I;132.0;162.0
;MYRYPNQVYY;SKKRPKPGGGWNTGGSRYPGQGSPGGNRYPPQGGGGWGQPHGGGWGQPHGGGWGQPHGGGWGQPHGGGGWGQGGSHSQWNKPSKPKTNMKHVAGAAAAGAVVGGLGGYMLGSVMSRPLIHFGNDYEDRYYRENMYRYPNQVYYRPVDQYSNQNNFVHDCVNITVKQHTVTTTTKGENFTETDIKIMERVVEQMCITQYQRESQAYYQRGAS;PRP;I;132.0;142.0
;RYPNQVYY;SKKRPKPGGGWNTGGSRYPGQGSPGGNRYPPQGGGGWGQPHGGGWGQPHGGGWGQPHGGGWGQPHGGGGWGQGGSHSQWNKPSKPKTNMKHVAGAAAAGAVVGGLGGYMLGSVMSRPLIHFGNDYEDRYYRENMYRYPNQVYYRPVDQYSNQNNFVHDCVNITVKQHTVTTTTKGENFTETDIKIMERVVEQMCITQYQRESQAYYQRGAS;PRP;I;134.0;142.0
;RYPNQV;SKKRPKPGGGWNTGGSRYPGQGSPGGNRYPPQGGGGWGQPHGGGWGQPHGGGWGQPHGGGWGQPHGGGGWGQGGSHSQWNKPSKPKTNMKHVAGAAAAGAVVGGLGGYMLGSVMSRPLIHFGNDYEDRYYRENMYRYPNQVYYRPVDQYSNQNNFVHDCVNITVKQHTVTTTTKGENFTETDIKIMERVVEQMCITQYQRESQAYYQRGAS;PRP;I;134.0;140.0
;RYPNQVY;SKKRPKPGGGWNTGGSRYPGQGSPGGNRYPPQGGGGWGQPHGGGWGQPHGGGWGQPHGGGWGQPHGGGGWGQGGSHSQWNKPSKPKTNMKHVAGAAAAGAVVGGLGGYMLGSVMSRPLIHFGNDYEDRYYRENMYRYPNQVYYRPVDQYSNQNNFVHDCVNITVKQHTVTTTTKGENFTETDIKIMERVVEQMCITQYQRESQAYYQRGAS;PRP;I;134.0;141.0
;YRYPNQVYYR;SKKRPKPGGGWNTGGSRYPGQGSPGGNRYPPQGGGGWGQPHGGGWGQPHGGGWGQPHGGGWGQPHGGGGWGQGGSHSQWNKPSKPKTNMKHVAGAAAAGAVVGGLGGYMLGSVMSRPLIHFGNDYEDRYYRENMYRYPNQVYYRPVDQYSNQNNFVHDCVNITVKQHTVTTTTKGENFTETDIKIMERVVEQMCITQYQRESQAYYQRGAS;PRP;I;133.0;143.0
;MYRYPNQVY;SKKRPKPGGGWNTGGSRYPGQGSPGGNRYPPQGGGGWGQPHGGGWGQPHGGGWGQPHGGGWGQPHGGGGWGQGGSHSQWNKPSKPKTNMKHVAGAAAAGAVVGGLGGYMLGSVMSRPLIHFGNDYEDRYYRENMYRYPNQVYYRPVDQYSNQNNFVHDCVNITVKQHTVTTTTKGENFTETDIKIMERVVEQMCITQYQRESQAYYQRGAS;PRP;I;132.0;141.0
;MYRY;SKKRPKPGGGWNTGGSRYPGQGSPGGNRYPPQGGGGWGQPHGGGWGQPHGGGWGQPHGGGWGQPHGGGGWGQGGSHSQWNKPSKPKTNMKHVAGAAAAGAVVGGLGGYMLGSVMSRPLIHFGNDYEDRYYRENMYRYPNQVYYRPVDQYSNQNNFVHDCVNITVKQHTVTTTTKGENFTETDIKIMERVVEQMCITQYQRESQAYYQRGAS;PRP;I;132.0;136.0
;EDRYYRENMY;SKKRPKPGGGWNTGGSRYPGQGSPGGNRYPPQGGGGWGQPHGGGWGQPHGGGWGQPHGGGWGQPHGGGGWGQGGSHSQWNKPSKPKTNMKHVAGAAAAGAVVGGLGGYMLGSVMSRPLIHFGNDYEDRYYRENMYRYPNQVYYRPVDQYSNQNNFVHDCVNITVKQHTVTTTTKGENFTETDIKIMERVVEQMCITQYQRESQAYYQRGAS;PRP;I;124.0;134.0
;YEDRYYRENMYR;SKKRPKPGGGWNTGGSRYPGQGSPGGNRYPPQGGGGWGQPHGGGWGQPHGGGWGQPHGGGWGQPHGGGGWGQGGSHSQWNKPSKPKTNMKHVAGAAAAGAVVGGLGGYMLGSVMSRPLIHFGNDYEDRYYRENMYRYPNQVYYRPVDQYSNQNNFVHDCVNITVKQHTVTTTTKGENFTETDIKIMERVVEQMCITQYQRESQAYYQRGAS;PRP;I;123.0;135.0
;GNDYEDRYYRENMYRYPNQVYYRPVDQY;SKKRPKPGGGWNTGGSRYPGQGSPGGNRYPPQGGGGWGQPHGGGWGQPHGGGWGQPHGGGWGQPHGGGGWGQGGSHSQWNKPSKPKTNMKHVAGAAAAGAVVGGLGGYMLGSVMSRPLIHFGNDYEDRYYRENMYRYPNQVYYRPVDQYSNQNNFVHDCVNITVKQHTVTTTTKGENFTETDIKIMERVVEQMCITQYQRESQAYYQRGAS;PRP;I;120.0;148.0
;GNDYEDRYYRENMYRYPNQVY;SKKRPKPGGGWNTGGSRYPGQGSPGGNRYPPQGGGGWGQPHGGGWGQPHGGGWGQPHGGGWGQPHGGGGWGQGGSHSQWNKPSKPKTNMKHVAGAAAAGAVVGGLGGYMLGSVMSRPLIHFGNDYEDRYYRENMYRYPNQVYYRPVDQYSNQNNFVHDCVNITVKQHTVTTTTKGENFTETDIKIMERVVEQMCITQYQRESQAYYQRGAS;PRP;I;120.0;141.0
;GNDYEDRYYRENMYRYPNQV;SKKRPKPGGGWNTGGSRYPGQGSPGGNRYPPQGGGGWGQPHGGGWGQPHGGGWGQPHGGGWGQPHGGGGWGQGGSHSQWNKPSKPKTNMKHVAGAAAAGAVVGGLGGYMLGSVMSRPLIHFGNDYEDRYYRENMYRYPNQVYYRPVDQYSNQNNFVHDCVNITVKQHTVTTTTKGENFTETDIKIMERVVEQMCITQYQRESQAYYQRGAS;PRP;I;120.0;140.0
;GNDYEDRYYRENMYRY;SKKRPKPGGGWNTGGSRYPGQGSPGGNRYPPQGGGGWGQPHGGGWGQPHGGGWGQPHGGGWGQPHGGGGWGQGGSHSQWNKPSKPKTNMKHVAGAAAAGAVVGGLGGYMLGSVMSRPLIHFGNDYEDRYYRENMYRYPNQVYYRPVDQYSNQNNFVHDCVNITVKQHTVTTTTKGENFTETDIKIMERVVEQMCITQYQRESQAYYQRGAS;PRP;I;120.0;136.0
;GNDYEDRYYRENMY;SKKRPKPGGGWNTGGSRYPGQGSPGGNRYPPQGGGGWGQPHGGGWGQPHGGGWGQPHGGGWGQPHGGGGWGQGGSHSQWNKPSKPKTNMKHVAGAAAAGAVVGGLGGYMLGSVMSRPLIHFGNDYEDRYYRENMYRYPNQVYYRPVDQYSNQNNFVHDCVNITVKQHTVTTTTKGENFTETDIKIMERVVEQMCITQYQRESQAYYQRGAS;PRP;I;120.0;134.0
;GNDYEDRYYRENM;SKKRPKPGGGWNTGGSRYPGQGSPGGNRYPPQGGGGWGQPHGGGWGQPHGGGWGQPHGGGWGQPHGGGGWGQGGSHSQWNKPSKPKTNMKHVAGAAAAGAVVGGLGGYMLGSVMSRPLIHFGNDYEDRYYRENMYRYPNQVYYRPVDQYSNQNNFVHDCVNITVKQHTVTTTTKGENFTETDIKIMERVVEQMCITQYQRESQAYYQRGAS;PRP;I;120.0;133.0
;GNDYEDRYYREN;SKKRPKPGGGWNTGGSRYPGQGSPGGNRYPPQGGGGWGQPHGGGWGQPHGGGWGQPHGGGWGQPHGGGGWGQGGSHSQWNKPSKPKTNMKHVAGAAAAGAVVGGLGGYMLGSVMSRPLIHFGNDYEDRYYRENMYRYPNQVYYRPVDQYSNQNNFVHDCVNITVKQHTVTTTTKGENFTETDIKIMERVVEQMCITQYQRESQAYYQRGAS;PRP;I;120.0;132.0
;GNDYEDRYY;SKKRPKPGGGWNTGGSRYPGQGSPGGNRYPPQGGGGWGQPHGGGWGQPHGGGWGQPHGGGWGQPHGGGGWGQGGSHSQWNKPSKPKTNMKHVAGAAAAGAVVGGLGGYMLGSVMSRPLIHFGNDYEDRYYRENMYRYPNQVYYRPVDQYSNQNNFVHDCVNITVKQHTVTTTTKGENFTETDIKIMERVVEQMCITQYQRESQAYYQRGAS;PRP;I;120.0;129.0
;PLIHF;SKKRPKPGGGWNTGGSRYPGQGSPGGNRYPPQGGGGWGQPHGGGWGQPHGGGWGQPHGGGWGQPHGGGGWGQGGSHSQWNKPSKPKTNMKHVAGAAAAGAVVGGLGGYMLGSVMSRPLIHFGNDYEDRYYRENMYRYPNQVYYRPVDQYSNQNNFVHDCVNITVKQHTVTTTTKGENFTETDIKIMERVVEQMCITQYQRESQAYYQRGAS;PRP;I;115.0;120.0
;SRPLIHF;SKKRPKPGGGWNTGGSRYPGQGSPGGNRYPPQGGGGWGQPHGGGWGQPHGGGWGQPHGGGWGQPHGGGGWGQGGSHSQWNKPSKPKTNMKHVAGAAAAGAVVGGLGGYMLGSVMSRPLIHFGNDYEDRYYRENMYRYPNQVYYRPVDQYSNQNNFVHDCVNITVKQHTVTTTTKGENFTETDIKIMERVVEQMCITQYQRESQAYYQRGAS;PRP;I;113.0;120.0
;VVGGLGGYMLGSVMSRPLIHF;SKKRPKPGGGWNTGGSRYPGQGSPGGNRYPPQGGGGWGQPHGGGWGQPHGGGWGQPHGGGWGQPHGGGGWGQGGSHSQWNKPSKPKTNMKHVAGAAAAGAVVGGLGGYMLGSVMSRPLIHFGNDYEDRYYRENMYRYPNQVYYRPVDQYSNQNNFVHDCVNITVKQHTVTTTTKGENFTETDIKIMERVVEQMCITQYQRESQAYYQRGAS;PRP;I;99.0;120.0
;VVGGLG;SKKRPKPGGGWNTGGSRYPGQGSPGGNRYPPQGGGGWGQPHGGGWGQPHGGGWGQPHGGGWGQPHGGGGWGQGGSHSQWNKPSKPKTNMKHVAGAAAAGAVVGGLGGYMLGSVMSRPLIHFGNDYEDRYYRENMYRYPNQVYYRPVDQYSNQNNFVHDCVNITVKQHTVTTTTKGENFTETDIKIMERVVEQMCITQYQRESQAYYQRGAS;PRP;I;99.0;105.0
;AVVGGLGGYML;SKKRPKPGGGWNTGGSRYPGQGSPGGNRYPPQGGGGWGQPHGGGWGQPHGGGWGQPHGGGWGQPHGGGGWGQGGSHSQWNKPSKPKTNMKHVAGAAAAGAVVGGLGGYMLGSVMSRPLIHFGNDYEDRYYRENMYRYPNQVYYRPVDQYSNQNNFVHDCVNITVKQHTVTTTTKGENFTETDIKIMERVVEQMCITQYQRESQAYYQRGAS;PRP;I;98.0;109.0
;AVVGGLGGYMLG;SKKRPKPGGGWNTGGSRYPGQGSPGGNRYPPQGGGGWGQPHGGGWGQPHGGGWGQPHGGGWGQPHGGGGWGQGGSHSQWNKPSKPKTNMKHVAGAAAAGAVVGGLGGYMLGSVMSRPLIHFGNDYEDRYYRENMYRYPNQVYYRPVDQYSNQNNFVHDCVNITVKQHTVTTTTKGENFTETDIKIMERVVEQMCITQYQRESQAYYQRGAS;PRP;I;98.0;110.0
;AGAVVGGLGGYML;SKKRPKPGGGWNTGGSRYPGQGSPGGNRYPPQGGGGWGQPHGGGWGQPHGGGWGQPHGGGWGQPHGGGGWGQGGSHSQWNKPSKPKTNMKHVAGAAAAGAVVGGLGGYMLGSVMSRPLIHFGNDYEDRYYRENMYRYPNQVYYRPVDQYSNQNNFVHDCVNITVKQHTVTTTTKGENFTETDIKIMERVVEQMCITQYQRESQAYYQRGAS;PRP;I;96.0;109.0
;AAAGAVVGGLGGYML;SKKRPKPGGGWNTGGSRYPGQGSPGGNRYPPQGGGGWGQPHGGGWGQPHGGGWGQPHGGGWGQPHGGGGWGQGGSHSQWNKPSKPKTNMKHVAGAAAAGAVVGGLGGYMLGSVMSRPLIHFGNDYEDRYYRENMYRYPNQVYYRPVDQYSNQNNFVHDCVNITVKQHTVTTTTKGENFTETDIKIMERVVEQMCITQYQRESQAYYQRGAS;PRP;I;94.0;109.0
;AGAAAAGAVVGGLGGYML;SKKRPKPGGGWNTGGSRYPGQGSPGGNRYPPQGGGGWGQPHGGGWGQPHGGGWGQPHGGGWGQPHGGGGWGQGGSHSQWNKPSKPKTNMKHVAGAAAAGAVVGGLGGYMLGSVMSRPLIHFGNDYEDRYYRENMYRYPNQVYYRPVDQYSNQNNFVHDCVNITVKQHTVTTTTKGENFTETDIKIMERVVEQMCITQYQRESQAYYQRGAS;PRP;I;91.0;109.0
;AGAAAAGAVVGGLGGY;SKKRPKPGGGWNTGGSRYPGQGSPGGNRYPPQGGGGWGQPHGGGWGQPHGGGWGQPHGGGWGQPHGGGGWGQGGSHSQWNKPSKPKTNMKHVAGAAAAGAVVGGLGGYMLGSVMSRPLIHFGNDYEDRYYRENMYRYPNQVYYRPVDQYSNQNNFVHDCVNITVKQHTVTTTTKGENFTETDIKIMERVVEQMCITQYQRESQAYYQRGAS;PRP;I;91.0;107.0
;TNM;SKKRPKPGGGWNTGGSRYPGQGSPGGNRYPPQGGGGWGQPHGGGWGQPHGGGWGQPHGGGWGQPHGGGGWGQGGSHSQWNKPSKPKTNMKHVAGAAAAGAVVGGLGGYMLGSVMSRPLIHFGNDYEDRYYRENMYRYPNQVYYRPVDQYSNQNNFVHDCVNITVKQHTVTTTTKGENFTETDIKIMERVVEQMCITQYQRESQAYYQRGAS;PRP;I;85.0;88.0
;NKPSKPKTNMKHVAGAAAAGAVVGGLGGYML;SKKRPKPGGGWNTGGSRYPGQGSPGGNRYPPQGGGGWGQPHGGGWGQPHGGGWGQPHGGGWGQPHGGGGWGQGGSHSQWNKPSKPKTNMKHVAGAAAAGAVVGGLGGYMLGSVMSRPLIHFGNDYEDRYYRENMYRYPNQVYYRPVDQYSNQNNFVHDCVNITVKQHTVTTTTKGENFTETDIKIMERVVEQMCITQYQRESQAYYQRGAS;PRP;I;78.0;109.0
;NKPSKPKTNMKHV;SKKRPKPGGGWNTGGSRYPGQGSPGGNRYPPQGGGGWGQPHGGGWGQPHGGGWGQPHGGGWGQPHGGGGWGQGGSHSQWNKPSKPKTNMKHVAGAAAAGAVVGGLGGYMLGSVMSRPLIHFGNDYEDRYYRENMYRYPNQVYYRPVDQYSNQNNFVHDCVNITVKQHTVTTTTKGENFTETDIKIMERVVEQMCITQYQRESQAYYQRGAS;PRP;I;78.0;91.0
;NKPSKPKTNMK;SKKRPKPGGGWNTGGSRYPGQGSPGGNRYPPQGGGGWGQPHGGGWGQPHGGGWGQPHGGGWGQPHGGGGWGQGGSHSQWNKPSKPKTNMKHVAGAAAAGAVVGGLGGYMLGSVMSRPLIHFGNDYEDRYYRENMYRYPNQVYYRPVDQYSNQNNFVHDCVNITVKQHTVTTTTKGENFTETDIKIMERVVEQMCITQYQRESQAYYQRGAS;PRP;I;78.0;89.0
;NKPSKPKTN;SKKRPKPGGGWNTGGSRYPGQGSPGGNRYPPQGGGGWGQPHGGGWGQPHGGGWGQPHGGGWGQPHGGGGWGQGGSHSQWNKPSKPKTNMKHVAGAAAAGAVVGGLGGYMLGSVMSRPLIHFGNDYEDRYYRENMYRYPNQVYYRPVDQYSNQNNFVHDCVNITVKQHTVTTTTKGENFTETDIKIMERVVEQMCITQYQRESQAYYQRGAS;PRP;I;78.0;87.0
;WNKPSKPKTNMKHVAGAAAAGAVVGGLGGYMLGSVMSRPLIHFGNDYEDRYYRENMYRYPNQVYYRPVDQYSNQNNFVHDCVNITVKQHTVTTTTKGENFTETDIKIMERVVEQMCITQYQRESQAYYQRGAS;SKKRPKPGGGWNTGGSRYPGQGSPGGNRYPPQGGGGWGQPHGGGWGQPHGGGWGQPHGGGWGQPHGGGGWGQGGSHSQWNKPSKPKTNMKHVAGAAAAGAVVGGLGGYMLGSVMSRPLIHFGNDYEDRYYRENMYRYPNQVYYRPVDQYSNQNNFVHDCVNITVKQHTVTTTTKGENFTETDIKIMERVVEQMCITQYQRESQAYYQRGAS;PRP;I;77.0;210.0
;GQGGSHSQWNKPSKPKTNMKHV;SKKRPKPGGGWNTGGSRYPGQGSPGGNRYPPQGGGGWGQPHGGGWGQPHGGGWGQPHGGGWGQPHGGGGWGQGGSHSQWNKPSKPKTNMKHVAGAAAAGAVVGGLGGYMLGSVMSRPLIHFGNDYEDRYYRENMYRYPNQVYYRPVDQYSNQNNFVHDCVNITVKQHTVTTTTKGENFTETDIKIMERVVEQMCITQYQRESQAYYQRGAS;PRP;I;69.0;91.0
;GQGGSHSQW;SKKRPKPGGGWNTGGSRYPGQGSPGGNRYPPQGGGGWGQPHGGGWGQPHGGGWGQPHGGGWGQPHGGGGWGQGGSHSQWNKPSKPKTNMKHVAGAAAAGAVVGGLGGYMLGSVMSRPLIHFGNDYEDRYYRENMYRYPNQVYYRPVDQYSNQNNFVHDCVNITVKQHTVTTTTKGENFTETDIKIMERVVEQMCITQYQRESQAYYQRGAS;PRP;I;69.0;78.0
;GQPHGGGGWGQGGSHSQWNKPSKPKTNMKHV;SKKRPKPGGGWNTGGSRYPGQGSPGGNRYPPQGGGGWGQPHGGGWGQPHGGGWGQPHGGGWGQPHGGGGWGQGGSHSQWNKPSKPKTNMKHVAGAAAAGAVVGGLGGYMLGSVMSRPLIHFGNDYEDRYYRENMYRYPNQVYYRPVDQYSNQNNFVHDCVNITVKQHTVTTTTKGENFTETDIKIMERVVEQMCITQYQRESQAYYQRGAS;PRP;I;60.0;91.0
;GQPHGGGGWGQGGSHSQWNKPSKPKTNMK;SKKRPKPGGGWNTGGSRYPGQGSPGGNRYPPQGGGGWGQPHGGGWGQPHGGGWGQPHGGGWGQPHGGGGWGQGGSHSQWNKPSKPKTNMKHVAGAAAAGAVVGGLGGYMLGSVMSRPLIHFGNDYEDRYYRENMYRYPNQVYYRPVDQYSNQNNFVHDCVNITVKQHTVTTTTKGENFTETDIKIMERVVEQMCITQYQRESQAYYQRGAS;PRP;I;60.0;89.0
;GQPHGGGGWGQGGSHSQW;SKKRPKPGGGWNTGGSRYPGQGSPGGNRYPPQGGGGWGQPHGGGWGQPHGGGWGQPHGGGWGQPHGGGGWGQGGSHSQWNKPSKPKTNMKHVAGAAAAGAVVGGLGGYMLGSVMSRPLIHFGNDYEDRYYRENMYRYPNQVYYRPVDQYSNQNNFVHDCVNITVKQHTVTTTTKGENFTETDIKIMERVVEQMCITQYQRESQAYYQRGAS;PRP;I;60.0;78.0
;GQPHGGGWGQPHGGGGWGQGGSHSQW;SKKRPKPGGGWNTGGSRYPGQGSPGGNRYPPQGGGGWGQPHGGGWGQPHGGGWGQPHGGGWGQPHGGGGWGQGGSHSQWNKPSKPKTNMKHVAGAAAAGAVVGGLGGYMLGSVMSRPLIHFGNDYEDRYYRENMYRYPNQVYYRPVDQYSNQNNFVHDCVNITVKQHTVTTTTKGENFTETDIKIMERVVEQMCITQYQRESQAYYQRGAS;PRP;I;52.0;78.0
;GQPHGGGWGQPHGGGGWGQG;SKKRPKPGGGWNTGGSRYPGQGSPGGNRYPPQGGGGWGQPHGGGWGQPHGGGWGQPHGGGWGQPHGGGGWGQGGSHSQWNKPSKPKTNMKHVAGAAAAGAVVGGLGGYMLGSVMSRPLIHFGNDYEDRYYRENMYRYPNQVYYRPVDQYSNQNNFVHDCVNITVKQHTVTTTTKGENFTETDIKIMERVVEQMCITQYQRESQAYYQRGAS;PRP;I;52.0;72.0
;GQPHGGGWGQPHGGGWGQPHGGGGWGQGGSHSQW;SKKRPKPGGGWNTGGSRYPGQGSPGGNRYPPQGGGGWGQPHGGGWGQPHGGGWGQPHGGGWGQPHGGGGWGQGGSHSQWNKPSKPKTNMKHVAGAAAAGAVVGGLGGYMLGSVMSRPLIHFGNDYEDRYYRENMYRYPNQVYYRPVDQYSNQNNFVHDCVNITVKQHTVTTTTKGENFTETDIKIMERVVEQMCITQYQRESQAYYQRGAS;PRP;I;44.0;78.0
;GQPHGGGWGQPHGGGW;SKKRPKPGGGWNTGGSRYPGQGSPGGNRYPPQGGGGWGQPHGGGWGQPHGGGWGQPHGGGWGQPHGGGGWGQGGSHSQWNKPSKPKTNMKHVAGAAAAGAVVGGLGGYMLGSVMSRPLIHFGNDYEDRYYRENMYRYPNQVYYRPVDQYSNQNNFVHDCVNITVKQHTVTTTTKGENFTETDIKIMERVVEQMCITQYQRESQAYYQRGAS;PRP;I;36.0;52.0
;GQPHGGGWG;SKKRPKPGGGWNTGGSRYPGQGSPGGNRYPPQGGGGWGQPHGGGWGQPHGGGWGQPHGGGWGQPHGGGGWGQGGSHSQWNKPSKPKTNMKHVAGAAAAGAVVGGLGGYMLGSVMSRPLIHFGNDYEDRYYRENMYRYPNQVYYRPVDQYSNQNNFVHDCVNITVKQHTVTTTTKGENFTETDIKIMERVVEQMCITQYQRESQAYYQRGAS;PRP;I;36.0;45.0
;GQPHGGGW;SKKRPKPGGGWNTGGSRYPGQGSPGGNRYPPQGGGGWGQPHGGGWGQPHGGGWGQPHGGGWGQPHGGGGWGQGGSHSQWNKPSKPKTNMKHVAGAAAAGAVVGGLGGYMLGSVMSRPLIHFGNDYEDRYYRENMYRYPNQVYYRPVDQYSNQNNFVHDCVNITVKQHTVTTTTKGENFTETDIKIMERVVEQMCITQYQRESQAYYQRGAS;PRP;I;36.0;44.0
;PPQGGGGWGQPHGGGWGQPHGGGWGQPHGGGW;SKKRPKPGGGWNTGGSRYPGQGSPGGNRYPPQGGGGWGQPHGGGWGQPHGGGWGQPHGGGWGQPHGGGGWGQGGSHSQWNKPSKPKTNMKHVAGAAAAGAVVGGLGGYMLGSVMSRPLIHFGNDYEDRYYRENMYRYPNQVYYRPVDQYSNQNNFVHDCVNITVKQHTVTTTTKGENFTETDIKIMERVVEQMCITQYQRESQAYYQRGAS;PRP;I;28.0;60.0
;PPQGGGGWGQPHGGGWGQPHGGGW;SKKRPKPGGGWNTGGSRYPGQGSPGGNRYPPQGGGGWGQPHGGGWGQPHGGGWGQPHGGGWGQPHGGGGWGQGGSHSQWNKPSKPKTNMKHVAGAAAAGAVVGGLGGYMLGSVMSRPLIHFGNDYEDRYYRENMYRYPNQVYYRPVDQYSNQNNFVHDCVNITVKQHTVTTTTKGENFTETDIKIMERVVEQMCITQYQRESQAYYQRGAS;PRP;I;28.0;52.0
;PPQGGGGWGQPHGGGW;SKKRPKPGGGWNTGGSRYPGQGSPGGNRYPPQGGGGWGQPHGGGWGQPHGGGWGQPHGGGWGQPHGGGGWGQGGSHSQWNKPSKPKTNMKHVAGAAAAGAVVGGLGGYMLGSVMSRPLIHFGNDYEDRYYRENMYRYPNQVYYRPVDQYSNQNNFVHDCVNITVKQHTVTTTTKGENFTETDIKIMERVVEQMCITQYQRESQAYYQRGAS;PRP;I;28.0;44.0
;PPQGGGGW;SKKRPKPGGGWNTGGSRYPGQGSPGGNRYPPQGGGGWGQPHGGGWGQPHGGGWGQPHGGGWGQPHGGGGWGQGGSHSQWNKPSKPKTNMKHVAGAAAAGAVVGGLGGYMLGSVMSRPLIHFGNDYEDRYYRENMYRYPNQVYYRPVDQYSNQNNFVHDCVNITVKQHTVTTTTKGENFTETDIKIMERVVEQMCITQYQRESQAYYQRGAS;PRP;I;28.0;36.0
;PGQGSPGGNRY;SKKRPKPGGGWNTGGSRYPGQGSPGGNRYPPQGGGGWGQPHGGGWGQPHGGGWGQPHGGGWGQPHGGGGWGQGGSHSQWNKPSKPKTNMKHVAGAAAAGAVVGGLGGYMLGSVMSRPLIHFGNDYEDRYYRENMYRYPNQVYYRPVDQYSNQNNFVHDCVNITVKQHTVTTTTKGENFTETDIKIMERVVEQMCITQYQRESQAYYQRGAS;PRP;I;17.0;28.0
;NTGGSRYPGQGSPGGNRYPPQGGGGWGQPHGGGW;SKKRPKPGGGWNTGGSRYPGQGSPGGNRYPPQGGGGWGQPHGGGWGQPHGGGWGQPHGGGWGQPHGGGGWGQGGSHSQWNKPSKPKTNMKHVAGAAAAGAVVGGLGGYMLGSVMSRPLIHFGNDYEDRYYRENMYRYPNQVYYRPVDQYSNQNNFVHDCVNITVKQHTVTTTTKGENFTETDIKIMERVVEQMCITQYQRESQAYYQRGAS;PRP;I;10.0;44.0
;NTGGSRYPGQGSPGGNRYPPQGGGGW;SKKRPKPGGGWNTGGSRYPGQGSPGGNRYPPQGGGGWGQPHGGGWGQPHGGGWGQPHGGGWGQPHGGGGWGQGGSHSQWNKPSKPKTNMKHVAGAAAAGAVVGGLGGYMLGSVMSRPLIHFGNDYEDRYYRENMYRYPNQVYYRPVDQYSNQNNFVHDCVNITVKQHTVTTTTKGENFTETDIKIMERVVEQMCITQYQRESQAYYQRGAS;PRP;I;10.0;36.0
;NTGGSRYPGQGSPGGNRY;SKKRPKPGGGWNTGGSRYPGQGSPGGNRYPPQGGGGWGQPHGGGWGQPHGGGWGQPHGGGWGQPHGGGGWGQGGSHSQWNKPSKPKTNMKHVAGAAAAGAVVGGLGGYMLGSVMSRPLIHFGNDYEDRYYRENMYRYPNQVYYRPVDQYSNQNNFVHDCVNITVKQHTVTTTTKGENFTETDIKIMERVVEQMCITQYQRESQAYYQRGAS;PRP;I;10.0;28.0
;NTGGSRY;SKKRPKPGGGWNTGGSRYPGQGSPGGNRYPPQGGGGWGQPHGGGWGQPHGGGWGQPHGGGWGQPHGGGGWGQGGSHSQWNKPSKPKTNMKHVAGAAAAGAVVGGLGGYMLGSVMSRPLIHFGNDYEDRYYRENMYRYPNQVYYRPVDQYSNQNNFVHDCVNITVKQHTVTTTTKGENFTETDIKIMERVVEQMCITQYQRESQAYYQRGAS;PRP;I;10.0;17.0
;SKKRPKPGGGWNTGGSRYPGQGSPGGNRYPPQ;SKKRPKPGGGWNTGGSRYPGQGSPGGNRYPPQGGGGWGQPHGGGWGQPHGGGWGQPHGGGWGQPHGGGGWGQGGSHSQWNKPSKPKTNMKHVAGAAAAGAVVGGLGGYMLGSVMSRPLIHFGNDYEDRYYRENMYRYPNQVYYRPVDQYSNQNNFVHDCVNITVKQHTVTTTTKGENFTETDIKIMERVVEQMCITQYQRESQAYYQRGAS;PRP;I;-1.0;31.0
;SKKRPKPGGGWNTGGSRYPGQGSPGGNRY;SKKRPKPGGGWNTGGSRYPGQGSPGGNRYPPQGGGGWGQPHGGGWGQPHGGGWGQPHGGGWGQPHGGGGWGQGGSHSQWNKPSKPKTNMKHVAGAAAAGAVVGGLGGYMLGSVMSRPLIHFGNDYEDRYYRENMYRYPNQVYYRPVDQYSNQNNFVHDCVNITVKQHTVTTTTKGENFTETDIKIMERVVEQMCITQYQRESQAYYQRGAS;PRP;I;-1.0;28.0
;SKKRPKPGGGWNTGGSRYP;SKKRPKPGGGWNTGGSRYPGQGSPGGNRYPPQGGGGWGQPHGGGWGQPHGGGWGQPHGGGWGQPHGGGGWGQGGSHSQWNKPSKPKTNMKHVAGAAAAGAVVGGLGGYMLGSVMSRPLIHFGNDYEDRYYRENMYRYPNQVYYRPVDQYSNQNNFVHDCVNITVKQHTVTTTTKGENFTETDIKIMERVVEQMCITQYQRESQAYYQRGAS;PRP;I;-1.0;18.0
;SKKRPKPGGGW;SKKRPKPGGGWNTGGSRYPGQGSPGGNRYPPQGGGGWGQPHGGGWGQPHGGGWGQPHGGGWGQPHGGGGWGQGGSHSQWNKPSKPKTNMKHVAGAAAAGAVVGGLGGYMLGSVMSRPLIHFGNDYEDRYYRENMYRYPNQVYYRPVDQYSNQNNFVHDCVNITVKQHTVTTTTKGENFTETDIKIMERVVEQMCITQYQRESQAYYQRGAS;PRP;I;-1.0;10.0
;SKKRPKPGGG;SKKRPKPGGGWNTGGSRYPGQGSPGGNRYPPQGGGGWGQPHGGGWGQPHGGGWGQPHGGGWGQPHGGGGWGQGGSHSQWNKPSKPKTNMKHVAGAAAAGAVVGGLGGYMLGSVMSRPLIHFGNDYEDRYYRENMYRYPNQVYYRPVDQYSNQNNFVHDCVNITVKQHTVTTTTKGENFTETDIKIMERVVEQMCITQYQRESQAYYQRGAS;PRP;I;-1.0;9.0
;SNLTHVLY;GNSISISALQSLLQHLIGLSNLTHVLY;PRAME 415-441;I;18.0;26.0
;GLSNLTHVLY;GNSISISALQSLLQHLIGLSNLTHVLY;PRAME 415-441;I;16.0;26.0
;QSLLQHLIGLSNLTHVLY;GNSISISALQSLLQHLIGLSNLTHVLY;PRAME 415-441;I;8.0;26.0
;ALQSLLQHLIGLSNLTHVLY;GNSISISALQSLLQHLIGLSNLTHVLY;PRAME 415-441;I;6.0;26.0
;SLLQHLIGL;GNSISISALQSLLQHLIGLSNLTHVLY;PRAME 415-441;I;9.0;18.0
;QSLLQHLIGL;GNSISISALQSLLQHLIGLSNLTHVLY;PRAME 415-441;I;8.0;18.0
;ALQSLLQHLIGL;GNSISISALQSLLQHLIGLSNLTHVLY;PRAME 415-441;I;6.0;18.0
;QSLLQHLI;GNSISISALQSLLQHLIGLSNLTHVLY;PRAME 415-441;I;8.0;16.0
;SALQSLLQHLI;GNSISISALQSLLQHLIGLSNLTHVLY;PRAME 415-441;I;5.0;16.0
;SALQSLL;GNSISISALQSLLQHLIGLSNLTHVLY;PRAME 415-441;I;5.0;12.0
;GNSISISAL;GNSISISALQSLLQHLIGLSNLTHVLY;PRAME 415-441;I;-1.0;8.0
;GNSISI;GNSISISALQSLLQHLIGLSNLTHVLY;PRAME 415-441;I;-1.0;5.0
;ERGFFYTPKA;FVNQHLCGSHLVEALYLVCGERGFFYTPKA;INSULIN B CHAIN;I;19.0;29.0
;GERGF;FVNQHLCGSHLVEALYLVCGERGFFYTPKA;INSULIN B CHAIN;I;18.0;23.0
;GERGFFY;FVNQHLCGSHLVEALYLVCGERGFFYTPKA;INSULIN B CHAIN;I;18.0;25.0
;GERGFFYTPK;FVNQHLCGSHLVEALYLVCGERGFFYTPKA;INSULIN B CHAIN;I;18.0;28.0
;CGERGFFYTPKA;FVNQHLCGSHLVEALYLVCGERGFFYTPKA;INSULIN B CHAIN;I;17.0;29.0
;VCGERGFFYTPK;FVNQHLCGSHLVEALYLVCGERGFFYTPKA;INSULIN B CHAIN;I;16.0;28.0
;VCGERGFFYTPKA;FVNQHLCGSHLVEALYLVCGERGFFYTPKA;INSULIN B CHAIN;I;16.0;29.0
;YLVCGERGFFY;FVNQHLCGSHLVEALYLVCGERGFFYTPKA;INSULIN B CHAIN;I;14.0;25.0
;YLVCGERGFFYTPKA;FVNQHLCGSHLVEALYLVCGERGFFYTPKA;INSULIN B CHAIN;I;14.0;29.0
;ALYLVCGERGFFYTPKA;FVNQHLCGSHLVEALYLVCGERGFFYTPKA;INSULIN B CHAIN;I;12.0;29.0
;VEALYLVCGERGFFYTPKA;FVNQHLCGSHLVEALYLVCGERGFFYTPKA;INSULIN B CHAIN;I;10.0;29.0
;HLVEALYLVCG;FVNQHLCGSHLVEALYLVCGERGFFYTPKA;INSULIN B CHAIN;I;8.0;19.0
;GSHLVEALYLVCG;FVNQHLCGSHLVEALYLVCGERGFFYTPKA;INSULIN B CHAIN;I;6.0;19.0
;CGSHLVEALYLVCG;FVNQHLCGSHLVEALYLVCGERGFFYTPKA;INSULIN B CHAIN;I;5.0;19.0
;HLCGSHLVE;FVNQHLCGSHLVEALYLVCGERGFFYTPKA;INSULIN B CHAIN;I;3.0;12.0
;HLCGSHLVEA;FVNQHLCGSHLVEALYLVCGERGFFYTPKA;INSULIN B CHAIN;I;3.0;13.0
;FVNQ;FVNQHLCGSHLVEALYLVCGERGFFYTPKA;INSULIN B CHAIN;I;-1.0;3.0
;FVNQH;FVNQHLCGSHLVEALYLVCGERGFFYTPKA;INSULIN B CHAIN;I;-1.0;4.0
;FVNQHLCGSHL;FVNQHLCGSHLVEALYLVCGERGFFYTPKA;INSULIN B CHAIN;I;-1.0;10.0
;FVNQHLCGSHLVE;FVNQHLCGSHLVEALYLVCGERGFFYTPKA;INSULIN B CHAIN;I;-1.0;12.0
;FVNQHLCGSHLVEA;FVNQHLCGSHLVEALYLVCGERGFFYTPKA;INSULIN B CHAIN;I;-1.0;13.0
;SSAFTI;SSAFTITDQVPFSVSVSQL;GP100_I;I;-1.0;5.0
;TDQVPFSVSVSQL;SSAFTITDQVPFSVSVSQL;GP100_I;I;5.0;18.0
;SSAFTITD;SSAFTITDQVPFSVSVSQL;GP100_I;I;-1.0;7.0
;QVPFSVSVSQL;SSAFTITDQVPFSVSVSQL;GP100_I;I;7.0;18.0
;SSAFTITDQVPFSV;SSAFTITDQVPFSVSVSQL;GP100_I;I;-1.0;13.0
;SVSQL;SSAFTITDQVPFSVSVSQL;GP100_I;I;13.0;18.0
;SSAFT;SSAFTITDQVPFSVSVSQL;GP100_I;I;-1.0;4.0
;GLDVLLAQEVRPRR;QHLHLETFKAVLDGLDVLLAQEVRPRR;PRAME 90–116;I;12.0;26.0
;DGLDVLLAQEVRPRR;QHLHLETFKAVLDGLDVLLAQEVRPRR;PRAME 90–116;I;11.0;26.0
;KAVLDGLDVLLAQEVRPRR;QHLHLETFKAVLDGLDVLLAQEVRPRR;PRAME 90–116;I;7.0;26.0
;HLETFKAVLDGLDVLLAQEVRPRR;QHLHLETFKAVLDGLDVLLAQEVRPRR;PRAME 90–116;I;2.0;26.0
;ETFKAVLDGLDVLLAQEVRPR;QHLHLETFKAVLDGLDVLLAQEVRPRR;PRAME 90–116;I;4.0;25.0
;GLDVLL;QHLHLETFKAVLDGLDVLLAQEVRPRR;PRAME 90–116;I;12.0;18.0
;VLDGLDVLL;QHLHLETFKAVLDGLDVLLAQEVRPRR;PRAME 90–116;I;9.0;18.0
;KAVLDGLDVLL;QHLHLETFKAVLDGLDVLLAQEVRPRR;PRAME 90–116;I;7.0;18.0
;QHLHLETFKAVLDGLDVLL;QHLHLETFKAVLDGLDVLLAQEVRPRR;PRAME 90–116;I;-1.0;18.0
;QHLHLETFKAVLD;QHLHLETFKAVLDGLDVLLAQEVRPRR;PRAME 90–116;I;-1.0;12.0
;HLETFKAVL;QHLHLETFKAVLDGLDVLLAQEVRPRR;PRAME 90–116;I;2.0;11.0
;QHLHLETF;QHLHLETFKAVLDGLDVLLAQEVRPRR;PRAME 90–116;I;-1.0;7.0
;SSAFTITDQVPFSVSVS;SSAFTITDQVPFSVSVSQL;GP100 204-222;I;-1.0;16.0
;SSAFTITDQVPFSVSV;SSAFTITDQVPFSVSVSQL;GP100 204-222;I;-1.0;15.0
;TITDQVPFSVSVS;SSAFTITDQVPFSVSVSQL;GP100 204-222;I;3.0;16.0
;TITDQVPFSVSV;SSAFTITDQVPFSVSVSQL;GP100 204-222;I;3.0;15.0
;SSAFTITDQV;SSAFTITDQVPFSVSVSQL;GP100 204-222;I;-1.0;9.0
;PFSVSVSQL;SSAFTITDQVPFSVSVSQL;GP100 204-222;I;9.0;18.0
;TDQVPFSVSVS;SSAFTITDQVPFSVSVSQL;GP100 204-222;I;5.0;16.0
;TDQVPFSVSV;SSAFTITDQVPFSVSVSQL;GP100 204-222;I;5.0;15.0
;TDQVPFSV;SSAFTITDQVPFSVSVSQL;GP100 204-222;I;5.0;13.0
;QVPFSVSVS;SSAFTITDQVPFSVSVSQL;GP100 204-222;I;7.0;16.0
;SSAF;SSAFTITDQVPFSVSVSQL;GP100 204-222;I;-1.0;3.0
;AFTI;SSAFTITDQVPFSVSVSQL;GP100 204-222;I;1.0;5.0
;FTIT;SSAFTITDQVPFSVSVSQL;GP100 204-222;I;2.0;6.0
;ALKDVEERV;SWYKDALKDVEERVQATID;MAGE-C2 331-349;I;4.0;13.0
;QATID;SWYKDALKDVEERVQATID;MAGE-C2 331-349;I;13.0;18.0
;SWYKDALKDVEERVQA;SWYKDALKDVEERVQATID;MAGE-C2 331-349;I;-1.0;15.0
;SWYKDALKDVEERV;SWYKDALKDVEERVQATID;MAGE-C2 331-349;I;-1.0;13.0
;KDALKDVEERVQATID;SWYKDALKDVEERVQATID;MAGE-C2 331-349;I;2.0;18.0
;ALKDVEERVQATID;SWYKDALKDVEERVQATID;MAGE-C2 331-349;I;4.0;18.0
;SWYKDALKD;SWYKDALKDVEERVQATID;MAGE-C2 331-349;I;-1.0;8.0
;VEERVQATID;SWYKDALKDVEERVQATID;MAGE-C2 331-349;I;8.0;18.0
;VEERVQA;SWYKDALKDVEERVQATID;MAGE-C2 331-349;I;8.0;15.0
;SWYKDALKDVEE;SWYKDALKDVEERVQATID;MAGE-C2 331-349;I;-1.0;11.0
;RVQATID;SWYKDALKDVEERVQATID;MAGE-C2 331-349;I;11.0;18.0
;SWYKDAL;SWYKDALKDVEERVQATID;MAGE-C2 331-349;I;-1.0;6.0
;KDVEERVQATID;SWYKDALKDVEERVQATID;MAGE-C2 331-349;I;6.0;18.0
;KDVEERVQA;SWYKDALKDVEERVQATID;MAGE-C2 331-349;I;6.0;15.0
;TID;SWYKDALKDVEERVQATID;MAGE-C2 331-349;I;15.0;18.0
;SWYKD;SWYKDALKDVEERVQATID;MAGE-C2 331-349;I;-1.0;4.0
;SWY;SWYKDALKDVEERVQATID;MAGE-C2 331-349;I;-1.0;2.0
;KGHGHSYTTAEEAAGIGILTV;KGHGHSYTTAEEAAGIGILTVILGVL;MELAN-A_I;I;-1.0;20.0
;ILGVL;KGHGHSYTTAEEAAGIGILTVILGVL;MELAN-A_I;I;20.0;25.0
;KGHGHSYTTAEEAAGI;KGHGHSYTTAEEAAGIGILTVILGVL;MELAN-A_I;I;-1.0;15.0
;GILTVILGVL;KGHGHSYTTAEEAAGIGILTVILGVL;MELAN-A_I;I;15.0;25.0
;KGHGHSYTTAEEAAGIGIL;KGHGHSYTTAEEAAGIGILTVILGVL;MELAN-A_I;I;-1.0;18.0
;TVILGVL;KGHGHSYTTAEEAAGIGILTVILGVL;MELAN-A_I;I;18.0;25.0
;KGHGHSYTTAE;KGHGHSYTTAEEAAGIGILTVILGVL;MELAN-A_I;I;-1.0;10.0
;EAAGIGILTVILGVL;KGHGHSYTTAEEAAGIGILTVILGVL;MELAN-A_I;I;10.0;25.0
;NALHIYMD;NALHIYMDGTMSQVQGSAN;TYROSINASE_I;I;-1.0;7.0
;GTMSQVQGSAN;NALHIYMDGTMSQVQGSAN;TYROSINASE_I;I;7.0;18.0
;NALHIYM;NALHIYMDGTMSQVQGSAN;TYROSINASE_I;I;-1.0;6.0
;DGTMSQVQGSAN;NALHIYMDGTMSQVQGSAN;TYROSINASE_I;I;6.0;18.0
;NALHIYMDGTM;NALHIYMDGTMSQVQGSAN;TYROSINASE_I;I;-1.0;10.0
;SQVQGSAN;NALHIYMDGTMSQVQGSAN;TYROSINASE_I;I;10.0;18.0
;NALHIYMDGTMSQV;NALHIYMDGTMSQVQGSAN;TYROSINASE_I;I;-1.0;13.0
;NALHI;NALHIYMDGTMSQVQGSAN;TYROSINASE_I;I;-1.0;4.0
;YMDGTMSQVQGSAN;NALHIYMDGTMSQVQGSAN;TYROSINASE_I;I;4.0;18.0
;HIYMDGTMSQVQGSAN;NALHIYMDGTMSQVQGSAN;TYROSINASE 364-382;I;2.0;18.0
;YMDGTMSQVQG;NALHIYMDGTMSQVQGSAN;TYROSINASE 364-382;I;4.0;15.0
;NALHIYMDGT;NALHIYMDGTMSQVQGSAN;TYROSINASE 364-382;I;-1.0;9.0
;NALHIY;NALHIYMDGTMSQVQGSAN;TYROSINASE 364-382;I;-1.0;5.0
;QLENYCN;FVNQHLCGSHLVEALYLVCGERGFFYTPKTRREAEDLQVGQVELGGGPGAGSLQPLALEGSLQKRGIVEQCCTSICSLYQLENYCN;PROINSULIN;I;78.0;85.0
;CSLYQLENYCN;FVNQHLCGSHLVEALYLVCGERGFFYTPKTRREAEDLQVGQVELGGGPGAGSLQPLALEGSLQKRGIVEQCCTSICSLYQLENYCN;PROINSULIN;I;74.0;85.0
;SICSLYQLENYCN;FVNQHLCGSHLVEALYLVCGERGFFYTPKTRREAEDLQVGQVELGGGPGAGSLQPLALEGSLQKRGIVEQCCTSICSLYQLENYCN;PROINSULIN;I;72.0;85.0
;CCTSICSLYQLENYCN;FVNQHLCGSHLVEALYLVCGERGFFYTPKTRREAEDLQVGQVELGGGPGAGSLQPLALEGSLQKRGIVEQCCTSICSLYQLENYCN;PROINSULIN;I;69.0;85.0
;QCCTSICSLYQLENYCN;FVNQHLCGSHLVEALYLVCGERGFFYTPKTRREAEDLQVGQVELGGGPGAGSLQPLALEGSLQKRGIVEQCCTSICSLYQLENYCN;PROINSULIN;I;68.0;85.0
;GIVEQCCTSICSLYQLENYCN;FVNQHLCGSHLVEALYLVCGERGFFYTPKTRREAEDLQVGQVELGGGPGAGSLQPLALEGSLQKRGIVEQCCTSICSLYQLENYCN;PROINSULIN;I;64.0;85.0
;RGIVEQCCTSICSLYQLENYCN;FVNQHLCGSHLVEALYLVCGERGFFYTPKTRREAEDLQVGQVELGGGPGAGSLQPLALEGSLQKRGIVEQCCTSICSLYQLENYCN;PROINSULIN;I;63.0;85.0
;SLQK;FVNQHLCGSHLVEALYLVCGERGFFYTPKTRREAEDLQVGQVELGGGPGAGSLQPLALEGSLQKRGIVEQCCTSICSLYQLENYCN;PROINSULIN;I;59.0;63.0
;FVNQHLCGSHLVEALYLVCGERGFFYTPKTRREAEDLQVGQVELGGGPGAGSLQPLALEG;FVNQHLCGSHLVEALYLVCGERGFFYTPKTRREAEDLQVGQVELGGGPGAGSLQPLALEGSLQKRGIVEQCCTSICSLYQLENYCN;PROINSULIN;I;-1.0;59.0
;FVNQHLCGSHLVEALYLVCGERGFFYTPKTRREAEDLQVGQVELGGGPGAGSLQPLAL;FVNQHLCGSHLVEALYLVCGERGFFYTPKTRREAEDLQVGQVELGGGPGAGSLQPLALEGSLQKRGIVEQCCTSICSLYQLENYCN;PROINSULIN;I;-1.0;57.0
;FVNQHLCGSHLVEALYLVCGERGFFYTPKTRREAEDLQVGQVELGGGPGAGSLQPL;FVNQHLCGSHLVEALYLVCGERGFFYTPKTRREAEDLQVGQVELGGGPGAGSLQPLALEGSLQKRGIVEQCCTSICSLYQLENYCN;PROINSULIN;I;-1.0;55.0
;FVNQHLCGSHLVEALYLVCGERGFFYTPKTRREAEDLQVGQVELGGGPGAGSLQP;FVNQHLCGSHLVEALYLVCGERGFFYTPKTRREAEDLQVGQVELGGGPGAGSLQPLALEGSLQKRGIVEQCCTSICSLYQLENYCN;PROINSULIN;I;-1.0;54.0
;FVNQHLCGSHLVEALYLVCGERGFFYTPKTRREAEDLQVGQVELGGGPG;FVNQHLCGSHLVEALYLVCGERGFFYTPKTRREAEDLQVGQVELGGGPGAGSLQPLALEGSLQKRGIVEQCCTSICSLYQLENYCN;PROINSULIN;I;-1.0;48.0
;FVNQHLCGSHLVEALYLVCGERGFFYTPKTRREAEDLQVGQVEL;FVNQHLCGSHLVEALYLVCGERGFFYTPKTRREAEDLQVGQVELGGGPGAGSLQPLALEGSLQKRGIVEQCCTSICSLYQLENYCN;PROINSULIN;I;-1.0;43.0
;FVNQHLCGSHLVEALYLVCGERGFFYTPKTRREAEDLQ;FVNQHLCGSHLVEALYLVCGERGFFYTPKTRREAEDLQVGQVELGGGPGAGSLQPLALEGSLQKRGIVEQCCTSICSLYQLENYCN;PROINSULIN;I;-1.0;37.0
;FVNQHLCGSHLVEALYLVCGERGFFYTPKTRREAE;FVNQHLCGSHLVEALYLVCGERGFFYTPKTRREAEDLQVGQVELGGGPGAGSLQPLALEGSLQKRGIVEQCCTSICSLYQLENYCN;PROINSULIN;I;-1.0;34.0
;FVNQHLCGSHLVEALYLVCGERGFFYTPKTRREA;FVNQHLCGSHLVEALYLVCGERGFFYTPKTRREAEDLQVGQVELGGGPGAGSLQPLALEGSLQKRGIVEQCCTSICSLYQLENYCN;PROINSULIN;I;-1.0;33.0
;FVNQHLCGSHLVEALYLVCGERGFFYTPKTRRE;FVNQHLCGSHLVEALYLVCGERGFFYTPKTRREAEDLQVGQVELGGGPGAGSLQPLALEGSLQKRGIVEQCCTSICSLYQLENYCN;PROINSULIN;I;-1.0;32.0
;FVNQHLCGSHLVEALYLVCGERGFFYTPKTR;FVNQHLCGSHLVEALYLVCGERGFFYTPKTRREAEDLQVGQVELGGGPGAGSLQPLALEGSLQKRGIVEQCCTSICSLYQLENYCN;PROINSULIN;I;-1.0;30.0
;FVNQHLCGSHLVEALYLVCGERGFFYTPKT;FVNQHLCGSHLVEALYLVCGERGFFYTPKTRREAEDLQVGQVELGGGPGAGSLQPLALEGSLQKRGIVEQCCTSICSLYQLENYCN;PROINSULIN;I;-1.0;29.0
;FVNQHLCGSHLVEALYLVCGERGFFYTPK;FVNQHLCGSHLVEALYLVCGERGFFYTPKTRREAEDLQVGQVELGGGPGAGSLQPLALEGSLQKRGIVEQCCTSICSLYQLENYCN;PROINSULIN;I;-1.0;28.0
;FVNQHLCGSHLVEALYLVCGERGFFYTP;FVNQHLCGSHLVEALYLVCGERGFFYTPKTRREAEDLQVGQVELGGGPGAGSLQPLALEGSLQKRGIVEQCCTSICSLYQLENYCN;PROINSULIN;I;-1.0;27.0
;FVNQHLCGSHLVEALYLVCGERGFFYT;FVNQHLCGSHLVEALYLVCGERGFFYTPKTRREAEDLQVGQVELGGGPGAGSLQPLALEGSLQKRGIVEQCCTSICSLYQLENYCN;PROINSULIN;I;-1.0;26.0
;FVNQHLCGSHLVEALYLVCGERGFFY;FVNQHLCGSHLVEALYLVCGERGFFYTPKTRREAEDLQVGQVELGGGPGAGSLQPLALEGSLQKRGIVEQCCTSICSLYQLENYCN;PROINSULIN;I;-1.0;25.0
;FVNQHLCGSHLVEALYLVCGERGFF;FVNQHLCGSHLVEALYLVCGERGFFYTPKTRREAEDLQVGQVELGGGPGAGSLQPLALEGSLQKRGIVEQCCTSICSLYQLENYCN;PROINSULIN;I;-1.0;24.0
;FVNQHLCGSHLVEALYLVCGER;FVNQHLCGSHLVEALYLVCGERGFFYTPKTRREAEDLQVGQVELGGGPGAGSLQPLALEGSLQKRGIVEQCCTSICSLYQLENYCN;PROINSULIN;I;-1.0;21.0
;FVNQHLCGSHLVEALYLVCG;FVNQHLCGSHLVEALYLVCGERGFFYTPKTRREAEDLQVGQVELGGGPGAGSLQPLALEGSLQKRGIVEQCCTSICSLYQLENYCN;PROINSULIN;I;-1.0;19.0
;FVNQHLCGSHLVEALYLVC;FVNQHLCGSHLVEALYLVCGERGFFYTPKTRREAEDLQVGQVELGGGPGAGSLQPLALEGSLQKRGIVEQCCTSICSLYQLENYCN;PROINSULIN;I;-1.0;18.0
;FVNQHLCGSHLVEALYLV;FVNQHLCGSHLVEALYLVCGERGFFYTPKTRREAEDLQVGQVELGGGPGAGSLQPLALEGSLQKRGIVEQCCTSICSLYQLENYCN;PROINSULIN;I;-1.0;17.0
;FVNQHLCGSHLVEALYL;FVNQHLCGSHLVEALYLVCGERGFFYTPKTRREAEDLQVGQVELGGGPGAGSLQPLALEGSLQKRGIVEQCCTSICSLYQLENYCN;PROINSULIN;I;-1.0;16.0
;FVNQHLCGSHLVEALY;FVNQHLCGSHLVEALYLVCGERGFFYTPKTRREAEDLQVGQVELGGGPGAGSLQPLALEGSLQKRGIVEQCCTSICSLYQLENYCN;PROINSULIN;I;-1.0;15.0
;FVNQHLCGSHLVEAL;FVNQHLCGSHLVEALYLVCGERGFFYTPKTRREAEDLQVGQVELGGGPGAGSLQPLALEGSLQKRGIVEQCCTSICSLYQLENYCN;PROINSULIN;I;-1.0;14.0
;FVNQHLCGSHLVEA;FVNQHLCGSHLVEALYLVCGERGFFYTPKTRREAEDLQVGQVELGGGPGAGSLQPLALEGSLQKRGIVEQCCTSICSLYQLENYCN;PROINSULIN;I;-1.0;13.0
;FVNQHLCGSHLVE;FVNQHLCGSHLVEALYLVCGERGFFYTPKTRREAEDLQVGQVELGGGPGAGSLQPLALEGSLQKRGIVEQCCTSICSLYQLENYCN;PROINSULIN;I;-1.0;12.0
;FVNQHLCGSHL;FVNQHLCGSHLVEALYLVCGERGFFYTPKTRREAEDLQVGQVELGGGPGAGSLQPLALEGSLQKRGIVEQCCTSICSLYQLENYCN;PROINSULIN;I;-1.0;10.0
;YFK;SASETSEKRPFMCAYPGCNKRYFK;WT1 313-336;I;20.0;23.0
;PGCNKRYFK;SASETSEKRPFMCAYPGCNKRYFK;WT1 313-336;I;14.0;23.0
;AYPGCNKRYFK;SASETSEKRPFMCAYPGCNKRYFK;WT1 313-336;I;12.0;23.0
;CAYPGCNKRYFK;SASETSEKRPFMCAYPGCNKRYFK;WT1 313-336;I;11.0;23.0
;SASETSEKRPFM;SASETSEKRPFMCAYPGCNKRYFK;WT1 313-336;I;-1.0;11.0
;SASETSEKRPFMC;SASETSEKRPFMCAYPGCNKRYFK;WT1 313-336;I;-1.0;12.0
;SASETSEKRPFMCAY;SASETSEKRPFMCAYPGCNKRYFK;WT1 313-336;I;-1.0;14.0
;TGSTAVPYGSFKHVDT;TGSTAVPYGSFKHVDTRLQ;RU1;I;-1.0;15.0
;PYGSFKHVDTRLQ;TGSTAVPYGSFKHVDTRLQ;RU1;I;5.0;18.0
;TGSTAVPYGSFKHV;TGSTAVPYGSFKHVDTRLQ;RU1;I;-1.0;13.0
;LSRKVAELVHF;LSRKVAELVHFLLLKYRAR;MAGE-A3_I;I;-1.0;10.0
;LLLKYRAR;LSRKVAELVHFLLLKYRAR;MAGE-A3_I;I;10.0;18.0
;LSRKVAELVHFL;LSRKVAELVHFLLLKYRAR;MAGE-A3_I;I;-1.0;11.0
;LLKYRAR;LSRKVAELVHFLLLKYRAR;MAGE-A3_I;I;11.0;18.0
;LSRKVAELVHFLL;LSRKVAELVHFLLLKYRAR;MAGE-A3_I;I;-1.0;12.0
;LKYRAR;LSRKVAELVHFLLLKYRAR;MAGE-A3_I;I;12.0;18.0
;LSRKVAELVHFLLL;LSRKVAELVHFLLLKYRAR;MAGE-A3_I;I;-1.0;13.0
;KYRAR;LSRKVAELVHFLLLKYRAR;MAGE-A3_I;I;13.0;18.0
;LSRKV;LSRKVAELVHFLLLKYRAR;MAGE-A3_I;I;-1.0;4.0
;AELVHFLLLKYRAR;LSRKVAELVHFLLLKYRAR;MAGE-A3_I;I;4.0;18.0
;MVSV;MVSVSPPEEHAMPIGRIAECILGMNPSRDV;TEL-AML1 319-348;I;-1.0;3.0
;MVSVSPPEEHAMPIGRIAEC;MVSVSPPEEHAMPIGRIAECILGMNPSRDV;TEL-AML1 319-348;I;-1.0;19.0
;MVSVSPPEEHAMPIGRI;MVSVSPPEEHAMPIGRIAECILGMNPSRDV;TEL-AML1 319-348;I;-1.0;16.0
;MVSVSPPEEHAMPIGRIAECILGM;MVSVSPPEEHAMPIGRIAECILGMNPSRDV;TEL-AML1 319-348;I;-1.0;23.0
;SPPEEHAMPIGRI;MVSVSPPEEHAMPIGRIAECILGMNPSRDV;TEL-AML1 319-348;I;3.0;16.0
;SPPEEHAMPIGRIAE;MVSVSPPEEHAMPIGRIAECILGMNPSRDV;TEL-AML1 319-348;I;3.0;18.0
;SPPEEHAMPIGRIAEC;MVSVSPPEEHAMPIGRIAECILGMNPSRDV;TEL-AML1 319-348;I;3.0;19.0
;SPPEEHAMPIGRIAECIL;MVSVSPPEEHAMPIGRIAECILGMNPSRDV;TEL-AML1 319-348;I;3.0;21.0
;PPEEHAMPIGRIAEC;MVSVSPPEEHAMPIGRIAECILGMNPSRDV;TEL-AML1 319-348;I;4.0;19.0
;PIGRIAECIL;MVSVSPPEEHAMPIGRIAECILGMNPSRDV;TEL-AML1 319-348;I;11.0;21.0
;IAECILGMNPSRDV;MVSVSPPEEHAMPIGRIAECILGMNPSRDV;TEL-AML1 319-348;I;15.0;29.0
;AECILGMNPSRDV;MVSVSPPEEHAMPIGRIAECILGMNPSRDV;TEL-AML1 319-348;I;16.0;29.0
;CILGMNPSRDV;MVSVSPPEEHAMPIGRIAECILGMNPSRDV;TEL-AML1 319-348;I;18.0;29.0
;ILGMNPSRDV;MVSVSPPEEHAMPIGRIAECILGMNPSRDV;TEL-AML1 319-348;I;19.0;29.0
;LGMNPSRDV;MVSVSPPEEHAMPIGRIAECILGMNPSRDV;TEL-AML1 319-348;I;20.0;29.0
;GMNPSRDV;MVSVSPPEEHAMPIGRIAECILGMNPSRDV;TEL-AML1 319-348;I;21.0;29.0
;SLYSFPEPEAAQPMTKKR;WTVWSGNRASLYSFPEPEAAQPMTKKR;PRAME 133–159;I;8.0;26.0
;SGNRASLYSFPEPEAAQPMTKKR;WTVWSGNRASLYSFPEPEAAQPMTKKR;PRAME 133–159;I;3.0;26.0
;YSFPEPEA;WTVWSGNRASLYSFPEPEAAQPMTKKR;PRAME 133–159;I;10.0;18.0
;LYSFPEPEA;WTVWSGNRASLYSFPEPEAAQPMTKKR;PRAME 133–159;I;9.0;18.0
;SLYSFPEPEA;WTVWSGNRASLYSFPEPEAAQPMTKKR;PRAME 133–159;I;8.0;18.0
;SGNRASLYSFPEPEA;WTVWSGNRASLYSFPEPEAAQPMTKKR;PRAME 133–159;I;3.0;18.0
;WTVWSGNRASLYSFPEPEA;WTVWSGNRASLYSFPEPEAAQPMTKKR;PRAME 133–159;I;-1.0;18.0
;WTVWSGNRASL;WTVWSGNRASLYSFPEPEAAQPMTKKR;PRAME 133–159;I;-1.0;10.0
;WTVWSGNRA;WTVWSGNRASLYSFPEPEAAQPMTKKR;PRAME 133–159;I;-1.0;8.0
;WTVW;WTVWSGNRASLYSFPEPEAAQPMTKKR;PRAME 133–159;I;-1.0;3.0
;DSLFFLRGRLDQL;SQFLSLQCLQALYVDSLFFLRGRLDQL;PRAME 290-316;I;13.0;26.0
;FFL;SQFLSLQCLQALYVDSLFFLRGRLDQL;PRAME 290-316;I;16.0;19.0
;SLFFL;SQFLSLQCLQALYVDSLFFLRGRLDQL;PRAME 290-316;I;14.0;19.0
;DSLFFL;SQFLSLQCLQALYVDSLFFLRGRLDQL;PRAME 290-316;I;13.0;19.0
;LYVDSLFFL;SQFLSLQCLQALYVDSLFFLRGRLDQL;PRAME 290-316;I;10.0;19.0
;ALYVDSLFFL;SQFLSLQCLQALYVDSLFFLRGRLDQL;PRAME 290-316;I;9.0;19.0
;QALYVDSLFFL;SQFLSLQCLQALYVDSLFFLRGRLDQL;PRAME 290-316;I;8.0;19.0
;QALYVDSL;SQFLSLQCLQALYVDSLFFLRGRLDQL;PRAME 290-316;I;8.0;16.0
;LQALYVDSL;SQFLSLQCLQALYVDSLFFLRGRLDQL;PRAME 290-316;I;7.0;16.0
;LQALYVD;SQFLSLQCLQALYVDSLFFLRGRLDQL;PRAME 290-316;I;7.0;14.0
;LQALYV;SQFLSLQCLQALYVDSLFFLRGRLDQL;PRAME 290-316;I;7.0;13.0
;SQFLSLQC;SQFLSLQCLQALYVDSLFFLRGRLDQL;PRAME 290-316;I;-1.0;7.0
;SQFLSL;SQFLSLQCLQALYVDSLFFLRGRLDQL;PRAME 290-316;I;-1.0;5.0
;EEASSASSTLYL;EEASSASSTLYLVFSPSSF;MAGE-C2_I;I;-1.0;11.0
;VFSPSSF;EEASSASSTLYLVFSPSSF;MAGE-C2_I;I;11.0;18.0
;EEASSASSTLYLVF;EEASSASSTLYLVFSPSSF;MAGE-C2_I;I;-1.0;13.0
;SPSSF;EEASSASSTLYLVFSPSSF;MAGE-C2_I;I;13.0;18.0
;EEASS;EEASSASSTLYLVFSPSSF;MAGE-C2_I;I;-1.0;4.0
;ASSTLYLVFSPSSF;EEASSASSTLYLVFSPSSF;MAGE-C2_I;I;4.0;18.0
;GLALIEVGPDHF;LKRAREFMELLFGLALIEVGPDHF;MAGE-C2_I;I;11.0;23.0
;FGLALIEVGPDHF;LKRAREFMELLFGLALIEVGPDHF;MAGE-C2_I;I;10.0;23.0
;ALIEVGPDHF;LKRAREFMELLFGLALIEVGPDHF;MAGE-C2_I;I;13.0;23.0
;IEVGPDHF;LKRAREFMELLFGLALIEVGPDHF;MAGE-C2_I;I;15.0;23.0
;GPDHF;LKRAREFMELLFGLALIEVGPDHF;MAGE-C2_I;I;18.0;23.0
;LKDVEERVQATID;SWYKDALKDVEERVQATID;MAGE-C2_I;I;5.0;18.0
;KLSTNSHSTKVKA;AYISSVAYGRQVYLKLSTNSHSTKVKA;LLO 291-317;I;13.0;26.0
;VAYGRQV;AYISSVAYGRQVYLKLSTNSHSTKVKA;LLO 291-317;I;4.0;11.0
;VAYGRQVYL;AYISSVAYGRQVYLKLSTNSHSTKVKA;LLO 291-317;I;4.0;13.0
;SSVAYGRQVYL;AYISSVAYGRQVYLKLSTNSHSTKVKA;LLO 291-317;I;2.0;13.0
;AYISSVAYGRQVYL;AYISSVAYGRQVYLKLSTNSHSTKVKA;LLO 291-317;I;-1.0;13.0
;AYI;AYISSVAYGRQVYLKLSTNSHSTKVKA;LLO 291-317;I;-1.0;2.0
;AYISS;AYISSVAYGRQVYLKLSTNSHSTKVKA;LLO 291-317;I;-1.0;4.0
